game,series,start,end,winner,tosswinner,descisiontobat,margin,isinnningswin,iswinbyruns,team1,team2,hometeam,team1captain,team2captain,venue
100220,8393,1726718400000,1727064000000,2,6,False,280,False,True,2,6,2,576,9864,11
100229,8393,1727409600000,1727755200000,2,2,False,7,False,False,2,6,2,576,9864,32
100265,8395,1729051200000,1729396800000,13,2,True,8,False,False,2,13,2,576,8216,27
100272,8395,1729742400000,1730088000000,13,13,True,113,False,True,2,13,2,576,8216,287
100274,8395,1730433600000,1730779200000,13,13,True,25,False,True,2,13,2,576,8216,81
101027,8495,1724216400000,1724562000000,6,6,False,10,False,False,3,6,3,9545,9864,25
101032,8495,1724994000000,1725339600000,6,6,False,6,False,False,3,6,3,9545,9864,25
101039,8497,1728277200000,1728622800000,9,3,True,47,True,True,3,9,3,9545,11691,22
101043,8497,1728968400000,1729314000000,3,3,True,152,False,True,3,9,3,9545,6557,22
101045,8497,1729746000000,1730091600000,3,9,True,9,False,False,3,9,3,9545,6557,25
101053,8504,1737088200000,1737433800000,3,3,True,127,False,True,3,10,3,9545,1984,22
101058,8504,1737779400000,1738125000000,10,10,True,120,False,True,3,10,3,9545,1984,22
103285,8625,1725856200000,1726185600000,0,0,False,0,False,False,96,13,96,8277,1057,438
105762,8786,1750413600000,1750759200000,9,9,False,5,False,False,9,2,9,6557,11808,66
105770,8786,1751450400000,1751796000000,2,9,False,336,False,True,9,2,9,6557,11808,20
105772,8786,1752141600000,1752487200000,9,9,True,22,False,True,9,2,9,6557,11808,19
105778,8786,1753264800000,1753610400000,0,9,False,0,False,False,9,2,9,6557,11808,65
105780,8786,1753956000000,1754301600000,2,9,False,6,False,True,9,2,9,11691,11808,12
105962,8818,1726633800000,1727065800000,5,5,True,63,False,True,5,13,5,7872,1057,113
105964,8818,1727325000000,1727670600000,5,5,True,154,True,True,5,13,5,7872,1057,113
106673,8881,1749634200000,1749979800000,11,11,False,5,False,False,11,4,0,8583,8095,19
10688,2063,1320827400000,1321173000000,11,0,False,8,False,False,11,4,11,207,138,52
10689,2063,1321516800000,1321862400000,4,0,False,2,False,False,11,4,11,207,138,88
10690,2064,1323937800000,1324283400000,11,0,False,81,True,True,11,5,11,207,105,75
10691,2064,1324886400000,1325232000000,5,0,False,208,False,True,11,5,11,207,105,74
10692,2064,1325579400000,1325925000000,11,0,False,10,False,False,11,5,11,207,105,52
10705,2065,1314765000000,1315110600000,4,0,False,125,False,True,5,4,5,105,138,113
10706,2065,1315456200000,1315801800000,0,0,False,0,False,False,5,4,5,105,138,254
10707,2065,1316147400000,1316493000000,0,0,False,0,False,False,5,4,5,105,138,14
10709,2068,1322697660000,1323043260000,4,0,False,9,False,False,4,13,4,138,521,35
10710,2068,1323387000000,1323732600000,13,0,False,7,False,True,4,13,4,138,521,39
10711,2069,1324855800000,1325201400000,4,0,False,122,False,True,4,2,4,138,265,87
10712,2069,1325547000000,1325892600000,4,0,False,68,True,True,4,2,4,138,265,34
10713,2069,1326421800000,1326767400000,4,0,False,37,True,True,4,2,4,138,265,38
10714,2069,1327363260000,1327708860000,4,0,False,298,False,True,4,2,4,138,26,40
10745,2078,1327527000000,1327872600000,13,0,False,301,True,True,13,12,13,521,180,44
10757,2079,1331069400000,1331415000000,0,0,False,0,False,False,11,13,13,207,521,116
10758,2079,1331760600000,1332106200000,11,0,False,9,False,False,11,13,13,207,521,100
10759,2079,1332451800000,1332797400000,0,0,False,0,False,False,11,13,13,207,521,45
10797,2083,1332736200000,1333081800000,5,0,False,75,False,True,5,9,5,101,167,113
10798,2083,1333427400000,1333773000000,9,0,False,8,False,False,5,9,5,101,167,71
10805,2085,1312444800000,1312790400000,12,0,False,130,False,True,12,6,12,180,544,69
108417,9033,1729483200000,1729828800000,11,6,True,7,False,False,6,11,6,9864,9582,128
10842,2088,1314862200000,1315207800000,3,0,False,7,False,False,12,3,12,180,274,70
108425,9033,1730174400000,1730520000000,11,11,True,273,True,True,6,11,6,9864,9582,93
10857,2092,1320134400000,1320480000000,13,0,False,34,False,True,12,13,12,180,521,70
10858,2093,1318917600000,1319263200000,0,0,False,0,False,False,3,5,3,274,105,94
10859,2093,1319608800000,1319954400000,3,0,False,9,False,False,3,5,3,274,105,153
10860,2093,1320300000000,1320645600000,0,0,False,0,False,False,3,5,3,274,105,140
108787,9107,1763691600000,1764037200000,4,9,True,8,False,False,4,9,4,2250,6557,512
108793,9107,1764820800000,1765166400000,4,9,True,8,False,False,4,9,4,2250,6557,35
108801,9107,1765927800000,1766273400000,4,4,True,82,False,True,4,9,4,8095,6557,40
108809,9107,1766705400000,1767051000000,9,9,False,4,False,False,4,9,4,2250,6557,87
108811,9107,1767483000000,1767828600000,0,0,False,0,False,False,4,9,4,8095,6557,34
109351,9171,1735200000000,1735545600000,0,12,True,0,False,False,12,96,12,6334,8277,70
109355,9171,1735804800000,1736150400000,96,12,False,72,False,True,12,96,12,6334,8277,70
109383,9181,1738125000000,1738470600000,4,4,True,242,True,True,5,4,5,7872,2250,113
109390,9181,1738816200000,1739161800000,4,5,True,9,False,False,5,4,5,7872,2250,113
11046,2102,1326780000000,1327125600000,3,0,False,10,False,False,3,9,3,274,167,153
11047,2102,1327471200000,1327816800000,3,0,False,72,False,True,3,9,3,274,167,94
11048,2102,1328248800000,1328594400000,3,0,False,71,False,True,3,9,3,274,167,153
11060,2103,1319167800000,1319513400000,0,0,False,0,False,False,6,10,6,394,253,93
11061,2103,1319859000000,1320204600000,10,0,False,229,False,True,6,10,6,394,253,128
11066,2105,1320552000000,1320897600000,2,0,False,5,False,False,2,10,2,265,253,51
11067,2105,1321241400000,1321587000000,2,0,False,15,True,True,2,10,2,265,253,31
11068,2105,1321934400000,1322280000000,0,0,False,0,False,False,2,10,2,265,253,81
11078,2106,1323401400000,1323747000000,3,0,False,184,True,True,6,3,6,394,274,93
11079,2106,1324092600000,1324438200000,3,0,False,7,False,False,6,3,6,394,274,128
11127,2110,1333807200000,1334152800000,4,0,False,3,False,False,10,4,10,253,138,55
11128,2110,1334498400000,1334844000000,0,0,False,0,False,False,10,4,10,253,138,54
11129,2110,1335189600000,1335535200000,4,0,False,75,False,True,10,4,10,253,138,106
11130,2111,1337248800000,1337594400000,9,0,False,5,False,False,9,10,9,167,253,19
11131,2111,1337940000000,1338285600000,9,0,False,9,False,False,9,10,9,167,253,18
11132,2111,1339063200000,1339408800000,0,0,False,0,False,False,9,10,9,167,253,20
11143,2113,1342692000000,1343037600000,11,0,False,12,True,True,9,11,9,167,207,12
11144,2113,1343901600000,1344247200000,0,0,False,0,False,False,9,11,9,167,207,66
11145,2113,1345111200000,1345456800000,11,0,False,51,False,True,9,11,9,167,207,19
112472,9331,1738828800000,1739174400000,27,27,True,63,False,True,12,27,12,25035,6710,70
11322,2122,1343224800000,1343570400000,10,0,False,9,False,False,10,13,10,253,521,109
11323,2122,1343919600000,1344265200000,10,0,False,5,False,False,10,13,10,253,521,57
11333,2124,1340341200000,1340686800000,5,0,False,209,False,True,5,3,5,101,360,113
11334,2124,1341030600000,1341376200000,0,0,False,0,False,False,5,3,5,101,274,14
11335,2124,1341721800000,1342067400000,0,0,False,0,False,False,5,3,5,101,274,254
11342,2126,1345694400000,1346040000000,2,0,False,115,True,True,2,13,2,265,521,80
11343,2126,1346385600000,1346731200000,2,0,False,5,False,False,2,13,2,265,521,27
11346,2127,1352952000000,1353297600000,2,0,False,9,False,False,2,9,2,265,488,50
11347,2127,1353643200000,1353988800000,9,0,False,10,False,False,2,9,2,265,488,81
11348,2127,1354678200000,1355023800000,9,0,False,7,False,False,2,9,2,265,488,31
11349,2127,1355371200000,1355716800000,0,0,False,0,False,False,2,9,2,265,488,228
11431,2139,1357115400000,1357461000000,11,0,False,28,True,True,11,13,11,207,201,52
11432,2139,1357891200000,1358236800000,11,0,False,193,True,True,11,13,11,207,201,73
11434,2140,1359707400000,1360053000000,11,0,False,211,False,True,11,3,11,207,274,88
11436,2140,1360830600000,1361176200000,11,0,False,4,False,False,11,3,11,207,274,52
11438,2140,1361521800000,1361867400000,11,0,False,18,True,True,11,3,11,207,274,75
11442,2141,1368698400000,1369044000000,9,0,False,170,False,True,9,13,9,488,201,19
11444,2141,1369389600000,1369735200000,9,0,False,247,False,True,9,13,9,488,201,66
11454,2193,1373450400000,1373796000000,9,0,False,14,False,True,9,4,9,488,138,18
11455,2193,1374141600000,1374487200000,9,0,False,347,False,True,9,4,9,488,138,19
11456,2193,1375351200000,1375696800000,0,0,False,0,False,False,9,4,9,488,138,65
11457,2193,1376042400000,1376388000000,9,0,False,74,False,True,9,4,9,488,138,60
11458,2193,1377079200000,1377424800000,0,0,False,0,False,False,9,4,9,488,138,12
114582,9408,1750860000000,1751205600000,4,4,True,159,False,True,10,4,10,11543,8095,55
114591,9408,1751551200000,1751896800000,4,4,True,133,False,True,10,4,10,11543,8095,101
114600,9408,1752345000000,1752690600000,4,4,True,176,False,True,10,4,10,11543,8095,57
11473,2144,1362519000000,1362864600000,0,0,False,0,False,False,13,9,13,201,488,116
11474,2144,1363210200000,1363555800000,0,0,False,0,False,False,13,9,13,201,488,45
11475,2144,1363901400000,1364247000000,0,0,False,0,False,False,13,9,13,201,488,41
11481,2145,1352419260000,1352764860000,0,0,False,0,False,False,4,11,4,138,207,35
11482,2145,1353542460000,1353888060000,0,0,False,0,False,False,4,11,4,138,207,40
11483,2145,1354242600000,1354588200000,11,0,False,309,False,True,4,11,4,138,207,38
11484,2146,1355441400000,1355787000000,4,0,False,137,False,True,4,5,4,138,101,39
11485,2146,1356478200000,1356823800000,4,0,False,201,True,True,4,5,4,138,101,87
11486,2146,1357169400000,1357515000000,4,0,False,5,False,False,4,5,4,138,101,34
11586,2153,1353126600000,1353472200000,5,0,False,10,False,False,5,13,5,101,521,113
11587,2153,1353817800000,1354163400000,13,0,False,167,False,True,5,13,5,101,521,71
116245,9514,1745121600000,1745467200000,12,6,True,3,False,False,6,12,6,9864,6334,379
116254,9514,1745812800000,1746158400000,6,12,True,106,True,True,6,12,6,9864,6334,93
116831,9578,1751097600000,1751443200000,11,11,True,328,False,True,12,11,12,6334,9720,70
116840,9578,1751788800000,1752134400000,11,12,False,236,True,True,12,11,12,6334,11200,70
116849,9584,1753862400000,1754208000000,13,12,True,9,False,False,12,13,12,6334,10100,70
116855,9584,1754553600000,1754899200000,13,12,True,359,True,True,12,13,12,6334,10100,70
11697,2163,1352777400000,1353123000000,10,0,False,77,False,True,6,10,6,394,253,128
11698,2163,1353468600000,1353814200000,10,0,False,10,False,False,6,10,6,394,253,104
117359,9629,1759377600000,1759723200000,2,10,True,140,True,True,2,10,2,11808,11543,50
117362,9629,1760068800000,1760414400000,2,2,True,7,False,False,2,10,2,11808,11543,51
117371,9638,1763092800000,1763438400000,11,11,True,30,False,True,2,11,2,11808,8583,31
117380,9638,1763782200000,1764127800000,11,11,True,408,False,True,2,11,2,10744,8583,380
11847,2194,1384992060000,1385337660000,4,0,False,381,False,True,4,9,4,138,488,35
11848,2194,1386201660000,1386547260000,4,0,False,218,False,True,4,9,4,138,488,40
11849,2194,1386901800000,1387247400000,4,0,False,150,False,True,4,9,4,138,488,38
11850,2194,1388014200000,1388359800000,4,0,False,8,False,False,4,9,4,138,488,87
11851,2194,1388705400000,1389051000000,4,0,False,281,False,True,4,9,4,138,488,34
11857,2168,1363096800000,1363442400000,10,0,False,9,False,False,10,12,10,253,180,55
11858,2168,1363788000000,1364133600000,10,0,False,65,True,True,10,12,10,253,180,106
118586,9809,1750134600000,1750480200000,0,6,True,0,False,False,5,6,5,7872,9864,113
118592,9809,1750825800000,1751171400000,5,6,True,78,True,True,5,6,5,7872,9864,14
11942,2171,1361505600000,1361851200000,2,0,False,8,False,False,2,4,2,265,138,11
11943,2171,1362196800000,1362542400000,2,0,False,135,True,True,2,4,2,265,138,80
11944,2171,1363233600000,1363579200000,2,0,False,6,False,False,2,4,2,265,138,46
11945,2171,1363924800000,1364270400000,2,0,False,6,False,False,2,4,2,265,158,51
12019,2175,1362717000000,1363062600000,0,0,False,0,False,False,5,6,5,1629,394,113
12020,2175,1363408200000,1363753800000,5,0,False,7,False,False,5,6,5,1629,394,15
12116,2182,1366185600000,1366531200000,12,0,False,335,False,True,12,6,12,180,394,69
12117,2182,1366876800000,1367222400000,6,0,False,143,False,True,12,6,12,180,394,69
122671,10223,1764626400000,1764972000000,0,10,False,0,False,False,13,10,13,8216,11543,371
122676,10223,1765317600000,1765663200000,13,13,False,9,False,False,13,10,13,8216,11543,45
122682,10223,1766008800000,1766354400000,13,13,True,323,False,True,13,10,13,8216,11543,393
12618,2205,1392193800000,1392539400000,4,0,False,281,False,True,11,4,11,207,138,75
12619,2205,1392885000000,1393230600000,11,0,False,231,False,True,11,4,11,207,138,73
12620,2205,1393662600000,1394008200000,4,0,False,245,False,True,11,4,11,207,138,52
12833,2218,1381730400000,1382076000000,3,0,False,7,False,False,11,3,3,207,274,94
12834,2218,1382508000000,1382853600000,11,0,False,92,True,True,3,11,3,274,207,153
12911,2224,1388469600000,1388815200000,0,0,False,0,False,False,3,5,3,274,1629,94
12912,2224,1389160800000,1389506400000,5,0,False,9,False,False,3,5,3,274,1629,153
12913,2224,1389852000000,1390197600000,3,0,False,5,False,False,3,5,3,274,1629,140
12920,2226,1378195200000,1378540800000,3,0,False,221,False,True,12,3,12,425,274,69
12921,2226,1378800000000,1379145600000,12,0,False,24,False,True,12,3,12,180,274,69
12938,2229,1386019800000,1386365400000,0,0,False,0,False,False,13,10,13,201,253,116
12939,2229,1386711000000,1387056600000,13,0,False,73,True,True,13,10,13,201,253,45
12940,2229,1387402200000,1387747800000,13,0,False,8,False,False,13,10,13,201,253,100
12973,2232,1391637600000,1391983200000,13,0,False,40,False,True,13,2,13,201,265,41
12974,2232,1392328800000,1392674400000,0,0,False,0,False,False,13,2,13,201,265,45
12975,2233,1404900000000,1405245600000,0,0,False,0,False,False,9,2,9,488,265,18
12976,2233,1405591200000,1405936800000,2,0,False,95,False,True,9,2,9,488,265,19
12977,2233,1406455200000,1406800800000,9,0,False,266,False,True,9,2,9,488,265,21
12978,2233,1407405600000,1407751200000,9,0,False,54,True,True,9,2,9,488,265,65
12979,2233,1408096800000,1408442400000,9,0,False,244,True,True,9,2,9,488,265,12
12999,2235,1402567200000,1402912800000,0,0,False,0,False,False,9,5,9,488,1629,19
13000,2235,1403258400000,1403604000000,5,0,False,100,False,True,9,5,9,488,1629,66
13001,2236,1381289400000,1381635000000,0,0,False,0,False,False,6,13,6,394,201,93
13002,2236,1382326200000,1382671800000,0,0,False,0,False,False,6,13,6,394,201,128
13079,2242,1383708600000,1384054200000,2,0,False,51,True,True,2,10,2,265,253,31
13080,2242,1384401600000,1384747200000,2,0,False,126,True,True,2,10,2,265,253,81
13123,2245,1387355400000,1387701000000,0,0,False,0,False,False,11,2,11,207,265,294
13124,2245,1388044800000,1388390400000,11,0,False,10,False,False,11,2,11,207,265,74
13136,2249,1390793400000,1391139000000,5,0,False,248,True,True,6,5,6,394,1629,128
13137,2249,1391484600000,1391830200000,0,0,False,0,False,False,6,5,6,394,1629,93
134353,10895,1760245200000,1760590800000,3,3,True,93,False,True,3,11,3,9545,9582,26
134359,10895,1760936400000,1761282000000,11,3,True,8,False,False,3,11,3,9545,9582,25
135041,10972,1762831800000,1763177400000,6,27,True,47,True,True,6,27,6,9864,6710,379
135046,10972,1763523000000,1763868600000,6,6,True,217,False,True,6,27,6,9864,6710,128
135450,11052,1760947200000,1761292800000,12,12,False,73,True,True,12,96,12,6334,8277,69
13611,2262,1418805000000,1419150600000,11,0,False,220,True,True,11,10,11,314,399,75
13612,2262,1419582600000,1419928200000,0,0,False,0,False,False,11,10,11,314,399,73
13613,2262,1420187400000,1420533000000,11,0,False,8,False,False,11,10,11,314,399,52
13627,2265,1413957600000,1414303200000,3,0,False,221,False,True,3,4,3,274,138,153
13628,2265,1414648800000,1414994400000,3,0,False,356,False,True,3,4,3,274,138,94
13665,2268,1405485000000,1405830600000,11,0,False,153,False,True,5,11,5,1629,314,113
13666,2268,1406176200000,1395981000000,0,0,False,0,False,False,5,11,5,1629,314,14
13667,2269,1402239600000,1402585200000,13,0,False,186,False,True,10,13,10,399,201,57
13668,2269,1402927200000,1403272800000,10,0,False,10,False,False,10,13,10,399,201,54
13669,2269,1403791200000,1404136800000,13,0,False,53,False,True,10,13,10,399,201,55
13676,2270,1409925600000,1410271200000,10,0,False,10,False,False,10,6,10,399,394,58
13677,2270,1410616800000,1410962400000,10,0,False,296,False,True,10,6,10,399,394,59
13720,2272,1407571200000,1407916800000,11,0,False,9,False,False,12,11,12,180,314,69
13734,2275,1415512800000,1415858400000,3,0,False,248,False,True,3,13,3,274,201,94
13735,2275,1416204000000,1416549600000,0,0,False,0,False,False,3,13,3,274,201,153
13736,2275,1416981600000,1417413600000,13,0,False,80,True,True,3,13,3,274,201,140
13743,2284,1432202400000,1432548000000,9,0,False,124,False,True,9,13,9,488,201,19
13744,2284,1432893600000,1433239200000,13,0,False,199,False,True,9,13,9,488,201,66
13751,2285,1436349600000,1436695200000,9,0,False,169,False,True,9,4,9,488,138,62
13752,2285,1437040800000,1437386400000,4,0,False,405,False,True,9,4,9,488,138,19
13753,2285,1438164000000,1438509600000,9,0,False,8,False,False,9,4,9,488,138,20
13754,2285,1438855200000,1439200800000,9,0,False,78,True,True,9,4,9,488,138,18
13755,2285,1440064800000,1440410400000,4,0,False,46,True,True,9,4,9,488,138,12
13796,2289,1407299400000,1407645000000,5,0,False,7,False,False,5,3,5,1629,274,113
13797,2289,1407990600000,1408336200000,5,0,False,105,False,True,5,3,5,1629,274,14
13804,2291,1419544800000,1419890400000,13,0,False,8,False,False,13,5,13,201,1629,371
13805,2291,1420236000000,1420581600000,13,0,False,193,False,True,13,5,13,201,1629,45
13840,2278,1418083140000,1418428740000,4,0,False,48,False,True,4,2,4,138,1413,40
13841,2278,1418774340000,1419119940000,4,0,False,4,False,False,4,2,4,2250,265,35
13842,2278,1419550200000,1419895800000,0,0,False,0,False,False,4,2,4,2250,265,87
13843,2278,1420500600000,1420846200000,0,0,False,0,False,False,4,2,4,2250,1413,34
13987,2304,1414209600000,1414555200000,6,0,False,3,False,False,6,12,6,394,180,128
13988,2304,1414985400000,1415331000000,6,0,False,162,False,True,6,12,6,394,180,104
13989,2304,1415763000000,1416108600000,6,0,False,186,False,True,6,12,6,394,180,93
14199,2320,1428933600000,1429279200000,0,0,False,0,False,False,10,9,10,399,488,109
14200,2320,1429624800000,1429970400000,9,0,False,9,False,False,10,9,10,399,488,101
14201,2320,1430488800000,1430834400000,10,0,False,5,False,False,10,9,10,399,488,55
14585,2328,1433340000000,1433685600000,4,0,False,9,False,False,10,4,10,399,138,106
14586,2328,1434034800000,1434380400000,4,0,False,277,False,True,10,4,10,399,138,57
14592,2329,1437449400000,1437795000000,0,0,False,0,False,False,6,11,6,394,314,93
14593,2329,1438227000000,1438572600000,0,0,False,0,False,False,6,11,6,394,314,128
14720,2334,1430193600000,1430539200000,0,0,False,0,False,False,6,3,6,394,274,104
14721,2334,1430884800000,1431230400000,3,0,False,328,False,True,6,3,6,394,274,128
14765,2280,1433908800000,1434254400000,0,0,False,0,False,False,6,2,6,394,1413,92
14769,2337,1434515400000,1434861000000,3,0,False,10,False,False,5,3,5,1629,274,113
14770,2337,1435206600000,1435552200000,5,0,False,7,False,False,5,3,5,1629,274,71
14771,2337,1435897800000,1436243400000,3,0,False,7,False,False,5,3,5,1629,274,254
14787,2341,1451116800000,1451462400000,9,0,False,241,False,True,11,9,11,314,488,74
14788,2341,1451723400000,1452069000000,0,0,False,0,False,False,11,9,11,314,488,52
14789,2341,1452760200000,1453105800000,9,0,False,7,False,False,11,9,11,370,488,294
14790,2341,1453451400000,1453797000000,11,0,False,280,False,True,11,9,11,370,488,75
14864,2348,1446681540000,1447027140000,4,0,False,208,False,True,4,13,4,2250,201,35
14865,2349,1449703800000,1450049400000,4,0,False,212,True,True,4,10,4,2250,8313,39
14866,2348,1447381800000,1447727400000,0,0,False,0,False,False,4,13,4,2250,201,38
14867,2349,1451086200000,1451431800000,4,0,False,177,False,True,4,10,4,2250,8313,87
14868,2349,1451777400000,1452123000000,0,0,False,0,False,False,4,10,4,2250,8313,34
14869,2348,1448595000000,1448940600000,4,0,False,3,False,False,4,13,4,2250,201,40
14874,2351,1439353800000,1439699400000,5,0,False,63,False,True,5,2,5,1629,1413,113
14875,2351,1440045000000,1440390600000,2,0,False,278,False,True,5,2,5,1629,1413,71
14876,2351,1440736200000,1441081800000,2,0,False,117,False,True,5,2,5,1629,1413,14
14903,2356,1444716000000,1445061600000,0,0,False,0,False,False,3,9,3,274,488,94
14904,2356,1445493600000,1445839200000,3,0,False,178,False,True,3,9,3,274,488,153
14905,2356,1446357600000,1446703200000,3,0,False,127,False,True,3,9,3,274,488,140
15069,2359,1446696000000,1447041600000,2,0,False,108,False,True,2,11,2,1413,314,46
15070,2359,1447473600000,1447819200000,0,0,False,0,False,False,2,11,2,1413,314,27
15071,2359,1448424000000,1448769600000,2,0,False,124,False,True,2,11,2,1413,314,29
15072,2359,1449115200000,1449460800000,2,0,False,337,False,True,2,11,2,1413,314,51
15338,2368,1463652000000,1463997600000,9,0,False,88,True,True,9,5,9,488,1629,66
15339,2368,1464343200000,1464688800000,9,0,False,9,False,False,9,5,9,488,1629,60
15340,2368,1465466400000,1465812000000,0,0,False,0,False,False,9,5,9,488,1629,19
15349,2370,1468490400000,1468836000000,3,0,False,75,False,True,9,3,9,488,274,19
15350,2370,1469181600000,1469527200000,9,0,False,330,False,True,9,3,9,488,274,65
15351,2370,1470218400000,1470564000000,9,0,False,141,False,True,9,3,9,488,274,20
15352,2370,1470909600000,1471255200000,3,0,False,10,False,False,9,3,9,488,274,12
15361,2372,1449696600000,1450042200000,13,0,False,122,False,True,13,5,13,201,1629,116
15362,2372,1450387800000,1450733400000,13,0,False,5,False,False,13,5,13,201,1629,100
15379,2374,1455226200000,1455571800000,4,0,False,52,True,True,13,4,13,201,2250,45
15380,2374,1455917400000,1456263000000,4,0,False,7,False,False,13,4,13,201,2250,371
15381,2375,1444797000000,1445142600000,5,0,False,6,True,True,5,10,5,1629,8313,113
15382,2375,1445488200000,1445833800000,5,0,False,72,False,True,5,10,5,1629,8313,71
15636,2395,1471593600000,1471939200000,0,0,False,0,False,False,11,13,11,7825,6326,74
15637,2395,1472284800000,1472630400000,11,0,False,204,False,True,11,13,11,7825,6326,75
15645,2398,1482739200000,1483084800000,11,0,False,206,False,True,11,5,11,7825,1629,73
15646,2398,1483345800000,1483691400000,11,0,False,282,False,True,11,5,11,7825,1629,52
15647,2398,1484208000000,1484553600000,11,0,False,118,True,True,11,5,11,7825,1629,294
16450,2438,1469507400000,1469853000000,5,0,False,106,False,True,5,4,5,1629,2250,254
16451,2438,1470285000000,1470630600000,5,0,False,229,False,True,5,4,5,1629,2250,113
16452,2438,1471062600000,1471408200000,5,0,False,163,False,True,5,4,5,1629,2250,14
16475,2443,1478140200000,1478485800000,11,0,False,177,False,True,4,11,4,2250,7825,38
16476,2443,1478907000000,1479252600000,11,0,False,80,True,True,4,11,4,2250,7825,39
16477,2443,1479958200000,1480303800000,4,0,False,7,False,False,4,11,4,2250,7825,40
16481,2445,1481770800000,1482116400000,4,0,False,39,False,True,4,3,4,2250,274,35
16482,2445,1482708600000,1483054200000,4,0,False,18,True,True,4,3,4,2250,274,87
16483,2445,1483399800000,1483745400000,4,0,False,220,False,True,4,3,4,2250,274,34
16666,2459,1484172000000,1484517600000,13,0,False,7,False,False,13,6,13,6326,394,45
16667,2459,1484863200000,1485208800000,13,0,False,9,False,False,13,6,13,6326,612,371
16668,2460,1479333600000,1479679200000,13,0,False,8,False,False,13,3,13,6326,274,371
16669,2460,1480024800000,1480370400000,13,0,False,138,False,True,13,3,13,6326,6633,100
16679,2462,1488924000000,1489269600000,0,0,False,0,False,False,13,11,13,6326,7825,116
16680,2462,1489615200000,1489960800000,11,0,False,8,False,False,13,11,13,6326,7825,45
16681,2462,1490392800000,1490738400000,0,0,False,0,False,False,13,11,13,6326,7825,100
16719,2469,1469109600000,1469455200000,2,0,False,92,True,True,10,2,10,8313,1413,109
16720,2469,1469890800000,1470236400000,0,0,False,0,False,False,10,2,10,8313,1413,57
16721,2469,1470751200000,1471096800000,2,0,False,237,False,True,10,2,10,8313,1413,59
16722,2469,1471528800000,1471874400000,0,0,False,0,False,False,10,2,10,8313,1413,54
16793,2473,1469691000000,1470036600000,13,0,False,117,True,True,12,13,12,278,6326,70
16794,2473,1470468600000,1470814200000,13,0,False,254,False,True,12,13,12,278,6326,70
16820,2481,1476936000000,1477281600000,9,0,False,22,False,True,6,9,6,394,488,93
16821,2481,1477627200000,1477972800000,6,0,False,108,False,True,6,9,6,394,488,128
16822,2482,1474516800000,1474862400000,2,0,False,197,False,True,2,13,2,1413,6326,32
16823,2482,1475208000000,1475553600000,2,0,False,178,False,True,2,13,2,1413,521,31
16824,2482,1475899200000,1476244800000,2,0,False,321,False,True,2,13,2,1413,6326,152
16851,2485,1499335200000,1499680800000,9,0,False,211,False,True,9,11,9,8019,2239,19
16852,2486,1502974800000,1503320400000,9,0,False,209,True,True,9,10,9,8019,8313,20
16853,2486,1503655200000,1504000800000,10,0,False,5,False,False,9,10,9,8019,8313,66
16854,2486,1504778400000,1505124000000,9,0,False,9,False,False,9,10,9,8019,8313,19
16868,2489,1478664000000,1479009600000,0,0,False,0,False,False,2,9,2,1413,488,290
16869,2489,1479355200000,1479700800000,2,0,False,246,False,True,2,9,2,1413,488,154
16870,2489,1480132800000,1480478400000,2,0,False,8,False,False,2,9,2,1413,488,46
16871,2489,1481169600000,1481515200000,2,0,False,36,True,True,2,9,2,1413,488,81
16872,2489,1481860800000,1482206400000,2,0,False,75,True,True,2,9,2,1413,488,11
16947,2496,1486612800000,1486958400000,2,0,False,208,False,True,2,6,2,1413,394,80
17008,2503,1476358200000,1476703800000,3,0,False,56,False,True,3,10,3,274,8313,153
17009,2503,1477029600000,1477375200000,3,0,False,133,False,True,3,10,3,274,8313,94
17010,2503,1477807200000,1478152800000,10,0,False,5,False,False,3,10,3,274,8313,140
17377,2519,1477728000000,1478073600000,5,0,False,225,False,True,12,5,12,278,277,69
17378,2519,1478419200000,1478764800000,5,0,False,257,False,True,12,5,12,278,277,69
17399,2524,1487822400000,1488168000000,4,0,False,333,False,True,2,4,2,1413,2250,287
17400,2524,1488600000000,1488945600000,2,0,False,75,False,True,2,4,2,1413,2250,27
17401,2524,1489636800000,1489982400000,0,0,False,0,False,False,2,4,2,1413,2250,291
17402,2524,1490414400000,1490760000000,2,0,False,8,False,False,2,4,2,1447,2250,155
17688,2538,1511395200000,1511740800000,4,0,False,10,False,False,4,9,4,2250,8019,35
17689,2538,1512185400000,1512531000000,4,0,False,120,False,True,4,9,4,2250,8019,40
17690,2538,1513218600000,1513564200000,4,0,False,41,True,True,4,9,4,2250,8019,38
17691,2538,1514244600000,1514590200000,0,0,False,0,False,False,4,9,4,2250,8019,87
17692,2538,1515022200000,1515367800000,4,0,False,123,True,True,4,9,4,2250,8019,34
17835,2546,1506585600000,1506931200000,11,0,False,333,False,True,11,6,11,7825,394,102
17836,2546,1507276800000,1507622400000,11,0,False,254,True,True,11,6,11,7825,394,72
17859,2549,1519891200000,1520236800000,4,0,False,118,False,True,11,4,11,7825,2250,74
17860,2549,1520582400000,1520928000000,11,0,False,6,False,False,11,4,11,7825,2250,73
17861,2549,1521707400000,1522053000000,11,0,False,322,False,True,11,4,11,7825,2250,52
17862,2549,1522396800000,1522742400000,11,0,False,492,False,True,11,4,11,7825,1994,294
17874,2552,1492786800000,1493132400000,3,0,False,7,False,False,10,3,10,8313,274,57
18182,2569,1488861000000,1489206600000,5,0,False,259,False,True,5,6,5,277,394,113
18183,2569,1489552200000,1489897800000,6,0,False,4,False,False,5,6,5,277,394,71
18201,2552,1493560800000,1493906400000,10,0,False,106,False,True,10,3,10,8313,274,55
18202,2552,1494424800000,1494770400000,3,0,False,101,False,True,10,3,10,8313,274,106
18297,2485,1500026400000,1500372000000,11,0,False,340,False,True,9,11,9,8019,7825,18
18298,2485,1501149600000,1501495200000,9,0,False,239,False,True,9,11,9,8019,7825,12
18317,2485,1501840800000,1502186400000,9,0,False,177,False,True,9,11,9,8019,7825,65
18375,2589,1503806400000,1504152000000,6,0,False,20,False,True,6,4,6,394,2250,128
18376,2589,1504497600000,1504843200000,4,0,False,7,False,False,6,4,6,394,2250,93
18382,2590,1500006600000,1500352200000,5,0,False,4,False,False,5,12,5,6245,278,15
18459,2597,1501043400000,1501389000000,2,0,False,304,False,True,5,2,5,277,1413,113
18460,2597,1501734600000,1502080200000,2,0,False,53,True,True,5,2,5,6245,1413,14
18461,2597,1502512200000,1502857800000,2,0,False,171,True,True,5,2,5,6245,1413,254
18595,2602,1512079200000,1512424800000,13,0,False,67,True,True,13,10,13,6326,8313,45
18596,2602,1512770400000,1513116000000,13,0,False,240,False,True,13,10,13,6326,1984,100
18620,2604,1521680400000,1522026000000,13,0,False,49,True,True,13,9,13,6326,8019,41
18868,2616,1527156000000,1527501600000,3,0,False,9,False,False,9,3,9,8019,881,19
18869,2616,1527847200000,1528192800000,9,0,False,55,True,True,9,3,9,8019,881,66
18883,2619,1533117600000,1533463200000,9,0,False,31,False,True,9,2,9,8019,1413,20
18884,2619,1533808800000,1534154400000,9,0,False,159,True,True,9,2,9,8019,1413,19
18885,2619,1534586400000,1534932000000,2,0,False,203,False,True,9,2,9,8019,1413,18
18886,2619,1535623200000,1535968800000,9,0,False,60,False,True,9,2,9,8019,1413,21
18887,2619,1536314400000,1536660000000,9,0,False,118,False,True,9,2,9,8019,1413,12
18962,2624,1506578400000,1506924000000,5,0,False,21,False,True,3,5,3,881,6245,94
18963,2624,1507284000000,1507629600000,5,0,False,68,False,True,3,5,3,881,6245,153
19157,2632,1515141000000,1515486600000,11,0,False,72,False,True,11,2,11,7825,1413,52
19158,2632,1515830400000,1516176000000,11,0,False,135,False,True,11,2,11,7825,1413,75
19159,2632,1516780800000,1517126400000,2,0,False,63,False,True,11,2,11,7825,1413,294
19184,2633,1514287800000,1514547000000,11,0,False,120,True,True,11,12,11,370,278,73
19187,2636,1508572800000,1508918400000,10,0,False,117,False,True,12,10,12,278,8313,70
19188,2636,1509264000000,1509609600000,0,0,False,0,False,False,12,10,12,278,8313,70
19190,2637,1510804800000,1511150400000,0,0,False,0,False,False,2,5,2,1413,6245,31
19191,2637,1511496000000,1511841600000,2,0,False,239,True,True,2,5,2,1413,6245,228
19192,2637,1512187200000,1512532800000,0,0,False,0,False,False,2,5,2,1413,6245,51
19295,2643,1526032800000,1526378400000,3,0,False,5,False,False,27,3,27,625,881,370
19345,2652,1528293600000,1528639200000,10,0,False,226,False,True,10,5,10,8313,6245,54
19346,2652,1528984800000,1529330400000,0,0,False,0,False,False,10,5,10,8313,6245,59
19347,2652,1529780400000,1530126000000,5,0,False,4,False,False,10,5,10,8313,1785,55
19355,2654,1517369400000,1517715000000,0,0,False,0,False,False,6,5,6,1121,6245,93
19356,2654,1518060600000,1518406200000,5,0,False,215,False,True,6,5,6,1121,6245,128
19955,2604,1522360800000,1522706400000,0,0,False,0,False,False,13,9,13,6326,8019,371
19956,2672,1528948800000,1529294400000,2,0,False,262,True,True,2,96,2,1447,3004,27
20142,2683,1541478600000,1541824200000,9,0,False,211,False,True,5,9,5,6245,8019,113
20143,2683,1542169800000,1542515400000,9,0,False,57,False,True,5,9,5,1785,8019,254
20144,2683,1542947400000,1543293000000,9,0,False,42,False,True,5,9,5,1785,8019,14
20164,2686,1531369800000,1531715400000,5,0,False,278,False,True,5,11,5,1785,7825,113
20165,2686,1532061000000,1532406600000,5,0,False,199,False,True,5,11,5,1785,7825,14
20194,2691,1545811200000,1546156800000,11,0,False,6,False,False,11,3,11,7825,881,75
20195,2692,1550044800000,1550390400000,5,0,False,1,False,False,11,5,11,7825,7952,74
20196,2692,1550736000000,1551081600000,5,0,False,8,False,False,11,5,11,7825,7952,73
20197,2691,1546504200000,1546849800000,11,0,False,9,False,False,11,3,11,7825,881,52
20199,2691,1547193600000,1547539200000,11,0,False,107,False,True,11,3,11,2239,881,88
20301,2699,1544054400000,1544400000000,2,0,False,31,False,True,4,2,4,1994,1413,40
20302,2699,1544754000000,1545099600000,4,0,False,146,False,True,4,2,4,1994,1413,512
20303,2699,1545780600000,1546126200000,2,0,False,137,False,True,4,2,4,1994,1413,87
20304,2699,1546471800000,1546817400000,0,0,False,0,False,False,4,2,4,1994,1413,34
20312,2701,1548298800000,1548644400000,4,0,False,40,True,True,4,5,4,1994,6245,35
20313,2701,1548977400000,1549323000000,4,0,False,366,False,True,4,5,4,1994,6245,123
20349,2709,1530712800000,1531058400000,10,0,False,219,True,True,10,6,10,8313,544,109
20350,2709,1531407600000,1531753200000,10,0,False,166,False,True,10,6,10,8313,544,57
20714,2729,1563962400000,1564221600000,9,0,False,143,False,True,9,27,9,8019,625,19
20715,2730,1564653600000,1564999200000,4,0,False,251,False,True,9,4,9,8019,1994,20
20716,2730,1565776800000,1566122400000,0,0,False,0,False,False,9,4,9,8019,1994,19
20717,2730,1566468000000,1566813600000,9,0,False,1,False,False,9,4,9,8019,1994,66
20718,2730,1567591200000,1567936800000,4,0,False,185,False,True,9,4,9,8019,1994,65
20719,2730,1568282400000,1568628000000,9,0,False,135,False,True,9,4,9,8019,1994,12
20753,2736,1542857400000,1543203000000,6,0,False,64,False,True,6,10,6,544,1984,93
20754,2736,1543548600000,1543894200000,6,0,False,184,True,True,6,10,6,544,1984,128
20775,2738,1541217600000,1541563200000,12,0,False,151,False,True,6,12,6,1121,425,379
20776,2738,1541907000000,1542252600000,6,0,False,218,False,True,6,12,6,1121,425,128
20777,2739,1544824800000,1545170400000,0,0,False,0,False,False,13,5,13,6326,6245,45
20778,2739,1545775200000,1546120800000,13,0,False,423,False,True,13,5,13,6326,6245,371
20794,2741,1551304800000,1551650400000,13,0,False,52,True,True,13,6,13,6326,1121,100
20795,2741,1551996000000,1552341600000,13,0,False,12,True,True,13,6,13,6326,1121,45
20796,2741,1552687200000,1553032800000,0,0,False,0,False,False,13,6,13,6326,1121,371
21204,2751,1538892000000,1539237600000,0,0,False,0,False,False,3,4,3,881,1994,153
21206,2751,1539669600000,1540015200000,3,0,False,373,False,True,3,4,3,881,1994,94
21208,2752,1542348000000,1542693600000,13,0,False,4,False,True,3,13,3,881,6326,94
21210,2752,1543039200000,1543384800000,3,0,False,16,True,True,3,13,3,881,6326,153
21212,2752,1543816800000,1544162400000,13,0,False,123,False,True,3,13,3,881,6326,94
21246,2754,1538625600000,1538971200000,2,0,False,272,True,True,2,10,2,1413,1984,290
21247,2754,1539316800000,1539662400000,2,0,False,10,False,False,2,10,2,1413,8313,80
21257,2755,1548252000000,1548597600000,10,0,False,381,False,True,10,9,10,8313,8019,55
21258,2755,1548943200000,1549288800000,10,0,False,10,False,False,10,9,10,8313,8019,109
21259,2755,1549720800000,1550066400000,9,0,False,232,False,True,10,9,10,1984,8019,59
21654,2779,1552624200000,1552969800000,96,0,False,7,False,False,96,27,96,3004,625,528
2217,229,1290643260000,1290988860000,0,0,False,0,False,False,4,9,4,38,167,35
2218,229,1291334460000,1291680060000,9,0,False,71,True,True,4,9,4,38,167,40
2219,229,1292466600000,1292812200000,4,0,False,267,False,True,4,9,4,38,167,38
2220,229,1293319800000,1293665400000,9,0,False,157,True,True,4,9,4,38,167,87
2221,229,1294097400000,1294443000000,9,0,False,83,True,True,4,9,4,138,167,34
2222,230,1274954400000,1275300000000,9,0,False,8,False,False,9,6,9,167,544,19
2223,230,1275645600000,1275991200000,9,0,False,80,True,True,9,6,9,167,544,65
2250,235,1276178400000,1276524000000,11,0,False,163,False,True,10,11,10,247,207,54
2251,235,1276869600000,1277215200000,0,0,False,0,False,False,10,11,10,247,207,96
22579,2828,1574294400000,1574640000000,4,0,False,5,True,True,4,3,4,1994,6633,35
22580,2828,1574998200000,1575331200000,4,0,False,48,True,True,4,3,4,1994,6633,40
22581,2829,1576126800000,1576472400000,4,0,False,296,False,True,4,13,4,1994,6326,512
22582,2829,1577316600000,1577662200000,4,0,False,247,False,True,4,13,4,1994,6326,87
22583,2829,1578007800000,1578353400000,4,0,False,279,False,True,4,13,4,1994,8216,34
2260,237,1279013400000,1279359000000,4,0,False,150,False,True,3,4,0,142,38,19
2261,237,1279704600000,1280050200000,3,0,False,3,False,False,3,4,0,143,38,66
2262,238,1280397600000,1280743200000,9,0,False,354,False,True,9,3,9,167,143,18
2263,238,1281088800000,1281434400000,9,0,False,9,False,False,9,3,9,167,143,20
2264,238,1282125600000,1282471200000,3,0,False,4,False,False,9,3,9,167,143,12
22648,2838,1577347200000,1577692800000,11,0,False,107,False,True,11,9,11,7825,8019,75
22649,2838,1578040200000,1578385800000,9,0,False,189,False,True,11,9,11,7825,8019,52
2265,238,1282816800000,1283162400000,9,0,False,225,True,True,9,3,9,167,143,19
22650,2838,1579161600000,1579507200000,9,0,False,53,True,True,11,9,11,7825,8019,73
22651,2838,1579852800000,1580198400000,9,0,False,191,False,True,11,9,11,7825,8019,88
22743,2845,1569988800000,1570320000000,2,0,False,203,False,True,2,11,2,1413,7825,154
22744,2845,1570680000000,1571011200000,2,0,False,137,True,True,2,11,2,1413,7825,287
22745,2845,1571457600000,1571788800000,2,0,False,202,True,True,2,11,2,1413,7825,291
22749,2846,1573704000000,1574035200000,2,0,False,130,True,True,2,6,2,1413,8219,152
22750,2846,1574407800000,1574726400000,2,0,False,46,True,True,2,6,2,1413,8219,31
22771,2851,1574287200000,1574553600000,13,0,False,65,True,True,13,9,13,6326,8019,393
22772,2851,1574978400000,1575244800000,0,0,False,0,False,False,13,9,13,6326,8019,100
22781,2852,1582237800000,1582583400000,13,0,False,10,False,False,13,2,13,6326,1413,45
22782,2852,1582929000000,1583274600000,13,0,False,7,False,False,13,2,13,6326,1413,371
22859,2856,1566480600000,1566826200000,2,0,False,318,False,True,10,2,10,8313,1413,109
22860,2856,1567175400000,1567521000000,2,0,False,257,False,True,10,2,10,8313,1413,57
22954,2867,1565757000000,1566102600000,5,0,False,6,False,False,5,13,5,7952,6326,113
22955,2867,1566448200000,1566793800000,13,0,False,65,True,True,5,13,5,7952,6326,71
22978,2871,1574827200000,1575158400000,10,0,False,9,False,False,96,10,96,10738,8313,485
2299,235,1277560800000,1277906400000,11,0,False,7,False,False,10,11,10,247,207,55
23191,2880,1567656000000,1568001600000,96,0,False,224,False,True,6,96,6,544,10738,93
2342,252,1279427400000,1279773000000,5,0,False,10,False,False,5,2,5,104,265,113
2343,252,1280118600000,1280464200000,0,0,False,0,False,False,5,2,5,104,265,14
2344,252,1280809800000,1281155400000,2,0,False,5,False,False,5,2,5,104,265,71
24140,2922,1576039500000,1576385100000,0,0,False,0,False,False,3,5,3,6633,7952,25
24141,2922,1576731600000,1577077200000,3,0,False,263,False,True,3,5,3,6633,7952,24
26548,3030,1579420800000,1579766400000,5,0,False,10,False,False,12,5,12,441,7952,69
26556,3030,1580112000000,1580457600000,0,0,False,0,False,False,12,5,12,441,7952,69
26592,3041,1581051600000,1581397200000,3,0,False,44,True,True,3,6,3,6633,8219,25
27009,3121,1582342200000,1582687800000,6,0,False,106,True,True,6,12,6,8219,6334,128
28897,2918,1585283400000,1585629000000,0,0,False,0,False,False,5,9,5,7952,8019,14
29053,2886,1594202400000,1594548000000,10,0,False,4,False,False,9,10,9,6557,8313,21
29054,2886,1594893600000,1595239200000,9,0,False,113,False,True,9,10,9,8019,8313,65
29058,2886,1595584800000,1595930400000,9,0,False,269,False,True,9,10,9,8019,8313,65
29074,2888,1596621600000,1596967200000,9,0,False,3,False,False,9,3,9,8019,6633,65
29079,2888,1597312800000,1597658400000,0,0,False,0,False,False,9,3,9,8019,6633,21
29084,2888,1598004000000,1598349600000,0,0,False,0,False,False,9,3,9,8019,6633,21
30554,3213,1608177600000,1608523200000,4,0,False,8,False,False,4,2,4,1994,1413,40
30555,3213,1608939000000,1609284600000,2,0,False,8,False,False,4,2,4,1994,1447,87
30844,3274,1606946400000,1607292000000,13,0,False,134,True,True,13,10,13,6326,8313,100
30845,3274,1607637600000,1607983200000,13,0,False,12,True,True,13,10,13,8216,8313,45
30859,3275,1608933600000,1609279200000,13,0,False,101,False,True,13,3,13,6326,9468,393
30860,3275,1609624800000,1609970400000,13,0,False,176,True,True,13,3,13,6326,9468,371
31623,3327,1608969600000,1609315200000,11,0,False,45,True,True,11,5,11,8520,7952,75
31628,3327,1609660800000,1610006400000,11,0,False,10,False,False,11,5,11,8520,7952,88
31647,3213,1609975800000,1610321400000,0,0,False,0,False,False,4,2,4,1994,1447,34
31648,3213,1610668800000,1611014400000,2,0,False,3,False,False,4,2,4,1994,1447,35
3201,1590,1230260400000,1230681600000,5,0,False,107,False,True,6,5,6,118,101,128
3202,1590,1230953400000,1231286400000,5,0,False,465,False,True,6,5,6,118,101,93
3203,1591,1229481000000,1229817600000,11,0,False,6,False,False,4,11,4,38,207,38
3204,1591,1230334200000,1230595200000,11,0,False,9,False,False,4,11,4,38,207,87
32047,3337,1628071200000,1628416800000,0,0,False,0,False,False,9,2,9,8019,1413,18
3205,1591,1231025400000,1231286400000,4,0,False,103,False,True,4,11,4,38,207,34
32052,3337,1628762400000,1629108000000,2,0,False,151,False,True,9,2,9,8019,1413,19
32057,3337,1629885600000,1630231200000,9,0,False,76,True,True,9,2,9,8019,1413,66
32058,3337,1630576800000,1630922400000,2,0,False,157,False,True,9,2,9,8019,1413,12
3206,1592,1235192400000,1235520000000,0,0,False,0,False,False,3,5,3,130,101,24
32062,3337,1631268000000,1631613600000,0,0,False,0,False,False,9,2,9,8019,1413,65
3207,1592,1235883600000,1236211200000,0,0,False,0,False,False,3,5,3,130,101,26
3208,1593,1233759600000,1234051200000,10,0,False,23,True,True,10,9,10,247,167,57
3209,1593,1234533600000,1234828800000,0,0,False,0,False,False,10,9,10,247,167,109
3210,1593,1234706400000,1235001600000,0,0,False,0,False,False,10,9,10,247,167,56
3211,1593,1235656800000,1235952000000,0,0,False,0,False,False,10,9,10,247,167,55
3212,1593,1236348000000,1236643200000,0,0,False,0,False,False,10,9,10,247,167,54
3213,1594,1235637000000,1235952000000,4,0,False,162,False,True,11,4,11,207,38,88
3214,1594,1236326400000,1236643200000,4,0,False,175,False,True,11,4,11,207,38,74
3215,1594,1237451400000,1237766400000,11,0,False,20,True,True,11,4,11,213,38,52
3216,1595,1237413600000,1237680000000,2,0,False,10,False,False,13,2,13,205,265,100
3217,1595,1238104800000,1238371200000,0,0,False,0,False,False,13,2,13,205,26,44
3218,1595,1238796000000,1239062400000,0,0,False,0,False,False,13,2,13,205,265,45
3219,1596,1241604000000,1241913600000,9,0,False,10,False,False,9,10,9,167,247,19
3220,1596,1242295200000,1242604800000,9,0,False,83,True,True,9,10,9,167,247,60
3221,1597,1247148000000,1247443200000,6,0,False,95,False,True,10,6,10,1982,323,58
3222,1597,1247839200000,1248134400000,6,0,False,4,False,False,10,6,10,1982,544,101
32227,3353,1611637200000,1611982800000,3,0,False,7,False,False,3,11,3,8359,8520,24
3223,1598,1246681800000,1247011200000,5,0,False,50,False,True,5,3,5,104,130,113
32232,3353,1612414800000,1612760400000,3,0,False,95,False,True,3,11,3,8359,8520,25
3224,1598,1247373000000,1247702400000,5,0,False,7,False,False,5,3,5,104,130,71
32243,3357,1610598600000,1610944200000,9,0,False,7,False,False,5,9,5,6245,8019,113
32248,3357,1611289800000,1611635400000,9,0,False,6,False,False,5,9,5,6245,8019,113
3225,1598,1248064200000,1248393600000,0,0,False,0,False,False,5,3,5,104,130,14
32253,3362,1612497600000,1612843200000,9,0,False,227,False,True,2,9,2,1413,8019,11
32257,3362,1613188800000,1613534400000,2,0,False,317,False,True,2,9,2,1413,8019,11
32258,3362,1614157200000,1614502800000,2,0,False,10,False,False,2,9,2,1413,8019,50
3226,1599,1247047200000,1247356800000,0,0,False,0,False,False,9,4,9,167,38,62
32262,3362,1614830400000,1615176000000,2,0,False,25,True,True,2,9,2,1413,8019,50
3227,1599,1247738400000,1248048000000,9,0,False,115,False,True,9,4,9,167,38,19
3228,1599,1248948000000,1249257600000,0,0,False,0,False,False,9,4,9,167,38,20
3229,1599,1249639200000,1249948800000,4,0,False,80,True,True,9,4,9,167,38,66
3230,1599,1250762400000,1251072000000,9,0,False,197,False,True,9,4,9,167,38,12
3231,1600,1250569800000,1250899200000,5,0,False,202,False,True,5,13,5,104,205,113
32312,3367,1612323000000,1612668600000,10,0,False,3,False,False,6,10,6,8219,1984,93
32313,3367,1613014200000,1613359800000,10,0,False,17,False,True,6,10,6,8219,1984,128
3232,1600,1251261000000,1251590400000,5,0,False,96,False,True,5,13,5,104,205,14
3233,1601,1258344000000,1258675200000,0,0,False,0,False,False,2,5,2,265,104,50
3234,1601,1259035200000,1259366400000,2,0,False,144,True,True,2,5,2,265,104,32
3235,1601,1259726400000,1260057600000,2,0,False,24,True,True,2,5,2,265,104,10
3236,1602,1259103600000,1259366400000,13,0,False,32,False,True,13,3,13,205,34,116
3237,1602,1259881200000,1260144000000,3,0,False,141,False,True,13,3,13,205,34,45
3238,1602,1260572400000,1260835200000,0,0,False,0,False,False,13,3,13,205,34,44
3239,1603,1259193600000,1259539200000,4,0,False,65,True,True,4,10,4,38,247,35
3240,1603,1259884800000,1260230400000,0,0,False,0,False,False,4,10,4,38,247,40
3241,1603,1260930600000,1261267200000,4,0,False,35,False,True,4,10,4,38,247,38
3242,1604,1260952200000,1261267200000,0,0,False,0,False,False,11,9,11,207,167,75
3243,1604,1261814400000,1262131200000,9,0,False,98,True,True,11,9,11,207,167,74
3244,1604,1262507400000,1262822400000,0,0,False,0,False,False,11,9,11,207,167,52
3245,1604,1263456000000,1263772800000,11,0,False,74,True,True,11,9,11,207,167,88
3246,1605,1261870200000,1262131200000,4,0,False,170,False,True,4,3,4,38,34,87
3247,1605,1262559600000,1262822400000,4,0,False,36,False,True,4,3,4,38,34,34
3248,1605,1263511800000,1263772800000,4,0,False,231,False,True,4,3,4,38,34,39
3284,1606,1263699000000,1264032000000,2,0,False,113,False,True,6,2,6,544,26,93
3285,1606,1264303800000,1264636800000,2,0,False,10,False,False,6,2,6,544,265,128
3286,1607,1265428800000,1265760000000,11,0,False,6,True,True,2,11,2,265,207,228
3287,1607,1266119100000,1266451200000,2,0,False,57,True,True,2,11,2,265,207,31
3288,1608,1266274800000,1266537600000,13,0,False,121,False,True,13,6,13,205,544,100
3289,1609,1268364600000,1268697600000,9,0,False,181,False,True,6,9,6,544,488,93
3290,1609,1269055800000,1269388800000,9,0,False,9,False,False,6,9,6,544,488,128
3291,1610,1269036000000,1269302400000,4,0,False,10,False,False,13,4,13,205,38,45
3292,1610,1269727200000,1269993600000,4,0,False,176,False,True,13,4,13,205,38,100
3341,1612,1289541600000,1289887200000,0,0,False,0,False,False,3,11,3,274,207,153
3342,1612,1290232800000,1290578400000,0,0,False,0,False,False,3,11,3,274,207,94
3346,1614,1285905600000,1286251200000,2,0,False,1,False,False,2,4,2,265,38,46
3347,1614,1286596800000,1286942400000,2,0,False,7,False,False,2,4,2,265,38,27
3351,1615,1288843200000,1289188800000,0,0,False,0,False,False,2,13,2,265,205,50
3352,1615,1289534400000,1289880000000,0,0,False,0,False,False,2,13,2,265,205,80
3353,1615,1290225600000,1290571200000,2,0,False,198,True,True,2,13,2,265,205,228
3358,1616,1292488200000,1292833800000,11,0,False,25,True,True,11,2,11,207,265,75
3359,1616,1293350400000,1293696000000,2,0,False,87,False,True,11,2,11,207,265,74
3360,1616,1293957000000,1294302600000,0,0,False,0,False,False,11,2,11,207,265,52
33806,3413,1622628000000,1622973600000,0,0,False,0,False,False,9,13,9,8019,6326,19
33810,3413,1623319200000,1623664800000,13,0,False,8,False,False,9,13,9,8019,8216,20
35102,3433,1614663000000,1615008600000,12,0,False,10,False,False,96,12,96,3004,441,94
35103,3433,1615354200000,1615699800000,96,0,False,6,False,False,96,12,96,3004,441,94
35207,3452,1616335200000,1616680800000,0,0,False,0,False,False,10,5,10,1984,7952,109
35212,3452,1617026400000,1617372000000,0,0,False,0,False,False,10,5,10,1984,7952,109
35607,3468,1624008600000,1624440600000,13,0,False,8,False,False,2,13,0,1413,6326,21
35842,3477,1618979400000,1619325000000,0,0,False,0,False,False,5,6,5,7952,8219,254
35847,3477,1619670600000,1620016200000,5,0,False,209,False,True,5,6,5,7952,8219,254
35877,3482,1646748000000,1647093600000,0,0,False,0,False,False,10,9,10,1984,8019,109
35878,3482,1647439200000,1647784800000,0,0,False,0,False,False,10,9,10,1984,8019,55
35882,3482,1648130400000,1648476000000,10,0,False,10,False,False,10,9,10,1984,8019,101
35897,3487,1619681400000,1620027000000,3,0,False,116,True,True,12,3,12,180,8359,69
35898,3487,1620372600000,1620718200000,3,0,False,147,True,True,12,3,12,180,8359,69
36232,3521,1623333600000,1623679200000,11,0,False,63,True,True,10,11,10,1984,2239,59
36236,3521,1624024800000,1624370400000,11,0,False,158,False,True,10,11,10,1984,2239,59
3626,1580,1210845600000,1211155200000,0,0,False,0,False,False,9,13,9,161,205,19
3627,1580,1211536800000,1211760000000,9,0,False,6,False,False,9,13,9,161,205,65
3628,1580,1212660000000,1212883200000,9,0,False,9,True,True,9,13,9,161,205,18
3629,1581,1211466600000,1211760000000,4,0,False,95,False,True,10,4,10,252,38,57
3630,1581,1212154200000,1212451200000,0,0,False,0,False,False,10,4,10,252,38,109
36301,3526,1628780400000,1629126000000,10,0,False,1,False,False,10,3,10,1984,8359,57
36302,3526,1629471600000,1629817200000,3,0,False,109,False,True,10,3,10,1984,8359,57
3631,1581,1213279200000,1213574400000,4,0,False,87,False,True,10,4,10,247,38,55
3632,1582,1215684000000,1215993600000,0,0,False,0,False,False,9,11,9,161,207,19
3633,1582,1216375200000,1216598400000,11,0,False,10,False,False,9,11,9,161,207,66
36332,3532,1638921600000,1639267200000,4,0,False,9,False,False,4,9,4,8095,8019,35
36336,3532,1639627200000,1639972800000,4,0,False,275,False,True,4,9,4,2250,8019,40
36337,3532,1640475000000,1640820600000,4,0,False,14,True,True,4,9,4,8095,8019,87
3634,1582,1217412000000,1217635200000,11,0,False,5,False,False,9,11,9,161,207,20
36341,3532,1641339000000,1641684600000,0,0,False,0,False,False,4,9,4,8095,8019,34
36346,3532,1642132800000,1642478400000,4,0,False,146,False,True,4,9,4,8095,8019,39
3635,1582,1218103200000,1218412800000,9,0,False,6,False,False,9,11,9,395,207,12
3636,1583,1216786500000,1217030400000,5,0,False,239,True,True,5,2,5,101,98,14
3637,1583,1217477700000,1217721600000,2,0,False,170,False,True,5,2,5,101,98,113
3638,1583,1218170700000,1218412800000,5,0,False,8,False,False,5,2,5,101,98,71
3639,1584,1224214200000,1224547200000,13,0,False,3,False,False,6,13,6,118,205,93
3640,1584,1224905400000,1225238400000,0,0,False,0,False,False,6,13,6,118,205,128
3641,1585,1223524800000,1223856000000,0,0,False,0,False,False,2,4,2,98,38,27
3642,1585,1224216000000,1224547200000,2,0,False,320,False,True,2,4,2,265,38,46
3643,1585,1225252800000,1225584000000,0,0,False,0,False,False,2,4,2,98,38,51
3644,1585,1225944000000,1226275200000,2,0,False,172,False,True,2,4,2,265,38,228
3645,1586,1227081600000,1227312000000,11,0,False,129,True,True,11,6,11,207,118,72
3646,1586,1227688200000,1227830400000,11,0,False,48,True,True,11,6,11,207,118,75
3647,1587,1227139200000,1227398400000,4,0,False,149,False,True,4,13,4,38,205,35
3648,1587,1227830400000,1228089600000,4,0,False,62,True,True,4,13,4,38,205,40
3649,1588,1228968000000,1229299200000,2,0,False,6,False,False,2,9,2,265,395,11
3650,1588,1229657400000,1229990400000,0,0,False,0,False,False,2,9,2,265,395,46
3651,1589,1229034600000,1229299200000,0,0,False,0,False,False,13,10,13,205,247,116
3652,1589,1229727600000,1229990400000,0,0,False,0,False,False,13,10,13,205,247,44
36556,3561,1625643000000,1625988600000,6,0,False,220,False,True,12,6,12,180,8219,69
3824,1564,1179459000000,1179792000000,0,0,False,0,False,False,6,2,6,114,27,93
3825,1564,1180065600000,1180224000000,2,0,False,239,True,True,6,2,6,114,27,128
3826,1565,1179396000000,1179705600000,0,0,False,0,False,False,9,10,9,167,252,19
3827,1565,1180087200000,1180310400000,9,0,False,283,True,True,9,10,9,161,252,66
3828,1565,1181210400000,1181520000000,9,0,False,60,False,True,9,10,9,161,376,65
3829,1565,1181901600000,1182211200000,9,0,False,7,False,False,9,10,9,161,376,60
3830,1566,1182747600000,1182988800000,5,0,False,234,True,True,5,6,5,101,118,14
3831,1566,1183438800000,1183593600000,5,0,False,90,True,True,5,6,5,101,118,71
3832,1566,1184130000000,1184371200000,5,0,False,193,True,True,5,6,5,101,118,68
38326,3641,1654164000000,1654509600000,9,0,False,5,False,False,9,13,9,6557,6326,19
3833,1567,1184839200000,1185148800000,0,0,False,0,False,False,9,2,9,161,27,19
38331,3641,1654855200000,1655200800000,9,0,False,5,False,False,9,13,9,6557,8216,18
38332,3641,1655978400000,1656324000000,9,0,False,7,False,False,9,13,9,6557,6326,66
3834,1567,1185530400000,1185840000000,2,0,False,7,False,False,9,2,9,161,27,18
3835,1567,1186653600000,1186963200000,0,0,False,0,False,False,9,2,9,161,27,12
38357,3646,1660730400000,1661076000000,11,0,False,12,True,True,9,11,9,6557,2239,19
3836,1568,1191214800000,1191542400000,11,0,False,160,False,True,3,11,3,33,207,24
38362,3646,1661421600000,1661767200000,9,0,False,85,True,True,9,11,9,6557,2239,65
38367,3646,1662631200000,1662976800000,9,9,False,9,False,False,9,11,9,6557,2239,12
3837,1568,1191817800000,1192147200000,0,0,False,0,False,False,3,11,3,33,207,26
3838,1569,1194510600000,1194739200000,11,0,False,358,False,True,11,13,11,207,205,88
3839,1569,1195201800000,1195344000000,11,0,False,59,True,True,11,13,11,207,205,75
38397,3656,1640505600000,1640851200000,2,0,False,113,False,True,11,2,11,2239,1413,75
3840,1570,1194480000000,1194825600000,4,0,False,40,True,True,4,5,4,38,101,35
38401,3656,1641196800000,1641542400000,11,0,False,7,False,False,11,2,11,2239,8733,88
38406,3656,1641889800000,1642235400000,11,0,False,7,False,False,11,2,11,2239,1413,52
3841,1570,1195255800000,1195516800000,4,0,False,96,False,True,4,5,4,38,101,39
3842,1571,1195704000000,1196035200000,2,0,False,6,False,False,2,3,2,98,33,51
3843,1571,1196393400000,1196726400000,0,0,False,0,False,False,2,3,2,98,130,31
3844,1571,1197086400000,1197417600000,0,0,False,0,False,False,2,3,2,98,130,27
38442,3657,1648713600000,1649059200000,11,0,False,220,False,True,11,6,11,2239,8219,74
38447,3657,1649404800000,1649750400000,11,0,False,332,False,True,11,6,11,2239,8219,73
3845,1572,1196483400000,1196812800000,5,0,False,88,False,True,5,9,5,101,161,68
3846,1572,1197172800000,1197504000000,0,0,False,0,False,False,5,9,5,101,161,14
3847,1572,1197950400000,1198281600000,0,0,False,0,False,False,5,9,5,101,161,113
3848,1573,1198657800000,1198886400000,10,0,False,128,False,True,11,10,11,207,247,73
3849,1573,1199262600000,1199491200000,11,0,False,7,False,False,11,10,11,207,247,52
3850,1573,1199952000000,1200096000000,11,0,False,100,True,True,11,10,11,207,242,74
38506,3671,1637899200000,1638244800000,3,0,False,8,False,False,6,3,6,8219,8359,93
3851,1574,1199484000000,1199577600000,13,0,False,9,False,False,13,6,13,205,118,116
38511,3671,1638590400000,1638936000000,3,0,False,8,True,True,6,3,6,8219,8359,128
3852,1574,1200175200000,1200268800000,13,0,False,137,True,True,13,6,13,205,118,45
3853,1575,1198711800000,1198886400000,4,0,False,337,False,True,4,2,4,38,98,87
3854,1575,1199316600000,1199577600000,4,0,False,122,False,True,4,2,4,38,98,34
3855,1575,1200450600000,1200700800000,2,0,False,72,False,True,4,2,4,38,98,38
3856,1575,1201134600000,1201478400000,0,0,False,0,False,False,4,2,4,38,98,40
3857,1576,1203652800000,1203897600000,11,0,False,5,False,False,6,11,6,118,207,128
3858,1577,1204752600000,1205020800000,13,0,False,189,False,True,13,9,13,205,161,100
38582,3682,1637812800000,1638158400000,0,0,False,0,False,False,2,13,2,1447,6326,32
38587,3682,1638504000000,1638849600000,2,0,False,372,False,True,2,13,2,1413,8216,81
3859,1577,1205443800000,1205712000000,9,0,False,126,False,True,13,9,13,205,161,45
3860,1577,1206221400000,1206489600000,9,0,False,121,False,True,13,9,13,205,161,44
3861,1578,1206194400000,1206489600000,5,0,False,121,False,True,10,5,10,247,101,110
3862,1578,1207231200000,1207440000000,10,0,False,6,False,False,10,5,10,247,101,54
38622,3692,1646366400000,1646712000000,2,0,False,222,True,True,2,5,2,576,7952,46
38627,3692,1647073800000,1647419400000,2,0,False,238,False,True,2,5,2,576,7952,27
3863,1579,1206504000000,1206835200000,0,0,False,0,False,False,2,11,2,98,207,11
3864,1579,1207195200000,1207353600000,11,0,False,90,True,True,2,11,2,98,207,50
3865,1579,1207886400000,1208044800000,2,0,False,8,False,False,2,11,2,265,207,32
3881,1525,1101600000000,1101945600000,2,0,False,8,False,False,2,11,2,29,207,31
3882,1525,1100908800000,1101254400000,0,0,False,0,False,False,2,11,2,29,207,32
39801,3851,1637469000000,1637814600000,5,0,False,187,False,True,5,10,5,7952,1984,113
39806,3851,1638160200000,1638505800000,5,0,False,164,False,True,5,10,5,7952,1984,113
40348,3863,1646370000000,1646715600000,0,0,False,0,False,False,3,4,3,8359,8095,25
40353,3863,1647061200000,1647406800000,0,0,False,0,False,False,3,4,3,8359,8095,24
40358,3863,1647838800000,1648184400000,4,0,False,115,False,True,3,4,3,8359,8095,26
40536,3876,1640988000000,1641333600000,6,0,False,8,False,False,13,6,13,8216,8219,393
40538,3876,1641679200000,1642024800000,13,0,False,117,True,True,13,6,13,8216,8219,371
40543,3881,1645048800000,1645394400000,13,0,False,276,True,True,13,11,13,8216,2239,371
40546,3881,1645740000000,1646085600000,11,0,False,198,False,True,13,11,13,8216,2239,371
4126,1555,1148551200000,1148774400000,9,0,False,6,False,False,9,5,9,61,101,20
4127,1555,1149242400000,1149465600000,5,0,False,134,False,True,9,5,9,61,101,18
4128,1555,1147341600000,1147651200000,0,0,False,0,False,False,9,5,9,61,101,19
4129,1556,1151679600000,1151798400000,2,0,False,49,False,True,10,2,10,240,27,57
4130,1556,1150984800000,1151280000000,0,0,False,0,False,False,10,2,10,240,27,96
4131,1556,1149256800000,1149552000000,0,0,False,0,False,False,10,2,10,240,27,56
4132,1556,1149948000000,1150243200000,0,0,False,0,False,False,10,2,10,240,27,59
4133,1557,1153976400000,1154304000000,5,0,False,153,True,True,5,11,5,101,371,14
4134,1557,1154667600000,1154995200000,5,0,False,1,False,False,5,11,5,101,371,71
4135,1558,1152784800000,1153094400000,0,0,False,0,False,False,9,3,9,167,35,19
4136,1558,1153994400000,1154131200000,9,0,False,120,True,True,9,3,9,167,35,65
4137,1558,1154685600000,1154995200000,9,0,False,167,False,True,9,3,9,167,35,66
4139,1559,1163219400000,1163462400000,3,0,False,9,False,False,3,10,3,35,240,26
4140,1559,1164603600000,1164931200000,3,0,False,199,False,True,3,10,3,35,240,24
4141,1559,1163910600000,1164240000000,0,0,False,0,False,False,3,10,3,35,240,22
4142,1560,1166218200000,1166400000000,5,0,False,217,False,True,13,5,13,49,101,45
4143,1560,1165527000000,1165622400000,13,0,False,5,False,False,13,5,13,49,101,43
4144,1561,1164240000000,1164585600000,4,0,False,277,False,True,4,9,4,38,61,35
4145,1561,1167175800000,1167264000000,4,0,False,99,True,True,4,9,4,38,61,87
4146,1561,1167778800000,1167955200000,4,0,False,10,False,False,4,9,4,38,61,34
4147,1561,1166063400000,1166400000000,4,0,False,206,False,True,4,9,4,38,61,38
4148,1561,1164933000000,1165276800000,4,0,False,6,False,False,4,9,4,38,61,40
4149,1562,1167726600000,1168041600000,11,0,False,5,False,False,11,2,11,207,27,52
4150,1562,1167118200000,1167436800000,11,0,False,174,False,True,11,2,11,207,27,74
4151,1562,1166169600000,1166400000000,2,0,False,123,False,True,11,2,11,207,27,88
4152,1563,1168504200000,1168819200000,11,0,False,7,False,False,11,3,11,207,35,75
4153,1563,1169800200000,1169942400000,11,0,False,5,False,False,11,3,11,207,35,52
4154,1563,1169195400000,1169424000000,3,0,False,5,False,False,11,3,11,207,35,73
41846,3636,1656667800000,1657013400000,9,0,False,7,False,False,9,2,9,6557,9311,20
4289,1535,1117756800000,1117929600000,9,0,False,27,True,True,9,6,9,161,114,60
4290,1535,1117065600000,1117238400000,9,0,False,261,True,True,9,6,9,161,114,19
4291,1536,1117065600000,1117324800000,10,0,False,276,False,True,10,3,10,244,130,55
4292,1536,1117756800000,1118102400000,3,0,False,136,False,True,10,3,10,244,35,57
4293,1537,1121990400000,1122249600000,5,0,False,240,False,True,5,10,5,100,244,68
4294,1537,1121212800000,1121472000000,5,0,False,6,False,False,5,10,5,100,244,14
4295,1538,1123401600000,1123459200000,13,0,False,294,True,True,12,13,12,169,49,69
4296,1538,1124092800000,1124236800000,13,0,False,46,True,True,12,13,12,169,49,70
4297,1539,1126171800000,1126483200000,0,0,False,0,False,False,9,4,9,161,38,12
4299,1539,1124962200000,1125187200000,9,0,False,3,False,False,9,4,9,161,38,18
4300,1539,1123113600000,1123372800000,9,0,False,2,False,True,9,4,9,161,38,20
4301,1539,1123752600000,1124064000000,0,0,False,0,False,False,9,4,9,161,38,65
4302,1539,1121904000000,1122163200000,4,0,False,239,False,True,9,4,9,161,38,19
4303,1540,1126499400000,1126656000000,5,0,False,96,True,True,5,6,5,100,114,15
4304,1540,1127190600000,1127347200000,5,0,False,69,True,True,5,6,5,100,114,71
4305,1541,1127203200000,1127347200000,2,0,False,10,False,False,12,2,12,169,29,69
4306,1541,1126569600000,1126828800000,2,0,False,90,True,True,12,2,12,169,29,70
4307,1542,1129249800000,1129507200000,4,0,False,210,False,True,4,17,4,38,207,34
4308,1543,1132878600000,1133222400000,4,0,False,7,False,False,4,10,4,38,244,40
4309,1543,1130976000000,1131235200000,4,0,False,379,False,True,4,10,4,38,244,35
4310,1543,1132270200000,1132531200000,4,0,False,9,False,False,4,10,4,38,244,39
4311,1544,1131769800000,1132099200000,3,0,False,22,False,True,3,9,3,35,44,22
4312,1544,1132459200000,1132790400000,0,0,False,0,False,False,3,9,3,35,161,30
4313,1544,1133240400000,1133568000000,3,0,False,100,True,True,3,9,3,35,161,26
4314,1545,1134878400000,1135209600000,2,0,False,259,False,True,2,5,2,26,100,50
4315,1545,1133496000000,1133827200000,0,0,False,0,False,False,2,5,2,27,100,11
4316,1545,1134187200000,1134518400000,2,0,False,188,False,True,2,5,2,27,100,51
4317,1546,1136244600000,1136505600000,4,0,False,8,False,False,4,11,4,38,207,34
4318,1546,1134698400000,1135036800000,0,0,False,0,False,False,4,11,4,38,207,38
4319,1546,1135555200000,1135900800000,4,0,False,184,False,True,4,11,4,38,207,87
4320,1547,1137818700000,1138147200000,0,0,False,0,False,False,3,2,3,35,27,30
4321,1547,1138492800000,1138752000000,3,0,False,341,False,True,3,2,3,130,27,24
4323,1547,1137127500000,1137456000000,0,0,False,0,False,False,3,2,3,35,27,26
4324,1548,1141084800000,1141344000000,5,0,False,8,False,False,6,5,6,114,101,93
4325,1548,1141788600000,1142035200000,5,0,False,10,False,False,6,5,6,114,101,90
4326,1549,1141878600000,1142208000000,2,0,False,9,False,False,2,9,2,27,61,46
4327,1549,1141187400000,1141516800000,0,0,False,0,False,False,2,9,2,27,61,29
4328,1549,1142654400000,1142985600000,9,0,False,212,False,True,2,9,2,27,61,81
4329,1550,1143322200000,1143590400000,0,0,False,0,False,False,13,10,13,49,244,44
4330,1550,1141939800000,1142208000000,13,0,False,27,False,True,13,10,13,49,244,41
4331,1550,1142631000000,1142812800000,13,0,False,10,False,False,13,10,13,49,244,45
4332,1551,1143793800000,1144108800000,4,0,False,2,False,False,11,4,11,213,38,88
4333,1551,1142497800000,1142640000000,4,0,False,7,False,False,11,4,11,207,38,52
4334,1551,1143187200000,1143504000000,4,0,False,112,False,True,11,4,11,207,38,74
4335,1552,1143347400000,1143676800000,0,0,False,0,False,False,5,3,5,101,35,14
4336,1552,1144022400000,1144195200000,3,0,False,8,False,False,5,3,5,101,35,68
4337,1553,1144540800000,1144886400000,4,0,False,3,False,False,6,4,6,114,38,92
4338,1553,1145160000000,1145491200000,4,0,False,80,True,True,6,4,6,114,38,93
4339,1554,1145088000000,1145404800000,11,0,False,128,False,True,11,13,11,207,49,75
4340,1554,1146124800000,1146441600000,0,0,False,0,False,False,11,13,11,207,49,52
4341,1554,1146814200000,1146960000000,11,0,False,4,False,False,11,13,11,207,49,88
4342,1558,1155808800000,1156118400000,9,0,False,0,False,False,9,3,9,167,35,12
46541,4086,1656477000000,1656822600000,4,0,False,10,False,False,5,4,5,7952,8095,113
46548,4086,1657254600000,1657600200000,5,0,False,39,True,True,5,4,5,7952,8095,113
46611,4100,1652587200000,1652932800000,0,0,False,0,False,False,6,5,6,8219,7952,93
46616,4100,1653278400000,1653624000000,5,0,False,10,False,False,6,5,6,8219,7952,128
47848,4212,1655388000000,1655733600000,10,0,False,7,False,False,10,6,10,1984,544,109
47855,4212,1656079200000,1656424800000,10,0,False,10,False,False,10,6,10,1984,544,59
48114,4245,1669774800000,1670120400000,4,4,True,164,False,True,4,10,4,8095,1984,512
48121,4245,1670472000000,1670817600000,4,4,True,419,False,True,4,10,4,2250,1984,40
48128,4254,1671236400000,1671582000000,4,4,False,6,False,False,4,11,4,8095,2239,35
4813,1515,1083801600000,1083974400000,5,0,False,240,True,True,12,5,12,169,100,69
48135,4254,1672011000000,1672356600000,4,4,False,182,True,True,4,11,4,8095,2239,87
4814,1515,1084492800000,1084752000000,5,0,False,254,True,True,12,5,12,169,100,70
48142,4254,1672788600000,1673134200000,0,4,True,0,False,False,4,11,4,8095,2239,34
4815,1516,1085702400000,1086048000000,0,0,False,0,False,False,10,6,10,240,114,59
4816,1516,1086307200000,1086566400000,10,0,False,99,True,True,10,6,10,240,114,57
4817,1517,1085011200000,1085356800000,9,0,False,7,False,False,9,13,9,44,49,19
4818,1517,1086220800000,1086566400000,9,0,False,9,False,False,9,13,9,161,49,66
4819,1517,1086825600000,1087084800000,9,0,False,4,False,False,9,13,9,161,49,18
4820,1518,1088640000000,1088812800000,4,0,False,149,False,True,4,5,4,36,100,129
4821,1518,1089331200000,1089676800000,0,0,False,0,False,False,4,5,4,38,100,218
4822,1519,1091577600000,1091923200000,0,0,False,0,False,False,5,11,5,100,207,113
4823,1519,1092182400000,1092528000000,5,0,False,313,False,True,5,11,5,100,207,14
4824,1520,1090454400000,1090800000000,9,0,False,210,False,True,9,10,9,161,240,19
4825,1520,1091059200000,1091318400000,9,0,False,256,False,True,9,10,9,161,240,20
4826,1520,1092268800000,1092614400000,9,0,False,7,False,False,9,10,9,161,240,65
4827,1520,1092873600000,1093046400000,9,0,False,10,False,False,9,10,9,161,240,12
4828,1521,1098144000000,1098403200000,13,0,False,99,True,True,6,13,6,122,49,36
4829,1521,1098748800000,1099008000000,13,0,False,101,True,True,6,13,6,122,49,37
4830,1522,1098230400000,1098576000000,5,0,False,201,False,True,3,5,3,35,100,30
4831,1522,1098921600000,1099267200000,3,0,False,6,False,False,3,5,3,35,100,24
4832,1523,1097020800000,1097366400000,4,0,False,217,False,True,2,4,2,29,36,27
4833,1523,1097712000000,1098057600000,0,0,False,0,False,False,2,4,2,29,36,11
4834,1523,1098748800000,1099008000000,4,0,False,342,False,True,2,4,2,27,36,29
4835,1523,1099440000000,1099612800000,2,0,False,13,False,True,2,4,2,27,38,81
4836,1524,1100736000000,1100995200000,4,0,False,156,True,True,4,13,4,38,49,35
4837,1524,1101427200000,1101772800000,4,0,False,213,False,True,4,13,4,38,49,40
4840,1526,1102636800000,1102896000000,2,0,False,140,True,True,6,2,6,114,29,36
4841,1526,1103241600000,1103500800000,2,0,False,83,True,True,6,2,6,114,29,37
4842,1527,1103155200000,1103414400000,4,0,False,491,False,True,4,3,4,38,35,38
4843,1527,1104019200000,1104278400000,4,0,False,9,False,False,4,3,4,38,34,87
4844,1527,1104624000000,1104883200000,4,0,False,9,False,False,4,3,4,38,34,34
4845,1528,1104969600000,1105315200000,6,0,False,226,False,True,6,12,6,114,169,37
4846,1528,1105660800000,1106006400000,0,0,False,0,False,False,6,12,6,114,169,36
4847,1529,1103241600000,1103587200000,9,0,False,7,False,False,11,9,11,207,161,73
4848,1529,1104019200000,1104364800000,0,0,False,0,False,False,11,9,11,207,161,74
4849,1529,1104624000000,1104969600000,11,0,False,196,False,True,11,9,11,207,161,52
4850,1529,1105574400000,1105920000000,9,0,False,77,False,True,11,9,11,207,161,88
4851,1529,1106265600000,1106611200000,0,0,False,0,False,False,11,9,11,207,161,75
4852,1530,1109894400000,1109980800000,11,0,False,21,True,True,11,12,11,207,169,52
4853,1530,1110499200000,1110672000000,11,0,False,62,True,True,11,12,11,207,169,75
4854,1531,1110240000000,1110585600000,0,0,False,0,False,False,2,3,2,29,35,46
4855,1531,1110931200000,1111276800000,2,0,False,195,False,True,2,3,2,29,35,31
4856,1531,1111622400000,1111968000000,3,0,False,168,False,True,2,3,2,29,35,27
4857,1532,1110412800000,1110672000000,4,0,False,9,False,False,13,4,13,49,38,43
4858,1532,1111104000000,1111449600000,0,0,False,0,False,False,13,4,13,49,38,45
4859,1532,1111795200000,1112054400000,4,0,False,9,False,False,13,4,13,49,38,41
4860,1533,1112572800000,1112918400000,0,0,False,0,False,False,13,5,13,49,100,44
4861,1533,1113177600000,1113436800000,13,0,False,38,True,True,13,5,13,49,100,45
4862,1534,1112227200000,1112572800000,0,0,False,0,False,False,10,11,10,244,207,53
4863,1534,1112918400000,1113264000000,11,0,False,8,False,False,10,11,10,244,207,54
4864,1534,1114041600000,1114300800000,11,0,False,86,True,True,10,11,10,244,207,55
4865,1534,1114732800000,1115078400000,0,0,False,0,False,False,10,11,10,244,207,56
48725,4315,1657945800000,1658291400000,3,0,False,4,False,False,5,3,5,7952,8359,113
48732,4315,1658637000000,1658982600000,5,0,False,246,False,True,5,3,5,7952,8359,113
49556,4413,1676509200000,1676854800000,9,13,False,267,False,True,13,9,13,1057,6557,393
49563,4413,1677189600000,1677535200000,13,13,False,1,False,True,13,9,13,1057,6557,45
49570,4415,1678312800000,1678658400000,13,13,False,2,False,False,13,5,13,1057,7952,371
49577,4415,1679004000000,1679349600000,13,5,False,58,True,True,13,5,13,1057,7952,45
5167,1493,1051142400000,1051401600000,11,0,False,60,True,True,6,11,6,121,207,37
5168,1493,1051747200000,1052006400000,11,0,False,18,True,True,6,11,6,121,207,36
5169,1494,1051228800000,1051574400000,0,0,False,0,False,False,5,13,5,3544,49,71
5170,1494,1051920000000,1052265600000,0,0,False,0,False,False,5,13,5,3544,49,68
5171,1496,1053561600000,1053734400000,9,0,False,92,True,True,9,12,9,5389,3420,19
5172,1496,1054771200000,1054944000000,9,0,False,69,True,True,9,12,9,5389,3420,60
5173,1497,1056067200000,1056412800000,0,0,False,0,False,False,10,5,10,240,3544,59
5174,1497,1056672000000,1056844800000,10,0,False,7,False,False,10,5,10,240,3544,57
5175,1498,1058486400000,1058659200000,4,0,False,132,True,True,4,6,4,4712,121,129
5176,1498,1059091200000,1059350400000,4,0,False,98,True,True,4,6,4,4712,121,218
5177,1499,1061337600000,1061683200000,3,0,False,7,False,False,3,6,3,3720,121,24
5178,1499,1061942400000,1062201600000,3,0,False,9,False,False,3,6,3,3720,121,23
5179,1499,1062547200000,1062806400000,3,0,False,1,False,False,3,6,3,3720,121,22
5180,1500,1059004800000,1059350400000,0,0,False,0,False,False,9,11,9,5389,207,20
5181,1500,1059609600000,1059868800000,11,0,False,92,True,True,9,11,9,161,207,19
5182,1500,1060819200000,1061164800000,9,0,False,70,False,True,9,11,9,161,207,18
5183,1500,1061424000000,1061769600000,11,0,False,191,False,True,9,11,9,161,207,66
5184,1500,1062633600000,1062979200000,9,0,False,9,False,False,9,11,9,161,207,12
5185,1501,1065571200000,1065916800000,0,0,False,0,False,False,2,13,2,29,49,50
5186,1501,1066262400000,1066608000000,0,0,False,0,False,False,2,13,2,27,49,46
5187,1502,1065657600000,1066003200000,4,0,False,175,True,True,4,12,4,4712,3420,38
5188,1502,1066348800000,1066608000000,4,0,False,9,False,False,4,12,4,4712,3420,34
5189,1503,1066348800000,1066694400000,3,0,False,8,False,False,3,11,3,34,207,26
5190,1503,1066953600000,1067299200000,0,0,False,0,False,False,3,11,3,35,207,30
5191,1504,1066694400000,1067040000000,9,0,False,7,False,False,6,9,6,121,161,36
5192,1504,1067385600000,1067644800000,9,0,False,329,False,True,6,9,6,121,161,37
5193,1505,1067904000000,1068249600000,0,0,False,0,False,False,12,10,12,3420,240,69
5194,1505,1068595200000,1068940800000,10,0,False,128,False,True,12,10,12,3420,240,70
5195,1506,1070323200000,1070668800000,0,0,False,0,False,False,5,9,5,3544,161,113
5196,1506,1071014400000,1071360000000,0,0,False,0,False,False,5,9,5,3544,161,68
5197,1506,1071705600000,1071964800000,5,0,False,215,True,True,5,9,5,3544,161,14
5198,1507,1071792000000,1072137600000,0,0,False,0,False,False,13,3,13,49,35,100
5199,1507,1072396800000,1072742400000,3,0,False,7,False,False,13,3,13,49,35,45
5200,1508,1070496000000,1070841600000,0,0,False,0,False,False,4,2,4,4712,29,35
5201,1508,1071187200000,1071532800000,2,0,False,4,False,False,4,2,4,4712,29,40
52013,4492,1669870800000,1670216400000,9,9,True,74,False,True,3,9,3,8359,6557,25
5202,1508,1072396800000,1072742400000,4,0,False,9,False,False,4,2,4,4712,29,87
52020,4492,1670562000000,1670907600000,9,9,True,26,False,True,3,9,3,8359,6557,22
52022,4492,1671253200000,1671598800000,9,3,True,8,False,False,3,9,3,8359,6557,24
5203,1508,1073001600000,1073347200000,0,0,False,0,False,False,4,2,4,4712,29,34
5204,1509,1071187200000,1071532800000,11,0,False,189,False,True,11,10,11,207,240,88
5205,1509,1072396800000,1072656000000,11,0,False,65,True,True,11,10,11,207,240,74
5206,1509,1073001600000,1073347200000,0,0,False,0,False,False,11,10,11,207,240,52
5207,1509,1074211200000,1074556800000,11,0,False,10,False,False,11,10,11,207,240,75
5208,1510,1077148800000,1077494400000,12,0,False,183,False,True,12,6,12,3420,114,69
5209,1511,1078704000000,1079049600000,4,0,False,197,False,True,5,4,5,3544,38,113
5210,1511,1079395200000,1079740800000,4,0,False,27,False,True,5,4,5,3544,38,68
5211,1511,1080086400000,1080432000000,4,0,False,121,False,True,5,4,5,3544,38,14
5212,1512,1078876800000,1079222400000,0,0,False,0,False,False,13,11,13,49,207,100
5213,1512,1079568000000,1079913600000,13,0,False,9,False,False,13,11,13,49,207,41
5214,1512,1080259200000,1080604800000,11,0,False,6,False,False,13,11,13,49,207,45
5215,1513,1078963200000,1079222400000,9,0,False,10,False,False,10,9,10,240,161,57
5216,1513,1079654400000,1080000000000,9,0,False,7,False,False,10,9,10,240,161,54
5217,1513,1080777600000,1080950400000,9,0,False,8,False,False,10,9,10,240,161,55
5218,1513,1081555200000,1081900800000,0,0,False,0,False,False,10,9,10,240,161,56
5219,1514,1080432000000,1080777600000,2,0,False,52,True,True,3,2,3,35,27,22
5220,1514,1081123200000,1081382400000,3,0,False,9,False,False,3,2,3,35,27,26
5221,1514,1081814400000,1082073600000,2,0,False,131,True,True,3,2,3,35,29,25
53350,4777,1686909600000,1687255200000,4,9,True,2,False,False,9,4,9,6557,8095,20
53352,4777,1687946400000,1688292000000,4,9,False,43,False,True,9,4,9,6557,8095,19
53357,4777,1688637600000,1688983200000,9,9,False,3,False,False,9,4,9,6557,8095,66
53364,4777,1689760800000,1690106400000,0,9,False,0,False,False,9,4,9,6557,8095,65
53366,4777,1690452000000,1690797600000,9,4,False,49,False,True,9,4,9,6557,8095,12
53408,4786,1685613600000,1685872800000,9,9,False,10,False,False,9,27,9,6557,6710,19
5388,1478,1020211200000,1020384000000,3,0,False,324,True,True,3,13,3,3706,49,26
5389,1478,1020816000000,1021161600000,0,0,False,0,False,False,3,13,3,3706,49,24
5390,1480,1021507200000,1021852800000,0,0,False,0,False,False,9,5,9,5389,102,19
5391,1480,1022716800000,1022976000000,9,0,False,111,True,True,9,5,9,5389,102,20
5392,1480,1023926400000,1024272000000,9,0,False,10,False,False,9,5,9,5389,102,65
5393,1481,1024617600000,1024876800000,13,0,False,204,False,True,10,13,10,4199,49,55
5394,1481,1025222400000,1025568000000,0,0,False,0,False,False,10,13,10,4199,49,101
5395,1482,1027209600000,1027382400000,5,0,False,196,True,True,5,6,5,102,122,71
5396,1482,1027814400000,1028073600000,5,0,False,288,False,True,5,6,5,102,122,14
5397,1483,1027555200000,1027900800000,9,0,False,170,False,True,9,2,9,5389,29,19
5398,1483,1028764800000,1029110400000,0,0,False,0,False,False,9,2,9,5389,29,18
5399,1483,1029974400000,1030320000000,2,0,False,46,True,True,9,2,9,5389,29,66
5400,1483,1031184000000,1031529600000,0,0,False,0,False,False,9,2,9,5389,29,12
5401,1484,1033603200000,1033948800000,4,0,False,41,False,True,4,3,3,4712,3706,71
5402,1484,1034294400000,1034380800000,4,0,False,198,True,True,4,3,3,4712,3706,140
5403,1484,1034985600000,1035244800000,4,0,False,20,True,True,4,3,3,4712,3706,140
5404,1485,1034899200000,1035158400000,11,0,False,107,True,True,11,6,11,208,122,99
5405,1485,1035504000000,1035676800000,11,0,False,160,True,True,11,6,11,218,122,102
5406,1486,1034121600000,1034380800000,2,0,False,112,True,True,2,10,2,29,4199,81
5407,1486,1034812800000,1035072000000,2,0,False,8,False,False,2,10,2,29,4199,11
5408,1486,1035936000000,1036281600000,0,0,False,0,False,False,2,10,2,29,4199,31
5409,1487,1036800000000,1037059200000,3,0,False,119,False,True,12,3,12,3408,3706,69
5410,1487,1037404800000,1037664000000,3,0,False,10,False,False,12,3,12,3408,3706,70
5411,1488,1036713600000,1036886400000,11,0,False,64,True,True,11,5,11,218,102,88
5412,1488,1037318400000,1037664000000,11,0,False,3,False,False,11,5,11,218,100,75
5413,1489,1039305600000,1039478400000,10,0,False,310,True,True,6,10,6,122,4223,36
5414,1489,1039996800000,1040169600000,10,0,False,7,False,False,6,10,6,122,4223,37
5415,1490,1039651200000,1039824000000,13,0,False,10,False,False,13,2,13,49,29,45
5416,1490,1040256000000,1040515200000,13,0,False,4,False,False,13,2,13,49,29,100
5417,1491,1040860800000,1041120000000,11,0,False,10,False,False,11,3,11,218,3706,74
5418,1491,1041465600000,1041724800000,11,0,False,142,True,True,11,3,11,218,3706,52
5419,1492,1036627200000,1036886400000,4,0,False,384,False,True,4,9,4,4712,5389,35
5420,1492,1037836800000,1038096000000,4,0,False,51,True,True,4,9,4,4712,5389,40
5421,1492,1038528000000,1038700800000,4,0,False,48,True,True,4,9,4,4712,5389,38
5422,1492,1040860800000,1041206400000,4,0,False,5,False,False,4,9,4,4712,5389,87
5423,1492,1041465600000,1041811200000,9,0,False,225,False,True,4,9,4,4712,5389,34
5424,1495,1049932800000,1050192000000,4,0,False,9,False,False,10,4,10,240,4712,53
5425,1495,1050710400000,1051056000000,4,0,False,118,False,True,10,4,10,240,4712,54
5426,1495,1051747200000,1052092800000,4,0,False,9,False,False,10,4,10,240,4712,55
5427,1495,1052438400000,1052784000000,10,0,False,3,False,False,10,4,10,240,4712,56
5551,1458,990057600000,990316800000,9,0,False,9,True,True,9,3,9,5389,3706,19
5552,1458,991267200000,991612800000,3,0,False,108,False,True,9,3,9,5390,3706,65
5553,1459,992563200000,992822400000,12,0,False,4,False,False,12,2,12,3420,29,69
5554,1459,991872000000,992131200000,2,0,False,8,False,False,12,2,12,3420,29,70
5555,1460,995500800000,995760000000,10,0,False,176,True,True,12,10,12,3420,4199,70
5556,1460,996192000000,996537600000,0,0,False,0,False,False,12,10,12,3420,4199,69
5557,1461,994291200000,994550400000,4,0,False,118,True,True,9,4,9,5389,4712,20
5558,1461,995500800000,995760000000,4,0,False,8,False,False,9,4,9,5385,4712,19
5559,1461,996710400000,996883200000,4,0,False,7,False,False,9,4,9,5385,4712,18
5560,1461,997920000000,998265600000,9,0,False,6,False,False,9,4,9,5389,36,66
5562,1461,998524800000,998870400000,4,0,False,25,True,True,9,4,9,5389,4712,12
5563,1462,999043200000,999388800000,5,0,False,77,True,True,5,2,5,102,29,14
5564,1462,998438400000,998697600000,2,0,False,7,False,False,5,2,5,102,29,68
5565,1462,997747200000,998006400000,5,0,False,10,False,False,5,2,5,102,29,113
5566,1463,999820800000,1000166400000,11,0,False,9,False,False,12,11,12,3420,218,69
5567,1463,1000425600000,1000771200000,0,0,False,0,False,False,12,11,12,3420,218,70
5568,1464,1005782400000,1006128000000,12,0,False,8,False,False,6,12,6,3156,3425,37
5569,1464,1005177600000,1005523200000,0,0,False,0,False,False,6,12,6,3156,3444,36
5570,1465,1004745600000,1005004800000,11,0,False,9,False,False,11,2,11,218,29,72
5571,1465,1005868800000,1006214400000,0,0,False,0,False,False,11,2,11,218,29,73
5572,1466,1006992000000,1007337600000,5,0,False,10,False,False,5,10,5,102,4199,14
5573,1466,1006300800000,1006646400000,5,0,False,131,False,True,5,10,5,102,4199,68
5574,1466,1005609600000,1005955200000,5,0,False,10,False,False,5,10,5,102,4199,113
5575,1467,1007078400000,1007424000000,0,0,False,0,False,False,4,13,4,4712,49,38
5576,1467,1005177600000,1005523200000,0,0,False,0,False,False,4,13,4,4712,49,35
5577,1467,1006387200000,1006732800000,0,0,False,0,False,False,4,13,4,4712,49,39
5578,1468,1008720000000,1009065600000,0,0,False,0,False,False,2,9,2,29,5389,27
5579,1468,1007337600000,1007596800000,2,0,False,10,False,False,2,9,2,29,5389,46
5580,1468,1008028800000,1008374400000,0,0,False,0,False,False,2,9,2,29,5389,50
5581,1469,1008633600000,1008979200000,13,0,False,52,True,True,13,6,13,49,122,100
5582,1469,1009324800000,1009584000000,13,0,False,74,True,True,13,6,13,49,122,45
5583,1470,1009929600000,1010188800000,4,0,False,10,False,False,4,11,4,4712,218,34
5584,1470,1009324800000,1009584000000,4,0,False,9,False,False,4,11,4,4712,218,87
5585,1470,1008288000000,1008633600000,4,0,False,246,False,True,4,11,4,4712,218,40
5586,1471,1010793600000,1011052800000,5,0,False,315,False,True,5,12,5,102,3425,113
5588,1471,1009411200000,1009756800000,5,0,False,166,True,True,5,12,5,102,3425,14
5589,1471,1010102400000,1010361600000,5,0,False,94,True,True,5,12,5,102,3425,68
5590,1472,1011139200000,1011312000000,3,0,False,169,True,True,6,3,6,122,3706,37
5591,1472,1010534400000,1010707200000,3,0,False,178,True,True,6,3,6,122,3706,36
5592,1473,1013040000000,1013299200000,3,0,False,244,False,True,3,10,3,3706,4199,140
5593,1473,1012435200000,1012780800000,3,0,False,170,False,True,3,10,3,3706,4199,140
5594,1474,1014249600000,1014595200000,2,0,False,101,True,True,2,12,2,29,3425,29
5595,1474,1014854400000,1015200000000,2,0,False,4,False,False,2,12,2,29,3425,51
5596,1475,1015372800000,1015718400000,5,0,False,8,False,False,3,5,3,3706,102,26
5597,1475,999043200000,999216000000,3,0,False,264,True,True,3,6,3,3706,3156,22
5598,1475,999734400000,999907200000,5,0,False,137,True,True,5,6,5,102,3156,14
5599,1476,1016150400000,1016409600000,11,0,False,5,False,False,11,4,11,208,4712,74
5600,1476,1014336000000,1014508800000,4,0,False,360,True,True,11,4,11,208,4712,88
5601,1476,1015545600000,1015891200000,4,0,False,4,False,False,11,4,11,208,4712,52
5602,1477,1017446400000,1017792000000,13,0,False,78,False,True,13,9,13,49,5389,41
5603,1477,1016668800000,1017014400000,0,0,False,0,False,False,13,9,13,49,5389,45
5604,1477,1015977600000,1016236800000,9,0,False,98,False,True,13,9,13,49,5389,43
5605,1479,1021680000000,1022025600000,10,0,False,155,False,True,10,2,10,4199,29,57
5606,1479,1020297600000,1020556800000,10,0,False,10,False,False,10,2,10,4199,29,55
5607,1479,1020988800000,1021334400000,0,0,False,0,False,False,10,2,10,4199,29,56
5608,1479,1019174400000,1019520000000,2,0,False,37,False,True,10,2,10,4199,29,54
5609,1479,1018483200000,1018828800000,0,0,False,0,False,False,10,2,10,4199,29,53
56185,4854,1677571200000,1677916800000,11,11,True,87,False,True,11,10,11,8583,1984,75
56192,4854,1678262400000,1678608000000,11,11,True,284,False,True,11,10,11,8583,1984,88
56717,4889,1672030800000,1672376400000,0,3,True,0,False,False,3,13,3,8359,1057,24
56724,4889,1672635600000,1672981200000,0,13,True,0,False,False,3,13,3,8359,1057,24
56969,4905,1670988600000,1671334200000,2,2,True,188,False,True,6,2,6,544,8733,93
56976,4905,1671679800000,1672025400000,2,6,True,3,False,False,6,2,6,544,8733,128
5888,1426,930787200000,930960000000,9,0,False,7,False,False,9,13,9,5389,49,20
5889,1426,932601600000,932860800000,13,0,False,9,False,False,9,13,9,5389,49,19
5890,1426,933811200000,934156800000,0,0,False,0,False,False,9,13,9,5430,49,65
5891,1426,935020800000,935280000000,13,0,False,83,False,True,9,13,9,5389,49,12
5892,1427,936835200000,937008000000,5,0,False,6,False,False,5,4,5,102,4712,68
5893,1427,937958400000,938304000000,0,0,False,0,False,False,5,4,5,102,4712,113
5894,1427,938649600000,938995200000,0,0,False,0,False,False,5,4,5,102,4712,14
5895,1428,939859200000,940118400000,4,0,False,10,False,False,12,4,12,3408,4712,69
5896,1429,939513600000,939859200000,0,0,False,0,False,False,2,13,2,25,49,46
5897,1429,940550400000,940809600000,2,0,False,8,False,False,2,13,2,25,49,32
5898,1429,941155200000,941500800000,0,0,False,0,False,False,2,13,2,25,49,50
5899,1430,941155200000,941414400000,11,0,False,13,True,True,11,12,11,4581,3408,72
5900,1430,942278400000,942537600000,11,0,False,219,True,True,12,11,12,3406,4581,69
5901,1431,941760000000,942105600000,4,0,False,10,False,False,4,3,4,4712,3688,35
5902,1431,942883200000,943228800000,4,0,False,4,False,False,4,3,4,4712,3688,39
5903,1431,943574400000,943747200000,4,0,False,20,True,True,4,3,4,4712,3688,38
5904,1432,942883200000,943228800000,0,0,False,0,False,False,12,5,12,3406,102,70
5905,1432,943574400000,943920000000,5,0,False,6,False,False,12,5,12,3406,102,69
5906,1432,944265600000,944611200000,0,0,False,0,False,False,12,5,12,3406,102,69
5907,1433,945302400000,945648000000,13,0,False,9,False,False,13,10,13,49,240,100
5908,1433,946166400000,946425600000,13,0,False,105,True,True,13,10,13,49,240,45
5909,1434,944784000000,945129600000,4,0,False,285,False,True,4,2,4,4712,25,40
5910,1434,946166400000,946512000000,4,0,False,180,False,True,4,2,4,4712,25,87
5911,1434,946771200000,946944000000,4,0,False,141,True,True,4,2,4,4712,25,34
5912,1435,943488000000,943747200000,11,0,False,21,True,True,11,9,11,4581,5389,88
5913,1435,944697600000,945043200000,0,0,False,0,False,False,11,9,11,4581,5389,73
5914,1435,946166400000,946512000000,0,0,False,0,False,False,11,9,11,4581,5389,74
5915,1435,946771200000,947030400000,11,0,False,37,True,True,11,9,11,4581,5389,52
5916,1436,951350400000,951523200000,11,0,False,4,False,False,2,11,2,25,4581,81
5917,1436,951955200000,952300800000,11,0,False,71,True,True,2,11,2,25,4581,27
5918,1437,952214400000,952560000000,5,0,False,57,False,True,3,5,3,3703,102,23
5919,1437,952819200000,953078400000,3,0,False,222,False,True,3,5,3,3714,102,24
5920,1438,953164800000,953510400000,10,0,False,35,False,True,10,12,10,4211,3406,54
5921,1438,953856000000,954201600000,10,0,False,10,False,False,10,12,10,4211,3406,57
5922,1439,952732800000,953078400000,4,0,False,62,False,True,13,4,13,49,4712,41
5923,1439,953856000000,954115200000,4,0,False,6,False,False,13,4,13,49,4712,45
5924,1439,954460800000,954720000000,4,0,False,6,False,False,13,4,13,49,4712,100
5925,1440,957484800000,957830400000,0,0,False,0,False,False,10,3,10,4211,3714,53
5926,1440,958608000000,958953600000,0,0,False,0,False,False,10,3,10,4211,3714,55
5927,1440,959212800000,959558400000,10,0,False,1,False,False,10,3,10,4211,3714,56
5928,1441,958608000000,958867200000,9,0,False,209,True,True,9,12,9,5389,3406,19
5929,1441,959817600000,960163200000,0,0,False,0,False,False,9,12,9,5389,3406,18
5930,1442,960940800000,961200000000,3,0,False,5,False,False,5,3,5,102,3714,14
5931,1442,961545600000,961804800000,3,0,False,163,True,True,5,3,5,102,3714,113
5932,1442,962150400000,962496000000,0,0,False,0,False,False,5,3,5,102,3714,68
5933,1443,964051200000,964310400000,5,0,False,15,True,True,5,11,5,102,218,113
5934,1443,964915200000,965174400000,11,0,False,7,False,True,5,11,5,102,218,68
5935,1443,965520000000,965865600000,0,0,False,0,False,False,5,11,5,102,218,14
5936,1444,961027200000,961200000000,10,0,False,93,True,True,9,10,9,5389,4211,20
5937,1444,962236800000,962409600000,9,0,False,2,False,False,9,10,9,5390,4211,19
5938,1444,965260800000,965606400000,0,0,False,0,False,False,9,10,9,5389,4211,65
5939,1444,966470400000,966556800000,9,0,False,39,True,True,9,10,9,5389,4211,66
5940,1444,967680000000,968025600000,9,0,False,158,False,True,9,10,9,5389,4211,12
5941,1445,968716800000,969062400000,13,0,False,7,False,False,12,13,12,3420,49,70
5942,1445,969321600000,969667200000,13,0,False,8,False,False,12,13,12,3420,49,69
5943,1446,973814400000,974073600000,2,0,False,9,False,False,6,2,6,3156,29,36
5944,1447,974505600000,974851200000,2,0,False,7,False,False,2,12,2,29,3420,51
5945,1447,975110400000,975456000000,0,0,False,0,False,False,2,12,2,29,3420,29
5946,1448,974246400000,974592000000,0,0,False,0,False,False,3,9,3,3714,5389,26
5947,1448,975456000000,975801600000,0,0,False,0,False,False,3,9,3,3714,5389,30
5948,1448,976147200000,976492800000,9,0,False,6,False,False,3,9,3,3714,5389,24
5949,1449,974419200000,974764800000,11,0,False,5,False,False,11,13,11,218,49,72
5950,1449,975542400000,975888000000,11,0,False,7,False,False,11,13,11,218,49,73
5951,1449,976233600000,976579200000,0,0,False,0,False,False,11,13,11,218,49,88
5952,1450,977788800000,978134400000,0,0,False,0,False,False,13,12,13,49,3420,45
5953,1451,974937600000,975110400000,4,0,False,126,True,True,4,10,4,4712,4211,35
5954,1451,975628800000,975801600000,4,0,False,27,True,True,4,10,4,4712,4211,38
5955,1451,976838400000,977184000000,4,0,False,5,False,False,4,10,4,36,4211,40
5956,1451,977788800000,978048000000,4,0,False,352,False,True,4,10,4,4712,4211,87
5957,1451,978393600000,978739200000,4,0,False,6,False,False,4,10,4,4712,4211,34
5958,1452,977788800000,978134400000,0,0,False,0,False,False,11,5,11,218,102,74
5959,1452,978393600000,978566400000,11,0,False,229,True,True,11,5,11,218,102,52
5960,1452,979948800000,980121600000,11,0,False,7,True,True,11,5,11,218,102,75
5961,1453,982800000000,983145600000,5,0,False,28,True,True,5,9,5,102,5389,113
5962,1453,983923200000,984268800000,9,0,False,3,False,False,5,9,5,102,5389,68
5963,1453,984614400000,984787200000,9,0,False,4,False,False,5,9,5,102,5389,14
5964,1454,983232000000,983404800000,4,0,False,10,False,False,2,4,2,29,4712,81
5965,1454,984268800000,984614400000,2,0,False,171,False,True,2,4,2,29,4712,31
5966,1454,984873600000,985219200000,2,0,False,2,False,False,2,4,2,29,4712,11
5967,1455,984009600000,984355200000,3,0,False,299,False,True,13,3,13,49,3714,41
5968,1455,984614400000,984960000000,0,0,False,0,False,False,13,3,13,49,3714,43
5969,1455,985651200000,985910400000,13,0,False,185,True,True,13,3,13,49,35,100
5970,1456,984096000000,984441600000,0,0,False,0,False,False,10,11,10,4199,218,53
5971,1456,984787200000,985132800000,11,0,False,69,False,True,10,11,10,4199,218,54
5972,1456,985824000000,986169600000,0,0,False,0,False,False,10,11,10,4199,218,55
5973,1456,986515200000,986860800000,11,0,False,82,False,True,10,11,10,4199,218,56
5974,1456,987638400000,987984000000,10,0,False,130,False,True,10,11,10,4199,218,57
5975,1457,987638400000,987897600000,12,0,False,32,True,True,12,6,12,3420,3156,70
5976,1457,988243200000,988588800000,12,0,False,8,False,False,12,6,12,3420,3156,69
60009,5204,1675915200000,1676260800000,2,4,True,132,True,True,2,4,2,576,8095,228
60016,5204,1676606400000,1676952000000,2,4,True,6,False,False,2,4,2,576,8095,51
60023,5204,1677643200000,1677988800000,4,2,True,9,False,False,2,4,2,576,2250,152
60028,5204,1678334400000,1678680000000,0,4,True,0,False,False,2,4,2,576,2250,50
60772,5260,1675497600000,1675843200000,0,10,True,0,False,False,12,10,12,6334,1984,70
60777,5260,1676188800000,1676534400000,10,12,True,4,True,True,12,10,12,6334,1984,70
6222,1397,866160000000,866332800000,10,0,False,6,False,False,10,5,10,4194,3517,56
6223,1397,866764800000,867110400000,0,0,False,0,False,False,10,5,10,4194,3517,58
6224,1398,870480000000,870825600000,0,0,False,0,False,False,5,2,5,3517,25,15
6225,1398,871084800000,871430400000,0,0,False,0,False,False,5,2,5,3517,25,14
6226,1399,865468800000,865728000000,9,0,False,9,False,False,9,4,9,5385,4729,20
6227,1399,866678400000,867024000000,0,0,False,0,False,False,9,4,9,5385,4729,19
6228,1399,867888000000,868233600000,4,0,False,268,False,True,9,4,9,5385,4729,65
6229,1399,869702400000,870048000000,4,0,False,61,True,True,9,4,9,5385,4729,66
6230,1399,870912000000,871171200000,4,0,False,264,False,True,9,4,9,5385,4729,18
6231,1399,872121600000,872294400000,9,0,False,19,False,True,9,4,9,5385,4729,12
6232,1400,874540800000,874886400000,0,0,False,0,False,False,12,13,12,3408,49,69
6233,1400,875145600000,875491200000,0,0,False,0,False,False,12,13,12,3408,49,70
6234,1401,876096000000,876441600000,0,0,False,0,False,False,3,11,3,3703,4581,25
6235,1401,877046400000,877392000000,0,0,False,0,False,False,3,11,3,3703,4581,127
6236,1401,877651200000,877910400000,11,0,False,53,False,True,3,11,3,3703,4581,30
6237,1402,878860800000,879206400000,4,0,False,186,False,True,4,13,4,4729,49,35
6238,1402,879984000000,880243200000,4,0,False,70,True,True,4,13,4,4729,49,38
6239,1402,880588800000,880934400000,0,0,False,0,False,False,4,13,4,4729,49,39
6240,1403,879897600000,880243200000,0,0,False,0,False,False,2,5,2,25,3517,46
6241,1403,880502400000,880848000000,0,0,False,0,False,False,2,5,2,25,3517,29
6242,1403,881107200000,881452800000,0,0,False,0,False,False,2,5,2,25,3517,81
6243,1404,879724800000,879984000000,3,0,False,19,True,True,3,10,3,3688,4194,23
6244,1404,880761600000,881107200000,3,0,False,29,True,True,3,10,3,3688,4194,25
6245,1404,881366400000,881625600000,3,0,False,10,False,False,3,10,3,3688,4194,24
6246,1405,884131200000,884476800000,5,0,False,8,False,False,5,12,5,3517,3408,68
6247,1405,884736000000,885081600000,5,0,False,5,False,False,5,12,5,3517,3408,14
6248,1406,883094400000,883440000000,0,0,False,0,False,False,4,11,4,4729,4581,87
6249,1406,883699200000,883958400000,4,0,False,21,True,True,4,11,4,4729,4581,34
6250,1406,886118400000,886464000000,0,0,False,0,False,False,4,11,4,4729,4581,40
6251,1407,887846400000,888105600000,13,0,False,10,False,False,13,12,13,49,3408,45
6252,1407,888451200000,888624000000,13,0,False,13,True,True,13,12,13,49,3408,41
6253,1408,887414400000,887760000000,0,0,False,0,False,False,11,3,11,4601,3715,88
6254,1408,888451200000,888796800000,3,0,False,29,False,True,11,3,11,4581,3715,74
6255,1408,889142400000,889488000000,11,0,False,259,False,True,11,3,11,4581,3720,73
6256,1409,886032000000,886377600000,0,0,False,0,False,False,10,9,10,240,5385,57
6257,1409,886636800000,886982400000,10,0,False,3,False,False,10,9,10,240,5385,54
6258,1409,887328000000,887673600000,9,0,False,3,False,False,10,9,10,240,5385,54
6259,1409,888537600000,888796800000,10,0,False,242,False,True,10,9,10,240,5385,53
6260,1409,889660800000,890006400000,0,0,False,0,False,False,10,9,10,240,5385,55
6261,1409,890352000000,890697600000,10,0,False,52,True,True,10,9,10,240,5385,56
6262,1410,889833600000,890179200000,0,0,False,0,False,False,12,3,12,3408,3720,70
6263,1410,890438400000,890784000000,3,0,False,3,False,False,12,3,12,3408,3720,69
6264,1411,889142400000,889488000000,2,0,False,179,False,True,2,4,2,3864,4729,11
6265,1411,890179200000,890438400000,2,0,False,219,True,True,2,4,2,3864,4729,31
6266,1411,890784000000,891043200000,4,0,False,8,False,False,2,4,2,3864,4729,27
6267,1412,890265600000,890611200000,11,0,False,70,False,True,11,5,11,4581,3517,52
6268,1412,890956800000,891216000000,11,0,False,6,False,False,11,5,11,4581,3517,75
6269,1413,896227200000,896572800000,13,0,False,167,False,True,5,13,5,3517,49,15
6270,1413,896832000000,897177600000,5,0,False,16,True,True,5,13,5,3517,49,113
6271,1413,897436800000,897696000000,5,0,False,164,False,True,5,13,5,3517,49,14
6272,1414,896918400000,897264000000,0,0,False,0,False,False,9,11,9,5390,4581,20
6273,1414,898128000000,898387200000,11,0,False,10,False,False,9,11,9,5390,4581,19
6274,1414,899337600000,899683200000,0,0,False,0,False,False,9,11,9,5390,4581,65
6275,1414,901152000000,901497600000,9,0,False,8,False,False,9,11,9,5390,4581,18
6276,1414,902361600000,902707200000,9,0,False,23,False,True,9,11,9,5390,4581,66
6277,1415,904176000000,904521600000,5,0,False,10,False,False,9,5,9,5390,3517,12
6278,1416,907718400000,907977600000,12,0,False,61,False,True,12,2,12,3408,3864,69
6279,1417,907200000000,907545600000,4,0,False,99,True,True,3,4,3,3715,4729,25
6280,1417,908409600000,908755200000,0,0,False,0,False,False,3,4,3,3715,4729,23
6281,1417,909014400000,909360000000,0,0,False,0,False,False,3,4,3,3715,4729,24
6282,1418,912124800000,912384000000,12,0,False,7,False,False,3,12,3,3715,3408,23
6283,1418,913248000000,913593600000,0,0,False,0,False,False,3,12,3,3714,3408,26
62841,5490,1680580800000,1680926400000,6,27,True,7,False,False,6,27,6,544,6710,128
6285,1419,911520000000,911865600000,0,0,False,0,False,False,4,9,4,4729,5390,35
6286,1419,912211200000,912384000000,4,0,False,7,False,False,4,9,4,4729,5390,38
6287,1419,913334400000,913680000000,4,0,False,205,False,True,4,9,4,4729,5390,40
6288,1419,914630400000,914889600000,9,0,False,12,False,True,4,9,4,4729,5390,87
6289,1419,915235200000,915494400000,4,0,False,98,False,True,4,9,4,4729,5390,34
6290,1420,913939200000,914284800000,0,0,False,0,False,False,13,2,13,49,3864,210
6291,1420,914630400000,914976000000,13,0,False,4,False,False,13,2,13,49,3864,45
6292,1420,915235200000,915580800000,0,0,False,0,False,False,13,2,13,49,3864,100
6293,1421,912038400000,912384000000,11,0,False,4,False,False,11,10,11,4581,240,88
6294,1421,913248000000,913420800000,11,0,False,178,False,True,11,10,11,4581,240,73
6295,1421,914630400000,914889600000,11,0,False,9,False,False,11,10,11,4581,240,74
6296,1421,915235200000,915580800000,11,0,False,149,False,True,11,10,11,4581,240,52
6297,1421,916358400000,916617600000,11,0,False,351,False,True,11,10,11,4581,240,75
6298,1422,917481600000,917740800000,3,0,False,12,False,True,2,3,2,3864,3688,11
6299,1422,918086400000,918345600000,2,0,False,212,False,True,2,3,2,3864,3688,51
6300,1423,919123200000,919468800000,3,0,False,46,False,True,2,3,2,3864,3688,31
6301,1423,919814400000,920160000000,0,0,False,0,False,False,5,2,5,3517,3864,14
6302,1423,920505600000,920851200000,0,0,False,0,False,False,3,5,3,3688,3544,26
6303,1423,921196800000,921456000000,3,0,False,175,True,True,3,5,0,3688,3531,36
6304,1424,920073600000,920419200000,0,0,False,0,False,False,13,11,13,4069,4581,41
6305,1424,921110400000,921456000000,0,0,False,0,False,False,13,11,13,4069,4581,43
6306,1424,921715200000,922060800000,11,0,False,8,False,False,13,11,13,4069,4581,45
6307,1425,920592000000,920851200000,4,0,False,312,False,True,10,4,10,240,4712,54
6308,1425,921283200000,921542400000,10,0,False,10,False,False,10,4,10,240,4712,57
6309,1425,922406400000,922752000000,10,0,False,1,False,False,10,4,10,240,4712,55
6310,1425,923097600000,923443200000,4,0,False,176,False,True,10,4,10,240,4712,56
65805,5917,1686130200000,1686475800000,4,2,False,209,False,True,4,2,0,8095,576,12
6617,1358,770515200000,770860800000,9,0,False,90,True,True,9,13,9,5385,4041,18
6618,1358,771724800000,772070400000,0,0,False,0,False,False,9,13,9,5385,4041,19
6619,1358,772934400000,773366400000,0,0,False,0,False,False,9,13,9,5385,4041,65
6620,1359,774748800000,775008000000,11,0,False,356,False,True,9,11,9,5385,4590,19
6621,1359,775958400000,776304000000,0,0,False,0,False,False,9,11,9,5385,4590,66
6622,1359,777168000000,777427200000,9,0,False,8,False,False,9,11,9,5385,4590,12
6623,1360,776390400000,776736000000,3,0,False,301,False,True,5,3,5,3517,3673,71
6625,1360,777859200000,778032000000,3,0,False,52,True,True,5,3,5,3517,3673,68
6626,1361,781833600000,782265600000,0,0,False,0,False,False,12,5,12,3406,3517,69
6627,1361,782611200000,782956800000,0,0,False,0,False,False,12,5,12,3406,3517,70
6628,1361,783129600000,783561600000,0,0,False,0,False,False,12,5,12,3406,3517,69
6629,1362,780710400000,781056000000,3,0,False,1,False,False,3,4,3,3673,4729,24
6630,1362,781315200000,781660800000,0,0,False,0,False,False,3,4,3,3673,4729,25
6631,1362,783648000000,783993600000,0,0,False,0,False,False,3,4,3,3673,4729,26
6632,1363,785116800000,785462400000,2,0,False,96,False,True,2,10,2,3864,4194,81
6633,1363,786240000000,786585600000,0,0,False,0,False,False,2,10,2,3864,4194,29
6634,1363,787017600000,787363200000,10,0,False,243,False,True,2,10,2,3864,4194,46
6635,1364,785721600000,786067200000,13,0,False,137,False,True,11,13,11,4581,4041,88
6636,1364,788400000000,788745600000,11,0,False,8,False,False,11,13,11,4581,4041,74
6637,1364,789004800000,789350400000,11,0,False,7,False,False,11,13,11,4581,4041,52
6638,1365,790473600000,790819200000,11,0,False,324,False,True,11,3,11,4581,3673,88
6639,1366,785721600000,786067200000,4,0,False,184,False,True,4,9,4,4729,5385,35
6640,1366,788227200000,788659200000,4,0,False,295,False,True,4,9,4,4729,5385,87
6641,1366,788918400000,789264000000,0,0,False,0,False,False,4,9,4,4729,5385,34
6642,1366,791078400000,791424000000,9,0,False,106,False,True,4,9,4,4729,5385,40
6643,1366,791769600000,792115200000,4,0,False,329,False,True,4,9,4,4729,5385,38
6644,1367,791769600000,792115200000,0,0,False,0,False,False,13,10,13,4041,4194,43
6645,1367,792374400000,792633600000,10,0,False,322,True,True,13,10,13,4041,4194,45
6646,1368,791510400000,791856000000,12,0,False,64,True,True,12,3,12,3406,3673,69
6647,1368,792115200000,792288000000,3,0,False,8,False,False,12,3,12,3406,3673,70
6648,1368,792806400000,793152000000,3,0,False,99,False,True,12,3,12,3406,3673,69
6649,1369,794275200000,794620800000,11,0,False,93,False,True,13,11,13,4041,4581,41
6650,1370,794880000000,795225600000,5,0,False,241,False,True,13,5,13,4041,3517,44
6651,1370,795484800000,795830400000,0,0,False,0,False,False,13,5,13,4041,3517,210
6652,1371,796608000000,796780800000,4,0,False,10,False,False,10,4,10,4190,4729,55
6653,1371,797299200000,797731200000,0,0,False,0,False,False,10,4,10,4190,4729,56
6654,1371,798422400000,798595200000,10,0,False,9,False,False,10,4,10,4190,4729,54
6655,1371,799113600000,799459200000,4,0,False,53,True,True,10,4,10,4190,4729,57
6656,1372,802569600000,802828800000,10,0,False,9,False,False,9,10,9,5385,4190,66
6657,1372,803779200000,804124800000,9,0,False,72,False,True,9,10,9,5385,4190,19
6658,1372,804988800000,805161600000,10,0,False,64,True,True,9,10,9,5385,4190,20
6659,1372,806803200000,807062400000,9,0,False,6,False,False,9,10,9,5385,4190,65
6660,1372,808012800000,808358400000,0,0,False,0,False,False,9,10,9,5385,4190,18
6661,1372,809222400000,809568000000,0,0,False,0,False,False,9,10,9,5385,4190,12
6662,1373,810518400000,810777600000,3,0,False,40,True,True,3,5,3,3691,3517,23
6663,1373,811123200000,811468800000,5,0,False,42,False,True,3,5,3,3691,3517,30
6664,1373,811728000000,812073600000,5,0,False,144,False,True,3,5,3,3691,3517,247
6665,1374,813542400000,813801600000,11,0,False,7,False,False,12,11,12,3406,4581,69
6666,1375,813974400000,814147200000,2,0,False,8,False,False,2,13,2,3864,4083,27
6667,1375,814579200000,814924800000,0,0,False,0,False,False,2,13,2,3864,4083,11
6668,1375,815788800000,816134400000,0,0,False,0,False,False,2,13,2,3864,4083,103
6669,1376,815875200000,816220800000,4,0,False,126,True,True,4,3,4,4729,3688,35
6670,1376,816566400000,816825600000,4,0,False,155,False,True,4,3,4,4729,3688,39
6671,1376,817689600000,818035200000,3,0,False,74,False,True,4,3,4,4729,3688,34
6672,1377,818380800000,818726400000,3,0,False,161,False,True,13,3,13,4083,3688,43
6673,1378,816480000000,816825600000,0,0,False,0,False,False,11,9,11,4581,5385,75
6674,1378,817689600000,818035200000,0,0,False,0,False,False,11,9,11,4581,5385,88
6675,1378,818899200000,819244800000,0,0,False,0,False,False,11,9,11,4581,5385,74
6676,1378,819936000000,820281600000,0,0,False,0,False,False,11,9,11,4581,5385,73
6677,1378,820540800000,820713600000,11,0,False,10,False,False,11,9,11,4581,5385,52
6678,1379,821491200000,821836800000,0,0,False,0,False,False,13,12,13,4083,3406,100
6679,1379,822096000000,822441600000,0,0,False,0,False,False,13,12,13,4083,3406,41
6680,1380,818380800000,818640000000,4,0,False,36,True,True,4,5,4,4729,3517,38
6681,1380,819936000000,820281600000,4,0,False,10,False,False,4,5,4,4729,3517,87
6682,1380,822528000000,822873600000,4,0,False,148,False,True,4,5,4,4729,3531,40
6683,1381,829872000000,830217600000,10,0,False,10,False,False,10,13,10,4194,4083,55
6684,1381,830563200000,830995200000,0,0,False,0,False,False,10,13,10,4194,4083,56
6685,1382,834019200000,834278400000,9,0,False,8,False,False,9,2,9,5385,3864,20
6686,1382,835228800000,835574400000,0,0,False,0,False,False,9,2,9,5385,3864,19
6687,1382,836438400000,836870400000,0,0,False,0,False,False,9,2,9,5385,3864,18
6688,1383,838252800000,838598400000,3,0,False,164,False,True,9,3,9,5385,3688,19
6689,1383,839462400000,839808000000,0,0,False,0,False,False,9,3,9,5385,3688,66
6690,1383,840672000000,841017600000,3,0,False,9,False,False,9,3,9,5385,3688,12
6691,1384,842400000000,842659200000,5,0,False,77,True,True,5,12,5,3517,3408,15
6692,1384,843004800000,843264000000,5,0,False,10,False,False,5,12,5,3517,3408,14
6693,1385,844905600000,845164800000,2,0,False,7,False,False,2,4,2,25,4729,51
6694,1386,845510400000,845856000000,0,0,False,0,False,False,3,12,3,3688,3408,127
6695,1386,846115200000,846288000000,3,0,False,10,False,False,3,12,3,3688,3408,30
6696,1387,848534400000,848793600000,13,0,False,44,False,True,3,13,3,3703,4083,26
6697,1387,849139200000,849398400000,3,0,False,13,True,True,3,13,3,3703,4083,25
6698,1388,848448000000,848707200000,2,0,False,64,False,True,2,11,2,25,4581,50
6699,1388,849052800000,849398400000,11,0,False,329,False,True,2,11,2,25,4581,31
66995,5913,1681619400000,1681965000000,5,5,True,280,True,True,5,27,5,7952,6710,113
6700,1388,850003200000,850348800000,2,0,False,280,False,True,2,11,2,25,4581,32
67002,5913,1682310600000,1682656200000,5,27,True,10,True,True,5,27,5,7952,6710,113
6701,1389,850867200000,851212800000,0,0,False,0,False,False,12,9,12,3408,5385,70
6702,1389,851558400000,851904000000,0,0,False,0,False,False,12,9,12,3408,5385,69
6703,1390,851558400000,851731200000,11,0,False,328,False,True,11,2,11,4581,25,74
6704,1390,852163200000,852508800000,11,0,False,282,False,True,11,2,11,4581,25,52
6705,1390,853372800000,853718400000,0,0,False,0,False,False,11,2,11,4581,25,88
6706,1391,848620800000,848966400000,4,0,False,123,False,True,4,10,4,4729,4194,35
6707,1391,849225600000,849571200000,4,0,False,124,False,True,4,10,4,4729,4194,34
6708,1391,851558400000,851731200000,10,0,False,6,False,False,4,10,4,4729,4194,87
6709,1391,854150400000,854409600000,4,0,False,183,True,True,4,10,4,4729,4194,40
6710,1391,854755200000,854928000000,10,0,False,10,False,False,4,10,4,4729,4194,38
6711,1392,854064000000,854409600000,0,0,False,0,False,False,13,9,13,4083,5385,41
6712,1392,855187200000,855532800000,9,0,False,68,True,True,13,9,13,4083,5385,45
6713,1392,855878400000,856224000000,9,0,False,4,False,False,13,9,13,49,5385,43
6714,1393,857692800000,857952000000,13,0,False,36,True,True,13,5,13,49,3517,210
6715,1393,858297600000,858556800000,13,0,False,120,False,True,13,5,13,49,3517,100
6716,1394,857088000000,857433600000,4,0,False,196,True,True,11,4,11,4581,4729,88
6717,1394,858297600000,858556800000,4,0,False,2,False,False,11,4,11,4581,4729,73
6718,1394,858902400000,859161600000,11,0,False,8,False,False,11,4,11,4581,4729,75
6719,1395,857606400000,857952000000,0,0,False,0,False,False,10,2,10,4194,25,57
6720,1395,858297600000,858643200000,0,0,False,0,False,False,10,2,10,4194,25,54
6721,1395,859420800000,859766400000,10,0,False,38,False,True,10,2,10,240,25,55
6722,1395,860112000000,860457600000,0,0,False,0,False,False,10,2,10,4194,25,56
6723,1395,861235200000,861580800000,0,0,False,0,False,False,10,2,10,4194,25,53
6724,1396,861408000000,861753600000,0,0,False,0,False,False,5,3,5,3517,3691,15
6725,1396,862012800000,862358400000,0,0,False,0,False,False,5,3,5,3517,3691,14
6965,1327,676166400000,676512000000,9,0,False,115,False,True,9,10,9,5308,4163,66
6966,1327,677376000000,677721600000,0,0,False,0,False,False,9,10,9,5308,4163,19
6967,1327,678585600000,679017600000,10,0,False,9,False,False,9,10,9,5308,4163,18
6968,1327,680400000000,680659200000,10,0,False,7,False,False,9,10,9,5308,4163,20
6969,1327,681609600000,681955200000,9,0,False,5,False,False,9,10,9,5308,4163,12
6970,1328,682819200000,683251200000,9,0,False,137,False,True,9,5,9,5308,3531,19
6971,1329,692496000000,692928000000,0,0,False,0,False,False,3,5,3,3647,3531,247
6972,1329,693187200000,693619200000,0,0,False,0,False,False,3,5,3,3647,3531,146
6973,1329,694310400000,694742400000,3,0,False,3,False,False,3,5,3,3647,3531,30
6974,1330,691372800000,691632000000,4,0,False,10,False,False,4,2,4,4672,3864,35
6975,1330,693705600000,693964800000,4,0,False,8,False,False,4,2,4,4672,3864,87
6976,1330,694310400000,694656000000,0,0,False,0,False,False,4,2,4,4672,3864,34
6977,1330,696297600000,696643200000,4,0,False,38,False,True,4,2,4,4672,3864,40
6978,1330,696902400000,697248000000,4,0,False,300,False,True,4,2,4,4672,3864,38
6979,1331,695692800000,696038400000,9,0,False,4,True,True,13,9,13,4031,5308,43
6980,1331,696729600000,697075200000,9,0,False,168,False,True,13,9,13,4031,5308,41
6981,1331,697334400000,697680000000,0,0,False,0,False,False,13,9,13,4031,5308,45
6982,1332,703555200000,703987200000,10,0,False,52,False,True,10,11,10,4190,4590,55
6983,1333,707616000000,707961600000,0,0,False,0,False,False,9,3,9,5308,3664,20
6984,1333,708825600000,709084800000,3,0,False,2,False,False,9,3,9,5308,3664,19
6985,1333,710035200000,710467200000,0,0,False,0,False,False,9,3,9,5308,3664,65
6986,1333,711849600000,712108800000,9,0,False,6,False,False,9,3,9,5308,3664,66
6987,1333,713059200000,713318400000,3,0,False,10,False,False,9,3,9,5308,3664,12
6988,1334,714009600000,714441600000,4,0,False,16,False,True,5,4,5,3517,4672,14
6989,1334,714960000000,715392000000,0,0,False,0,False,False,5,4,5,3517,4672,15
6990,1334,715910400000,716342400000,0,0,False,0,False,False,5,4,5,3517,4672,253
6991,1335,719366400000,719712000000,0,0,False,0,False,False,12,2,12,3392,3864,69
6992,1336,720576000000,720921600000,0,0,False,0,False,False,12,13,12,3392,4031,261
6993,1336,721094400000,721526400000,13,0,False,177,False,True,12,13,12,3392,4031,69
6994,1337,722822400000,723254400000,0,0,False,0,False,False,5,13,5,3517,4031,253
6995,1337,723600000000,723859200000,5,0,False,9,False,False,5,13,5,3517,4031,14
6996,1338,725932800000,726192000000,3,0,False,33,False,True,13,3,13,4041,3664,100
6997,1339,721612800000,721958400000,0,0,False,0,False,False,11,2,11,4590,3864,74
6998,1339,722736000000,723081600000,0,0,False,0,False,False,11,2,11,4590,3864,88
6999,1339,725328000000,725587200000,11,0,False,9,False,False,11,2,11,4590,3864,73
7000,1339,725932800000,726278400000,0,0,False,0,False,False,11,2,11,4590,3864,52
7001,1340,722822400000,723168000000,0,0,False,0,False,False,4,10,4,4672,4190,35
7002,1340,725328000000,725673600000,4,0,False,139,False,True,4,10,4,4672,4190,87
7003,1340,725932800000,726278400000,0,0,False,0,False,False,4,10,4,4672,4190,34
7004,1340,727747200000,728006400000,10,0,False,1,False,True,4,10,4,4672,4190,40
7005,1340,728352000000,728524800000,10,0,False,25,True,True,4,10,4,4672,4190,38
7006,1341,728265600000,728611200000,2,0,False,8,False,False,2,9,2,3864,5308,31
7007,1341,729388800000,729734400000,2,0,False,22,True,True,2,9,2,3864,5390,11
7008,1341,730080000000,730425600000,2,0,False,15,True,True,2,9,2,3864,5308,81
7009,1342,730598400000,730857600000,4,0,False,60,True,True,13,4,13,4031,4672,43
7010,1342,731203200000,731548800000,0,0,False,0,False,False,13,4,13,4031,4672,45
7011,1342,731894400000,732240000000,13,0,False,5,False,False,13,4,13,4031,4672,41
7012,1343,731980800000,732326400000,2,0,False,13,True,True,2,12,2,3864,3392,51
7013,1344,731980800000,732412800000,5,0,False,5,False,False,5,9,5,3517,5390,14
7014,1345,734918400000,735091200000,10,0,False,204,False,True,10,3,10,4190,3688,54
7015,1345,735523200000,735868800000,10,0,False,10,False,False,10,3,10,4190,3688,55
7016,1345,736214400000,736646400000,0,0,False,0,False,False,10,3,10,4190,3688,56
7017,1346,742867200000,743299200000,0,0,False,0,False,False,5,2,5,3517,3864,68
7018,1346,743731200000,744163200000,2,0,False,235,False,True,5,2,5,3517,3864,14
7019,1346,744422400000,744854400000,0,0,False,0,False,False,5,2,5,3517,3864,71
7020,1347,739065600000,739411200000,4,0,False,179,False,True,9,4,9,5308,4672,65
7021,1347,740275200000,740620800000,4,0,False,62,True,True,9,4,9,5308,4672,19
7022,1347,741484800000,741916800000,0,0,False,0,False,False,9,4,9,5308,4672,18
7023,1347,743299200000,743644800000,4,0,False,148,True,True,9,4,9,5308,4672,66
7024,1347,744508800000,744854400000,4,0,False,8,False,False,9,4,9,5385,4672,20
7025,1347,745718400000,746064000000,9,0,False,161,False,True,9,4,9,5385,4672,12
7026,1348,746236800000,746668800000,0,0,False,0,False,False,5,11,5,3517,4590,253
7027,1348,747273600000,747619200000,11,0,False,208,True,True,5,11,5,3517,4590,14
7028,1348,747964800000,748396800000,0,0,False,0,False,False,5,11,5,3517,4590,71
7029,1349,753062400000,753408000000,0,0,False,0,False,False,4,13,4,4672,4031,38
7030,1349,754272000000,754531200000,4,0,False,222,True,True,4,13,4,4672,4041,39
70305,6290,1702520400000,1702866000000,4,4,True,360,False,True,4,3,4,8095,9545,512
7031,1349,754876800000,755222400000,4,0,False,96,True,True,4,13,4,4672,4041,35
70312,6290,1703547000000,1703892600000,4,3,False,79,False,True,4,3,4,8095,9545,87
70319,6290,1704238200000,1704583800000,4,3,True,8,False,False,4,3,4,8095,9545,34
7032,1350,755308800000,755740800000,0,0,False,0,False,False,5,10,5,3517,4190,253
70326,6297,1705447800000,1705793400000,4,4,False,10,False,False,4,10,4,8095,1984,40
7033,1351,754704000000,755136000000,3,0,False,131,False,True,3,12,3,3706,3406,244
70333,6297,1706155200000,1706500800000,10,10,True,8,False,True,4,10,4,8095,1984,35
7034,1351,755395200000,755827200000,3,0,False,52,False,True,3,12,3,3688,3406,25
7035,1351,756000000000,756432000000,0,0,False,0,False,False,3,12,3,3688,3406,26
7036,1352,756864000000,757209600000,0,0,False,0,False,False,4,11,4,4672,4590,87
7037,1352,757468800000,757814400000,11,0,False,5,False,True,4,11,4,4672,4590,34
7038,1352,759715200000,760060800000,4,0,False,191,False,True,4,11,4,4672,4581,40
7039,1353,758851200000,759196800000,2,0,False,119,True,True,2,5,2,3864,3517,235
7040,1353,759542400000,759888000000,2,0,False,95,True,True,2,5,2,3864,3517,27
7041,1353,760665600000,761011200000,2,0,False,17,True,True,2,5,2,3864,3517,50
7042,1354,760838400000,761011200000,3,0,False,5,False,False,13,3,13,4041,3673,41
7043,1354,761443200000,761702400000,3,0,False,12,True,True,13,3,13,4041,3673,45
7044,1354,762048000000,762393600000,13,0,False,5,False,False,13,3,13,4041,3673,43
7045,1355,764035200000,764380800000,0,0,False,0,False,False,13,2,13,4041,3864,100
7046,1356,762739200000,763084800000,11,0,False,197,False,True,11,4,11,4590,4672,88
7047,1356,763862400000,764208000000,4,0,False,9,False,False,11,4,11,4590,4672,52
7048,1356,764553600000,764899200000,0,0,False,0,False,False,11,4,11,4590,4672,74
7049,1357,761616000000,762048000000,10,0,False,8,False,False,10,9,10,4190,5385,57
7050,1357,763862400000,764294400000,10,0,False,44,True,True,10,9,10,4190,5385,53
7051,1357,764553600000,764985600000,10,0,False,147,False,True,10,9,10,4190,5385,54
7052,1357,765763200000,766195200000,9,0,False,208,False,True,10,9,10,4190,5385,55
7053,1357,766454400000,766886400000,0,0,False,0,False,False,10,9,10,4194,5385,56
70996,6351,1686715200000,1687060800000,6,96,False,546,False,True,6,96,6,8540,8277,128
72819,6582,1689170400000,1689516000000,2,10,True,141,True,True,10,2,10,1984,576,106
72826,6582,1689861600000,1690207200000,0,10,False,0,False,False,10,2,10,1984,576,54
7350,1287,518313600000,518745600000,2,0,False,5,False,False,9,2,9,5326,3838,19
7351,1287,519523200000,519868800000,2,0,False,279,False,True,9,2,9,5324,3838,66
7352,1287,520732800000,521164800000,0,0,False,0,False,False,9,2,9,5324,3838,20
7353,1288,522547200000,522979200000,0,0,False,0,False,False,9,13,9,5324,4022,19
7354,1288,523756800000,524188800000,13,0,False,8,False,False,9,13,9,5324,4022,18
7355,1288,524966400000,525398400000,0,0,False,0,False,False,9,13,9,5324,4022,12
7356,1289,527385600000,527731200000,0,0,False,0,False,False,2,4,2,3838,4672,11
7357,1289,528076800000,528422400000,0,0,False,0,False,False,2,4,2,3838,4672,51
7358,1289,529718400000,530064000000,0,0,False,0,False,False,2,4,2,3838,4672,81
7359,1290,530496000000,530928000000,3,0,False,186,False,True,3,10,3,3647,4163,30
7360,1290,531705600000,531878400000,10,0,False,10,True,True,3,10,3,3647,4163,26
7361,1290,532828800000,533260800000,0,0,False,0,False,False,3,10,3,3647,4163,24
7362,1291,535161600000,535593600000,0,0,False,0,False,False,2,5,2,3838,3499,32
7363,1291,536025600000,536371200000,2,0,False,106,True,True,2,5,2,3838,3499,29
73635,6652,1689481800000,1689827400000,3,5,True,4,False,False,5,3,5,7952,8359,113
73638,6652,1690173000000,1690518600000,3,5,True,222,True,True,5,3,5,7952,8359,14
7364,1291,536716800000,536976000000,2,0,False,67,True,True,2,5,2,3838,3499,103
7365,1292,532310400000,532742400000,9,0,False,7,False,False,4,9,4,4672,5324,35
7366,1292,533520000000,533952000000,0,0,False,0,False,False,4,9,4,4672,5324,38
7367,1292,534729600000,535075200000,0,0,False,0,False,False,4,9,4,4672,5324,40
7368,1292,535939200000,536112000000,9,0,False,14,True,True,4,9,4,4672,5324,87
7369,1292,537235200000,537667200000,4,0,False,55,False,True,4,9,4,4672,5324,34
7370,1293,540777600000,541123200000,0,0,False,0,False,False,13,10,13,4022,4163,45
7371,1293,541382400000,541728000000,10,0,False,10,False,False,13,10,13,4022,4163,41
7372,1293,542505600000,542764800000,13,0,False,5,False,False,13,10,13,4022,4163,43
7373,1294,539308800000,539740800000,0,0,False,0,False,False,2,3,2,3838,3647,11
7374,1294,540000000000,540432000000,0,0,False,0,False,False,2,3,2,3838,3647,31
7375,1294,540864000000,541296000000,0,0,False,0,False,False,2,3,2,3838,3647,76
7376,1294,541814400000,542246400000,0,0,False,0,False,False,2,3,2,3838,3647,50
7377,1294,542592000000,542937600000,3,0,False,16,False,True,2,3,2,3838,3647,27
7378,1295,545529600000,545961600000,0,0,False,0,False,False,5,13,5,3499,4033,256
7381,1296,549763200000,550195200000,0,0,False,0,False,False,9,3,9,5324,3647,65
7382,1296,550972800000,551404800000,0,0,False,0,False,False,9,3,9,5324,3647,19
7383,1296,552182400000,552528000000,3,0,False,18,True,True,9,3,9,5324,3647,66
7384,1296,553996800000,554428800000,0,0,False,0,False,False,9,3,9,5324,3647,20
7385,1296,555206400000,555638400000,0,0,False,0,False,False,9,3,9,5324,3647,12
7386,1297,564796800000,565056000000,3,0,False,87,True,True,3,9,3,3664,5324,26
73869,6694,1701142200000,1701487800000,6,6,True,150,False,True,6,13,6,9864,1057,379
7387,1297,565833600000,566265600000,0,0,False,0,False,False,3,9,3,3664,5324,30
73876,6694,1701833400000,1702179000000,13,6,True,4,False,False,6,13,6,9864,1057,128
7388,1297,566611200000,567043200000,0,0,False,0,False,False,3,9,3,3664,5324,24
7389,1298,565574400000,565833600000,4,0,False,9,False,False,4,13,4,4672,4033,35
7390,1298,566179200000,566524800000,0,0,False,0,False,False,4,13,4,4672,4033,40
7391,1298,567475200000,567820800000,0,0,False,0,False,False,4,13,4,4672,4033,87
7392,1299,564796800000,565142400000,10,0,False,5,False,False,2,10,2,3832,4163,51
7393,1299,566179200000,566611200000,0,0,False,0,False,False,2,10,2,3832,4163,81
7394,1299,567475200000,567907200000,0,0,False,0,False,False,2,10,2,3832,4163,31
7395,1299,568857600000,569203200000,2,0,False,255,False,True,2,10,2,3849,4163,11
7396,1300,570412800000,570758400000,0,0,False,0,False,False,4,9,4,4672,5324,34
7397,1301,571622400000,571881600000,4,0,False,108,True,True,4,5,4,4672,3513,38
7398,1302,571622400000,572054400000,0,0,False,0,False,False,13,9,13,4033,5324,43
7399,1302,573350400000,573696000000,0,0,False,0,False,False,13,9,13,4019,5324,45
7400,1303,575942400000,576288000000,3,0,False,9,False,False,10,3,10,4165,3647,53
7401,1303,576979200000,577411200000,0,0,False,0,False,False,10,3,10,4163,3647,54
7402,1303,577670400000,578102400000,10,0,False,2,False,False,10,3,10,4163,3647,55
7403,1304,581212800000,581644800000,0,0,False,0,False,False,9,10,9,5324,4163,18
7404,1304,582422400000,582854400000,10,0,False,134,False,True,9,10,9,5327,4163,19
7405,1304,583632000000,584064000000,10,0,False,156,True,True,9,10,9,5327,4163,65
7406,1304,585446400000,585878400000,10,0,False,10,False,False,9,10,9,5357,4163,66
7407,1304,586656000000,587001600000,10,0,False,8,False,False,9,10,9,5308,4163,12
7408,1305,588470400000,588902400000,9,0,False,7,False,False,9,5,9,5308,3513,19
7409,1306,590284800000,590716800000,3,0,False,188,True,True,3,4,3,3664,4672,24
7410,1306,590976000000,591408000000,0,0,False,0,False,False,3,4,3,3664,4672,30
7411,1306,592185600000,592531200000,0,0,False,0,False,False,3,4,3,3664,4672,26
7412,1307,595296000000,595728000000,2,0,False,172,False,True,2,13,2,3832,4019,27
7413,1307,596332800000,596764800000,13,0,False,136,False,True,2,13,2,3832,4019,81
7414,1307,597024000000,597369600000,2,0,False,10,False,False,2,13,2,3832,4019,130
7415,1308,595814400000,596073600000,10,0,False,9,False,False,4,10,4,4672,4163,35
7416,1308,597024000000,597369600000,10,0,False,169,False,True,4,10,4,4672,4163,38
7417,1308,598924800000,599356800000,10,0,False,285,False,True,4,10,4,4672,4163,87
7418,1308,601776000000,602121600000,4,0,False,7,False,False,4,10,4,4672,4163,34
7419,1308,602467200000,602812800000,0,0,False,0,False,False,4,10,4,4672,4163,40
7420,1309,602467200000,602812800000,0,0,False,0,False,False,13,3,13,4019,3647,210
7421,1309,603072000000,603417600000,0,0,False,0,False,False,13,3,13,4019,3647,45
7422,1309,604281600000,604627200000,0,0,False,0,False,False,13,3,13,4019,3647,41
7423,1310,606787200000,607219200000,0,0,False,0,False,False,10,2,10,4163,3832,53
7424,1310,607910400000,608342400000,10,0,False,8,False,False,10,2,10,4163,3832,55
7425,1310,608601600000,609033600000,10,0,False,217,False,True,10,2,10,4163,3832,54
7426,1310,609724800000,610156800000,10,0,False,7,False,False,10,2,10,4163,3832,57
7427,1311,613267200000,613699200000,4,0,False,210,False,True,9,4,9,5326,4672,66
7428,1311,614476800000,614908800000,4,0,False,6,False,False,9,4,9,5326,4672,19
7429,1311,615686400000,616118400000,0,0,False,0,False,False,9,4,9,5326,4672,20
7430,1311,617500800000,617932800000,4,0,False,9,False,False,9,4,9,5326,4672,65
7431,1311,618710400000,619056000000,4,0,False,180,True,True,9,4,9,5326,4672,18
7432,1311,619920000000,620352000000,0,0,False,0,False,False,9,4,9,5326,4672,12
7433,1312,627868800000,628214400000,0,0,False,0,False,False,4,13,4,4672,4019,38
7434,1313,627091200000,627523200000,0,0,False,0,False,False,3,2,3,3647,3850,24
7435,1313,627782400000,628214400000,0,0,False,0,False,False,3,2,3,3647,3850,30
7436,1313,628473600000,628905600000,0,0,False,0,False,False,3,2,3,3647,3850,26
7437,1313,629164800000,629596800000,0,0,False,0,False,False,3,2,3,3647,3850,247
7438,1314,629078400000,629424000000,0,0,False,0,False,False,4,5,4,4672,3517,35
7439,1314,629769600000,630115200000,4,0,False,173,False,True,4,5,4,4672,3517,39
7440,1315,632102400000,632448000000,4,0,False,92,False,True,4,3,4,4672,3647,87
7441,1315,632707200000,633052800000,0,0,False,0,False,False,4,3,4,4672,3647,40
7442,1315,634003200000,634435200000,0,0,False,0,False,False,4,3,4,4672,3647,34
7443,1316,633916800000,634176000000,13,0,False,10,False,False,13,2,13,4019,3864,43
7444,1316,634521600000,634867200000,0,0,False,0,False,False,13,2,13,4019,3864,44
7445,1316,635644800000,635990400000,0,0,False,0,False,False,13,2,13,4019,3864,41
7446,1317,637459200000,637804800000,13,0,False,9,False,False,13,4,13,4019,4672,45
7447,1318,635817600000,636249600000,9,0,False,9,False,False,10,9,10,4163,5308,57
7448,1318,637027200000,637459200000,0,0,False,0,False,False,10,9,10,4163,5308,53
7449,1318,638150400000,638582400000,0,0,False,0,False,False,10,9,10,4174,5308,54
7450,1318,639273600000,639705600000,10,0,False,164,False,True,10,9,10,4163,5341,55
7451,1318,639878400000,640224000000,10,0,False,32,True,True,10,9,10,4163,5341,56
7452,1319,644716800000,645148800000,0,0,False,0,False,False,9,13,9,5308,4019,18
7453,1319,645926400000,646358400000,0,0,False,0,False,False,9,13,9,5308,4019,19
7454,1319,647136000000,647568000000,9,0,False,114,False,True,9,13,9,5308,4019,20
7455,1320,648950400000,649382400000,9,0,False,247,False,True,9,2,9,5308,3864,19
7456,1320,650160000000,650592000000,0,0,False,0,False,False,9,2,9,5308,3864,65
7457,1320,651369600000,651801600000,0,0,False,0,False,False,9,2,9,5308,3864,12
7458,1321,655516800000,655948800000,3,0,False,43,True,True,3,13,3,3664,4031,24
7459,1321,656208000000,656640000000,3,0,False,9,False,False,3,13,3,3664,4031,26
7460,1321,656899200000,657331200000,3,0,False,65,False,True,3,13,3,3664,4031,30
7461,1322,659318400000,659664000000,2,0,False,8,True,True,2,5,2,3864,3517,120
7462,1323,658627200000,659059200000,3,0,False,8,False,False,3,10,3,3647,4174,24
7463,1323,659318400000,659491200000,10,0,False,7,False,False,3,10,3,3647,4174,30
7464,1323,660441600000,660873600000,0,0,False,0,False,False,3,10,3,3647,4174,26
7465,1324,659318400000,659491200000,4,0,False,10,False,False,4,9,4,4672,5341,35
7466,1324,662169600000,662515200000,4,0,False,8,False,False,4,9,4,4672,5308,87
7467,1324,662947200000,663292800000,0,0,False,0,False,False,4,9,4,4672,5308,34
7468,1324,664761600000,665107200000,0,0,False,0,False,False,4,9,4,4672,5308,40
7469,1324,665366400000,665712000000,4,0,False,9,False,False,4,9,4,4672,5308,38
7470,1325,665280000000,665625600000,0,0,False,0,False,False,13,5,13,4031,3517,45
7471,1325,667180800000,667526400000,0,0,False,0,False,False,13,5,13,4031,3517,100
7472,1325,667785600000,668131200000,0,0,False,0,False,False,13,5,13,4029,3517,41
7473,1326,667785600000,668217600000,0,0,False,0,False,False,10,4,10,4163,4672,57
7474,1326,669686400000,670118400000,10,0,False,10,False,False,10,4,10,4163,4672,53
7475,1326,670809600000,671241600000,0,0,False,0,False,False,10,4,10,4163,4672,54
7476,1326,672019200000,672451200000,10,0,False,343,False,True,10,4,10,4163,4672,55
7477,1326,672710400000,673056000000,4,0,False,157,False,True,10,4,10,4163,4672,56
76486,6780,1720605600000,1720951200000,9,9,False,114,True,True,9,10,9,6557,1984,19
76493,6780,1721296800000,1721642400000,9,10,False,241,False,True,9,10,9,6557,1984,18
76500,6780,1721988000000,1722333600000,9,10,True,10,False,False,9,10,9,6557,1984,20
76507,6787,1724234400000,1724580000000,9,5,True,5,False,False,9,5,9,11691,7872,65
76514,6787,1724925600000,1725271200000,9,5,False,190,False,True,9,5,9,11691,7872,19
76521,6787,1725616800000,1725962400000,5,5,False,8,False,False,9,5,9,11691,7872,12
7748,1247,361670400000,361929600000,4,0,False,4,False,False,9,4,9,5321,4660,18
7749,1247,362880000000,363312000000,0,0,False,0,False,False,9,4,9,5321,4660,19
7750,1247,364089600000,364521600000,9,0,False,18,False,True,9,4,9,5312,4660,66
7751,1247,365299200000,365558400000,9,0,False,29,False,True,9,4,9,5312,4660,20
7752,1247,366508800000,366854400000,9,0,False,103,False,True,9,4,9,5312,4660,65
7753,1247,367718400000,368150400000,0,0,False,0,False,False,9,4,9,5312,4660,12
7754,1248,374457600000,374803200000,4,0,False,286,False,True,4,3,4,4624,3664,38
7755,1248,375667200000,376012800000,4,0,False,10,False,False,4,3,4,4624,3664,35
7756,1248,376876800000,377222400000,3,0,False,82,True,True,4,3,4,4624,3664,87
7757,1249,378172800000,378518400000,4,0,False,58,False,True,4,10,4,4624,4158,87
7758,1249,378777600000,379123200000,0,0,False,0,False,False,4,10,4,4624,4158,34
7759,1249,381196800000,381542400000,10,0,False,5,False,False,4,10,4,4624,4158,40
7760,1250,375667200000,376012800000,2,0,False,138,False,True,2,9,2,3817,5286,81
7761,1250,376704000000,377136000000,0,0,False,0,False,False,2,9,2,3817,5286,27
7762,1250,377913600000,378345600000,0,0,False,0,False,False,2,9,2,3817,5286,51
7763,1250,378691200000,379123200000,0,0,False,0,False,False,2,9,2,3817,5286,31
7764,1250,379728000000,380160000000,0,0,False,0,False,False,2,9,2,3817,5286,11
7765,1250,381196800000,381628800000,0,0,False,0,False,False,2,9,2,3817,5286,32
7766,1251,382752000000,383097600000,9,0,False,7,False,False,5,9,5,3505,5286,71
7767,1252,383529600000,383875200000,0,0,False,0,False,False,13,4,13,4010,4624,45
7768,1252,384739200000,385084800000,13,0,False,5,False,False,13,4,13,4010,4624,41
7769,1252,385344000000,385603200000,4,0,False,8,False,False,13,4,13,4010,4624,43
7770,1253,384134400000,384566400000,3,0,False,204,False,True,3,5,3,3664,3505,24
7771,1253,384912000000,385344000000,0,0,False,0,False,False,3,5,3,3664,3499,30
7772,1253,385603200000,386035200000,3,0,False,102,True,True,3,5,3,3664,3505,26
7773,1254,392515200000,392947200000,9,0,False,7,False,False,9,2,9,5295,3817,19
7774,1254,393724800000,394070400000,0,0,False,0,False,False,9,2,9,5295,3817,65
7775,1254,394934400000,395366400000,0,0,False,0,False,False,9,2,9,5295,3817,12
7776,1255,396748800000,397008000000,9,0,False,113,False,True,9,3,9,5295,3647,20
7777,1255,397958400000,398304000000,3,0,False,10,False,False,9,3,9,5326,3647,19
7778,1255,399168000000,399600000000,9,0,False,3,False,False,9,3,9,5295,3647,66
7779,1256,401068800000,401500800000,0,0,False,0,False,False,2,5,2,3817,3505,11
7780,1257,401500800000,401932800000,3,0,False,9,False,False,3,4,3,3647,4660,24
7781,1257,402192000000,402624000000,3,0,False,3,True,True,3,4,3,3647,4660,30
7782,1257,403401600000,403833600000,3,0,False,9,False,False,3,4,3,3647,4660,26
7783,1258,405907200000,406339200000,0,0,False,0,False,False,4,9,4,4624,5295,38
7784,1258,407116800000,407548800000,4,0,False,7,False,False,4,9,4,4624,5295,35
7785,1258,408326400000,408758400000,4,0,False,8,False,False,4,9,4,4624,5295,40
7786,1258,409708800000,410054400000,9,0,False,3,False,True,4,9,4,4624,5295,87
7787,1258,410313600000,410745600000,0,0,False,0,False,False,4,9,4,4624,5295,34
7788,1259,408326400000,408758400000,0,0,False,0,False,False,3,2,3,3647,3817,26
7789,1259,409449600000,409795200000,3,0,False,86,True,True,3,2,3,3647,3817,24
77894,6857,1703577600000,1703923200000,11,11,False,32,True,True,11,2,11,8583,576,75
77898,6857,1704268800000,1704614400000,2,11,True,7,False,False,11,2,11,2239,576,52
7790,1259,410400000000,410832000000,3,0,False,10,False,False,3,2,3,3647,3817,30
7791,1259,411350400000,411782400000,3,0,False,119,True,True,3,2,3,3647,3817,126
7792,1259,412128000000,412560000000,0,0,False,0,False,False,3,2,3,3647,3817,26
7793,1259,412732800000,413164800000,0,0,False,0,False,False,3,2,3,3647,3817,24
7794,1260,415584000000,415756800000,13,0,False,25,True,True,13,5,13,4010,3495,43
7795,1260,416188800000,416534400000,13,0,False,6,False,False,13,5,13,4010,3495,45
7796,1261,419817600000,420163200000,4,0,False,38,True,True,5,4,5,3499,4624,68
7797,1262,414806400000,415238400000,10,0,False,4,False,False,10,2,10,4158,3838,57
7798,1262,416188800000,416620800000,0,0,False,0,False,False,10,2,10,4158,3838,54
7799,1262,417916800000,418348800000,0,0,False,0,False,False,10,2,10,4158,3838,53
7800,1262,419212800000,419644800000,10,0,False,10,False,False,10,2,10,4158,3838,55
7801,1262,420336000000,420768000000,0,0,False,0,False,False,10,2,10,4158,3838,56
7802,1263,426988800000,427334400000,9,0,False,189,False,True,9,13,9,5295,4010,12
7803,1263,428198400000,428544000000,13,0,False,5,False,False,9,13,9,5295,4010,66
7804,1263,429408000000,429753600000,9,0,False,127,False,True,9,13,9,5295,4010,19
7805,1263,430617600000,430963200000,9,0,False,165,False,True,9,13,9,5295,4010,18
7806,1264,432345600000,432777600000,0,0,False,0,False,False,2,3,2,3838,3648,27
7807,1264,433209600000,433641600000,0,0,False,0,False,False,2,3,2,3838,3648,239
78075,6892,1706997600000,1707343200000,13,11,False,281,False,True,13,11,13,1057,14308,393
7808,1264,434160000000,434592000000,0,0,False,0,False,False,2,3,2,3838,3648,29
78082,6892,1707775200000,1708120800000,13,11,True,7,False,False,13,11,13,1057,14308,100
7809,1265,435542400000,435888000000,10,0,False,83,True,True,2,10,2,3838,4158,32
7810,1265,436233600000,436665600000,0,0,False,0,False,False,2,10,2,3838,4158,51
7811,1265,437443200000,437788800000,10,0,False,138,False,True,2,10,2,3838,4158,50
78110,6899,1709157600000,1709503200000,4,13,False,172,False,True,13,4,13,1057,8095,45
78117,6899,1709848800000,1710194400000,4,4,False,3,False,False,13,4,13,1057,8095,371
7812,1265,438480000000,438912000000,0,0,False,0,False,False,2,10,2,3838,4158,81
7813,1265,439862400000,440208000000,10,0,False,46,True,True,2,10,2,3838,4158,31
7814,1265,441072000000,441504000000,0,0,False,0,False,False,2,10,2,3838,4158,11
7815,1266,437356800000,437616000000,4,0,False,9,True,True,4,3,4,4660,3648,38
7816,1266,438566400000,438912000000,0,0,False,0,False,False,4,3,4,4660,3648,35
7817,1266,439776000000,440121600000,0,0,False,0,False,False,4,3,4,4660,3648,40
7818,1266,441244800000,441590400000,0,0,False,0,False,False,4,3,4,4660,3647,87
7819,1266,441849600000,442195200000,4,0,False,10,False,False,4,3,4,4660,3647,34
7820,1267,443404800000,443750400000,0,0,False,0,False,False,13,9,13,4010,5295,45
7821,1267,444614400000,444787200000,13,0,False,132,True,True,13,9,13,4010,5295,43
7822,1267,445219200000,445651200000,0,0,False,0,False,False,13,9,13,4010,5295,41
7823,1268,447033600000,447379200000,3,0,False,3,False,False,3,9,3,3648,5295,24
7824,1268,447897600000,448329600000,0,0,False,0,False,False,3,9,3,3648,5326,30
7825,1268,448502400000,448934400000,0,0,False,0,False,False,3,9,3,3648,5326,26
7826,1269,447638400000,448070400000,13,0,False,165,False,True,5,13,5,3499,4010,68
7827,1269,448243200000,448675200000,0,0,False,0,False,False,5,13,5,3499,4010,14
7828,1269,448934400000,449366400000,13,0,False,61,True,True,5,13,5,3499,4010,256
7829,1270,447033600000,447465600000,0,0,False,0,False,False,10,4,10,4158,4660,53
7830,1270,448243200000,448675200000,0,0,False,0,False,False,10,4,10,4163,4660,54
7831,1270,449452800000,449884800000,10,0,False,10,False,False,10,4,10,4158,4660,55
7832,1270,450144000000,450489600000,10,0,False,36,True,True,10,4,10,4158,4660,56
7833,1270,451958400000,452304000000,10,0,False,10,False,False,10,4,10,4158,4660,57
7834,1271,456019200000,456364800000,10,0,False,180,True,True,9,10,9,5326,4158,20
7835,1271,457228800000,457660800000,10,0,False,9,False,False,9,10,9,5326,4158,19
7836,1271,458438400000,458784000000,10,0,False,8,False,False,9,10,9,5326,4158,66
7837,1271,459648000000,460080000000,10,0,False,64,True,True,9,10,9,5326,4158,65
7838,1271,460857600000,461289600000,10,0,False,172,False,True,9,10,9,5326,4158,12
7839,1272,462067200000,462499200000,0,0,False,0,False,False,9,5,9,5326,3499,19
7840,1273,466819200000,467251200000,0,0,False,0,False,False,3,2,3,3648,3817,26
7841,1273,467424000000,467856000000,0,0,False,0,False,False,3,2,3,3648,3817,30
7843,1274,469411200000,469756800000,3,0,False,6,False,False,3,13,3,3648,4022,26
7844,1274,470188800000,470534400000,3,0,False,7,False,False,3,13,3,3648,4022,126
7845,1274,471484800000,471916800000,0,0,False,0,False,False,3,13,3,3648,4022,24
7846,1275,468806400000,469065600000,10,0,False,112,True,True,4,10,4,4660,4158,38
7847,1275,470016000000,470275200000,10,0,False,8,False,False,4,10,4,4660,4158,35
7848,1275,471225600000,471571200000,10,0,False,191,False,True,4,10,4,4672,4158,40
7849,1275,472521600000,472953600000,0,0,False,0,False,False,4,10,4,4672,4158,87
7850,1275,473212800000,473472000000,4,0,False,55,True,True,4,10,4,4672,4158,34
7851,1276,470448000000,470880000000,2,0,False,8,False,False,2,9,2,3817,5326,81
7852,1276,471657600000,472089600000,9,0,False,8,False,False,2,9,2,3817,5326,51
7853,1276,473299200000,473731200000,0,0,False,0,False,False,2,9,2,3817,5326,31
7854,1276,474422400000,474854400000,9,0,False,9,False,False,2,9,2,3817,5326,11
7855,1276,475977600000,476409600000,0,0,False,0,False,False,2,9,2,3817,5326,32
7856,1277,474854400000,475200000000,0,0,False,0,False,False,13,3,13,4010,3664,45
7857,1277,475459200000,475718400000,13,0,False,99,True,True,13,3,13,4010,3664,41
7858,1277,476755200000,477187200000,13,0,False,2,False,False,13,3,13,4010,3664,210
7859,1278,480902400000,481334400000,0,0,False,0,False,False,10,13,10,4163,4010,54
7860,1278,481593600000,482025600000,0,0,False,0,False,False,10,13,10,4163,4010,53
7861,1278,483321600000,483753600000,10,0,False,10,False,False,10,13,10,4163,4010,55
7862,1278,484012800000,484358400000,10,0,False,10,False,False,10,13,10,4163,4010,57
78628,6927,1706155200000,1706500800000,9,9,True,28,False,True,2,9,2,576,6557,80
7863,1279,487468800000,487900800000,9,0,False,5,False,False,9,4,9,5326,4672,66
78635,6927,1706846400000,1707192000000,2,2,True,106,False,True,2,9,2,576,6557,154
7864,1279,488678400000,489110400000,4,0,False,4,False,False,9,4,9,5326,4672,19
78642,6927,1707969600000,1708315200000,2,2,True,434,False,True,2,9,2,576,6557,290
78649,6927,1708660800000,1709006400000,2,9,True,5,False,False,2,9,2,576,6557,291
7865,1279,489888000000,490320000000,0,0,False,0,False,False,9,4,9,5326,4672,18
78656,6927,1709784000000,1710129600000,2,9,True,64,True,True,2,9,2,576,6557,155
7866,1279,491702400000,492134400000,0,0,False,0,False,False,9,4,9,5326,4672,65
7867,1279,492912000000,493344000000,9,0,False,118,True,True,9,4,9,5326,4672,20
7868,1279,494121600000,494467200000,9,0,False,94,True,True,9,4,9,5326,4672,12
7869,1280,494208000000,494640000000,0,0,False,0,False,False,5,2,5,3499,3838,14
7870,1280,494812800000,495244800000,5,0,False,149,False,True,5,2,5,3499,3838,71
7871,1280,495504000000,495936000000,0,0,False,0,False,False,5,2,5,3499,3838,68
7872,1281,498268800000,498700800000,0,0,False,0,False,False,3,5,3,3664,3499,30
7873,1281,499219200000,499564800000,3,0,False,8,False,False,3,5,3,3664,3499,247
7874,1281,500169600000,500515200000,3,0,False,10,False,False,3,5,3,3664,3499,24
7875,1282,500256000000,500601600000,13,0,False,41,True,True,4,13,4,4672,4022,35
7876,1282,501465600000,501811200000,4,0,False,4,False,False,4,13,4,4672,4022,34
7877,1282,502156800000,502502400000,13,0,False,6,False,False,4,13,4,4672,4022,38
7878,1283,503280000000,503625600000,0,0,False,0,False,False,4,2,4,4672,3838,40
7879,1283,504403200000,504748800000,0,0,False,0,False,False,4,2,4,4672,3838,87
7880,1283,505008000000,505353600000,0,0,False,0,False,False,4,2,4,4672,3838,34
7881,1284,509328000000,509673600000,0,0,False,0,False,False,13,4,13,4022,4672,45
7882,1284,509932800000,510278400000,0,0,False,0,False,False,13,4,13,4022,4672,43
7883,1284,511056000000,511401600000,13,0,False,8,False,False,13,4,13,4022,4672,41
7884,1285,509500800000,509846400000,3,0,False,20,True,True,5,3,5,3499,3647,68
7885,1285,511142400000,511488000000,5,0,False,8,False,False,5,3,5,3499,3647,256
7886,1285,511833600000,512265600000,0,0,False,0,False,False,5,3,5,3499,3647,71
7887,1286,509328000000,509500800000,10,0,False,10,False,False,10,9,10,4163,5326,57
7888,1286,510537600000,510969600000,10,0,False,7,False,False,10,9,10,4163,5326,54
7889,1286,511747200000,512092800000,10,0,False,30,True,True,10,9,10,4163,5326,55
7890,1286,512870400000,513043200000,10,0,False,10,False,False,10,9,10,4163,5326,54
7891,1286,513561600000,513993600000,10,0,False,240,False,True,10,9,10,4163,5326,56
8009,1188,44755200000,45187200000,0,0,False,0,False,False,9,3,9,5236,3638,20
8010,1188,45964800000,46396800000,0,0,False,0,False,False,9,3,9,5236,3638,19
8011,1188,47779200000,48211200000,9,0,False,25,False,True,9,3,9,5236,3638,66
8012,1189,48988800000,49420800000,0,0,False,0,False,False,9,2,9,5236,3824,19
8013,1189,50198400000,50630400000,0,0,False,0,False,False,9,2,9,5236,3824,65
8014,1189,51408000000,51840000000,2,0,False,4,False,False,9,2,9,5236,3824,12
8015,1190,67046400000,67478400000,0,0,False,0,False,False,10,13,10,4160,5731,57
8016,1190,68947200000,69379200000,0,0,False,0,False,False,10,13,10,4160,5731,54
80166,7065,1747908000000,1748167200000,9,12,False,45,True,True,9,12,9,6557,6334,18
8017,1190,70156800000,70588800000,0,0,False,0,False,False,10,13,10,4160,3995,55
8018,1190,71366400000,71798400000,0,0,False,0,False,False,10,13,10,4160,3995,53
8019,1190,72576000000,73094400000,0,0,False,0,False,False,10,13,10,4160,3995,54
8020,1191,76809600000,77241600000,9,0,False,89,False,True,9,4,9,5236,4625,65
8022,1191,78019200000,78364800000,4,0,False,8,False,False,9,4,9,5236,4625,19
8023,1191,79833600000,80265600000,0,0,False,0,False,False,9,4,9,5236,4625,18
8024,1191,81043200000,81216000000,9,0,False,9,False,False,9,4,9,5236,4625,66
8025,1191,82252800000,82771200000,4,0,False,5,False,False,9,4,9,5236,4625,12
8026,1192,93830400000,94262400000,4,0,False,114,True,True,4,3,4,4625,3638,40
8027,1192,94435200000,94867200000,4,0,False,92,False,True,4,3,4,4625,3638,87
8028,1192,95126400000,95558400000,4,0,False,52,False,True,4,3,4,4625,3638,34
8029,1193,93657600000,94089600000,9,0,False,6,False,False,2,9,2,3824,5301,51
8030,1193,94521600000,94953600000,2,0,False,28,False,True,2,9,2,3824,5301,31
8031,1193,95644800000,96076800000,2,0,False,4,False,False,2,9,2,3824,5301,11
8032,1193,96768000000,97200000000,0,0,False,0,False,False,2,9,2,3824,5301,32
8033,1193,97804800000,98236800000,0,0,False,0,False,False,2,9,2,3824,5301,10
8034,1194,97459200000,97718400000,0,0,False,0,False,False,13,3,13,3995,3638,45
8035,1194,97891200000,98150400000,3,0,False,166,True,True,13,3,13,3995,3638,210
8036,1194,98668800000,98928000000,0,0,False,0,False,False,13,3,13,3995,3638,41
8037,1195,99878400000,100310400000,0,0,False,0,False,False,3,9,3,3639,5301,26
8038,1195,101088000000,101520000000,0,0,False,0,False,False,3,9,3,3639,5301,126
8039,1195,101779200000,102211200000,0,0,False,0,False,False,3,9,3,3639,5301,24
8040,1196,98668800000,99100800000,0,0,False,0,False,False,10,4,10,4157,4625,57
8041,1196,100483200000,100915200000,0,0,False,0,False,False,10,4,10,4157,4625,55
8042,1196,101692800000,102124800000,4,0,False,44,False,True,10,4,10,4157,4625,54
8043,1196,102902400000,103334400000,4,0,False,10,False,False,10,4,10,4157,4625,53
8044,1196,104198400000,104630400000,0,0,False,0,False,False,10,4,10,4157,4625,54
8045,1197,108259200000,108691200000,9,0,False,38,False,True,9,13,9,5236,3995,18
8046,1197,109468800000,109900800000,0,0,False,0,False,False,9,13,9,5236,3995,19
8047,1197,110678400000,111110400000,9,0,False,1,True,True,9,13,9,5236,3995,66
8048,1198,112492800000,112924800000,10,0,False,158,False,True,9,10,9,5236,4157,12
8049,1198,113702400000,114134400000,0,0,False,0,False,False,9,10,9,5236,4157,20
8050,1198,114912000000,115257600000,10,0,False,226,True,True,9,10,9,5236,4157,19
8051,1199,125971200000,126316800000,4,0,False,25,True,True,4,13,4,4625,3995,87
8052,1199,126576000000,127008000000,0,0,False,0,False,False,4,13,4,4625,3995,34
8054,1199,128390400000,128822400000,4,0,False,57,True,True,4,13,4,4625,3995,40
8055,1200,131328000000,131760000000,0,0,False,0,False,False,13,4,13,3995,4625,45
8056,1200,131932800000,132364800000,13,0,False,5,False,False,13,4,13,3995,4625,43
8057,1200,133142400000,133315200000,4,0,False,297,False,True,13,4,13,3995,4625,41
8058,1201,128995200000,129427200000,10,0,False,7,False,False,10,9,10,4157,5291,54
8059,1201,130204800000,130636800000,0,0,False,0,False,False,10,9,10,4157,5291,57
8060,1201,131760000000,132192000000,0,0,False,0,False,False,10,9,10,4157,5291,55
8061,1201,133142400000,133574400000,0,0,False,0,False,False,10,9,10,4157,5291,53
8062,1201,133833600000,134352000000,9,0,False,26,False,True,10,9,10,4157,5291,54
8063,1202,139708800000,140140800000,9,0,False,113,False,True,9,2,9,5291,3824,65
8064,1202,140918400000,141264000000,9,0,False,285,True,True,9,2,9,5291,3824,19
8065,1202,142128000000,142473600000,9,0,False,78,True,True,9,2,9,5291,3824,20
8066,1203,143942400000,144374400000,0,0,False,0,False,False,9,3,9,5291,3638,66
8067,1203,145152000000,145584000000,0,0,False,0,False,False,9,3,9,5291,3638,19
8068,1203,146361600000,146793600000,0,0,False,0,False,False,9,3,9,5291,3638,12
8069,1204,154310400000,154742400000,10,0,False,267,False,True,2,10,2,5602,4158,27
8070,1204,155952000000,156297600000,10,0,False,17,True,True,2,10,2,3822,4158,51
8071,1204,157334400000,157766400000,2,0,False,85,False,True,2,10,2,5602,4158,31
8072,1204,158630400000,158976000000,2,0,False,100,False,True,2,10,2,5602,4158,11
8073,1204,159667200000,160185600000,10,0,False,201,False,True,2,10,2,5602,4158,81
8074,1205,154915200000,155347200000,4,0,False,166,False,True,4,9,4,4625,5291,35
8075,1205,156124800000,156470400000,4,0,False,9,False,False,4,9,4,4625,5291,38
8076,1205,157248000000,157680000000,0,0,False,0,False,False,4,9,4,4625,5291,87
8077,1205,158025600000,158457600000,4,0,False,171,False,True,4,9,4,4625,5262,34
8078,1205,159840000000,160272000000,4,0,False,163,False,True,4,9,4,4625,5291,40
8079,1205,161049600000,161481600000,9,0,False,4,True,True,4,9,4,4625,5291,87
8080,1206,162086400000,162518400000,9,0,False,83,True,True,13,9,13,3995,5291,41
8081,1206,162777600000,163209600000,0,0,False,0,False,False,13,9,13,3995,5291,43
8082,1207,161654400000,162086400000,0,0,False,0,False,False,3,10,3,3638,4158,26
8083,1207,162864000000,163296000000,0,0,False,0,False,False,3,10,3,3638,4158,24
8084,1208,174182400000,174528000000,4,0,False,85,True,True,9,4,9,5291,4625,20
8085,1208,175996800000,176428800000,0,0,False,0,False,False,9,4,9,5299,4625,19
8086,1208,177206400000,177638400000,0,0,False,0,False,False,9,4,9,5299,4625,66
8087,1208,178416000000,178934400000,0,0,False,0,False,False,9,4,9,5299,4625,12
8089,1209,186364800000,186710400000,4,0,False,8,False,False,4,10,4,4624,4158,35
8090,1209,187574400000,187920000000,10,0,False,87,True,True,4,10,4,4624,4158,38
8091,1209,188784000000,189129600000,4,0,False,8,False,False,4,10,4,4624,4158,87
8092,1209,189475200000,189820800000,4,0,False,7,False,False,4,10,4,4624,4158,34
8093,1209,191203200000,191635200000,4,0,False,190,False,True,4,10,4,4624,4158,40
8094,1209,191894400000,192326400000,4,0,False,165,False,True,4,10,4,4624,4158,87
8095,1210,191289600000,191635200000,2,0,False,8,False,False,13,2,13,4000,3817,41
8096,1210,192326400000,192758400000,0,0,False,0,False,False,13,2,13,4000,3815,43
8097,1210,193017600000,193363200000,13,0,False,33,True,True,13,2,13,4000,3815,45
8098,1211,195264000000,195523200000,10,0,False,97,True,True,10,2,10,4158,3815,55
8099,1211,196473600000,196905600000,0,0,False,0,False,False,10,2,10,4158,3815,54
8100,1211,197683200000,198115200000,2,0,False,6,False,False,10,2,10,4158,3815,54
8101,1211,198892800000,199238400000,10,0,False,10,False,False,10,2,10,4158,3815,57
8102,1212,202608000000,203040000000,0,0,False,0,False,False,9,10,9,5299,4158,18
8103,1212,203817600000,204249600000,0,0,False,0,False,False,9,10,9,5299,4158,19
8104,1212,205632000000,206064000000,10,0,False,425,False,True,9,10,9,5299,4158,65
8105,1212,206841600000,207273600000,10,0,False,55,False,True,9,10,9,5299,4158,66
8106,1212,208656000000,209088000000,10,0,False,231,False,True,9,10,9,5299,4158,12
8107,1213,213667200000,214012800000,3,0,False,6,False,False,3,13,3,3640,4000,26
8108,1213,214876800000,215222400000,3,0,False,10,False,False,3,13,3,3640,4000,126
8109,1213,215481600000,215913600000,0,0,False,0,False,False,3,13,3,3640,4008,24
8110,1214,216432000000,216864000000,2,0,False,162,False,True,2,13,2,3815,4000,81
8111,1214,217123200000,217555200000,0,0,False,0,False,False,2,13,2,3815,4000,32
8112,1214,217814400000,218332800000,2,0,False,216,False,True,2,13,2,3815,4000,11
8113,1215,220233600000,220665600000,0,0,False,0,False,False,4,3,4,4624,3640,40
8114,1215,220924800000,221356800000,4,0,False,348,False,True,4,3,4,4624,3640,87
8115,1215,222048000000,222393600000,3,0,False,8,False,False,4,3,4,4624,3640,34
8116,1216,219628800000,220060800000,9,0,False,25,True,True,2,9,2,3815,5299,51
8117,1216,220924800000,221356800000,9,0,False,10,False,False,2,9,2,3815,5299,31
8118,1216,222048000000,222480000000,9,0,False,200,False,True,2,9,2,3815,5299,11
8120,1216,223257600000,223689600000,2,0,False,140,False,True,2,9,2,3815,5299,27
8121,1216,224467200000,224899200000,0,0,False,0,False,False,2,9,2,3815,5299,81
8122,1217,225072000000,225504000000,0,0,False,0,False,False,13,4,13,4000,4624,43
8123,1217,225676800000,226022400000,4,0,False,10,False,False,13,4,13,4000,4624,41
8124,1218,226972800000,227404800000,4,0,False,45,False,True,4,9,4,4624,5299,87
8125,1219,225072000000,225504000000,0,0,False,0,False,False,10,3,10,4158,3640,55
8126,1219,226281600000,226713600000,10,0,False,6,False,False,10,3,10,4158,3640,54
8127,1219,227491200000,227923200000,0,0,False,0,False,False,10,3,10,4158,3640,53
8128,1219,228700800000,229132800000,3,0,False,266,False,True,10,3,10,4158,3640,54
8129,1219,229910400000,230342400000,10,0,False,140,False,True,10,3,10,4158,3640,57
8130,1220,235267200000,235699200000,0,0,False,0,False,False,9,4,9,5312,4624,19
8131,1220,237081600000,237513600000,9,0,False,9,False,False,9,4,9,5312,4624,65
8132,1220,238896000000,239328000000,9,0,False,7,False,False,9,4,9,5312,4624,18
8133,1220,240105600000,240451200000,9,0,False,85,True,True,9,4,9,5312,4624,66
8134,1220,241315200000,241747200000,0,0,False,0,False,False,9,4,9,5312,4624,12
8135,1221,250905600000,251337600000,0,0,False,0,False,False,3,9,3,3645,5312,26
8136,1221,252547200000,252979200000,0,0,False,0,False,False,3,9,3,3645,5312,126
8137,1221,253929600000,254361600000,0,0,False,0,False,False,3,9,3,3645,5269,24
8138,1222,249868800000,250214400000,4,0,False,16,False,True,4,2,4,4667,3815,35
8139,1222,251078400000,251510400000,4,0,False,2,False,False,4,2,4,4667,3815,38
8140,1222,252288000000,252720000000,2,0,False,222,False,True,4,2,4,4667,3815,87
8141,1222,252979200000,253411200000,2,0,False,2,True,True,4,2,4,4667,3815,34
8142,1222,254793600000,255312000000,4,0,False,47,False,True,4,2,4,4667,3815,40
8143,1223,255916800000,256348800000,13,0,False,72,False,True,13,9,13,3992,5269,45
8144,1223,257126400000,257558400000,9,0,False,174,False,True,13,9,13,3992,5269,43
8145,1223,257817600000,258336000000,0,0,False,0,False,False,13,9,13,3992,5269,41
8146,1224,257731200000,257904000000,10,0,False,106,True,True,10,4,10,4158,4667,54
8147,1224,258940800000,259113600000,10,0,False,9,False,False,10,4,10,4158,4667,55
8148,1224,260150400000,260582400000,4,0,False,3,False,False,10,4,10,4156,4667,53
8149,1224,261446400000,261705600000,10,0,False,198,False,True,10,4,10,4156,4667,54
8150,1224,262569600000,263001600000,0,0,False,0,False,False,10,4,10,4156,4667,57
8151,1225,265507200000,265852800000,9,0,False,57,True,True,9,3,9,5312,3645,20
8152,1225,266716800000,267062400000,9,0,False,120,True,True,9,3,9,5312,3645,19
8153,1225,267926400000,268358400000,0,0,False,0,False,False,9,3,9,5312,3645,66
8155,1226,270345600000,270777600000,9,0,False,7,False,False,9,13,9,5312,3992,12
8156,1226,271555200000,271900800000,9,0,False,119,True,True,9,13,9,5312,3992,18
8157,1226,272764800000,273110400000,9,0,False,7,False,False,9,13,9,5312,3992,19
8158,1227,277344000000,277776000000,0,0,False,0,False,False,3,2,3,3640,3815,30
8159,1227,278294400000,278726400000,3,0,False,8,False,False,3,2,3,3640,3815,26
8160,1227,279849600000,280281600000,3,0,False,8,False,False,3,2,3,3640,3815,24
8161,1228,281318400000,281750400000,0,0,False,0,False,False,2,10,2,3817,4156,81
8162,1228,282528000000,282960000000,0,0,False,0,False,False,2,10,2,3817,4156,27
8163,1228,283737600000,284169600000,0,0,False,0,False,False,2,10,2,3817,4156,31
8164,1228,284947200000,285292800000,2,0,False,3,False,False,2,10,2,3817,4156,11
8165,1228,285984000000,286416000000,0,0,False,0,False,False,2,10,2,3817,4156,51
8166,1228,286761600000,287280000000,0,0,False,0,False,False,2,10,2,3817,4156,32
8167,1229,281318400000,281750400000,9,0,False,7,False,False,4,9,4,4670,5312,35
8168,1229,282528000000,282960000000,9,0,False,166,False,True,4,9,4,4670,5312,38
8169,1229,283737600000,284169600000,4,0,False,103,False,True,4,9,4,4670,5312,87
8170,1229,284428800000,284860800000,9,0,False,93,False,True,4,9,4,4670,5312,34
8171,1229,286243200000,286675200000,9,0,False,205,False,True,4,9,4,4670,5312,40
8172,1229,287452800000,287798400000,9,0,False,9,False,False,4,9,4,4670,5312,34
8173,1230,286761600000,287193600000,3,0,False,128,False,True,13,3,13,3992,3640,43
8174,1230,287971200000,288403200000,0,0,False,0,False,False,13,3,13,3992,3640,44
8175,1230,288576000000,289008000000,0,0,False,0,False,False,13,3,13,3992,3640,41
8176,1231,289872000000,290304000000,3,0,False,71,False,True,4,3,4,4670,3640,87
8177,1231,291081600000,291513600000,4,0,False,7,False,False,4,3,4,4660,3640,38
8178,1232,300585600000,300931200000,9,0,False,83,True,True,9,2,9,5312,3822,20
8179,1232,302400000000,302832000000,0,0,False,0,False,False,9,2,9,5312,3822,19
8180,1232,303609600000,304041600000,0,0,False,0,False,False,9,2,9,5312,3822,66
8181,1232,304819200000,305251200000,0,0,False,0,False,False,9,2,9,5312,3822,12
8182,1233,305856000000,306288000000,0,0,False,0,False,False,2,4,2,3817,4660,11
8183,1233,306547200000,306979200000,0,0,False,0,False,False,2,4,2,3817,4660,27
8184,1233,307670400000,308102400000,2,0,False,153,False,True,2,4,2,3817,4660,32
8185,1233,308620800000,309052800000,0,0,False,0,False,False,2,4,2,3817,4660,51
8186,1233,309744000000,310176000000,0,0,False,0,False,False,2,4,2,3817,4660,31
8187,1233,310435200000,310780800000,2,0,False,100,True,True,2,4,2,3817,4660,81
8188,1234,312854400000,313200000000,0,0,False,0,False,False,4,10,4,4624,4159,35
8189,1234,315273600000,315532800000,10,0,False,10,False,False,4,10,4,4624,4158,87
8191,1234,317692800000,318038400000,10,0,False,408,False,True,4,10,4,4624,4158,40
8192,1235,311990400000,312422400000,0,0,False,0,False,False,2,3,2,3817,3636,27
8193,1235,313113600000,313545600000,0,0,False,0,False,False,2,3,2,3817,3636,51
8194,1235,314150400000,314496000000,2,0,False,131,False,True,2,3,2,3817,3636,81
8195,1235,314928000000,315360000000,0,0,False,0,False,False,2,3,2,3817,3636,32
8196,1235,316742400000,317174400000,2,0,False,10,False,False,2,3,2,3817,3636,11
8197,1235,317952000000,318384000000,0,0,False,0,False,False,2,3,2,3823,3636,31
8198,1236,313977600000,314409600000,4,0,False,138,False,True,4,9,4,4624,5312,38
8199,1236,315792000000,316137600000,4,0,False,6,False,False,4,9,4,4624,5312,34
8200,1236,318211200000,318643200000,4,0,False,8,False,False,4,9,4,4624,5312,87
8201,1237,319420800000,319766400000,9,0,False,10,False,False,2,9,2,3823,5312,81
8202,1238,318816000000,319248000000,13,0,False,1,False,False,13,10,13,4010,4158,210
8203,1238,320025600000,320457600000,0,0,False,0,False,False,13,10,13,4010,4158,43
8204,1239,321148800000,321580800000,0,0,False,0,False,False,3,4,3,3664,4624,30
8205,1239,322185600000,322617600000,0,0,False,0,False,False,3,4,3,3664,4624,26
8206,1240,329011200000,329443200000,10,0,False,2,False,False,9,10,9,5321,4158,18
8207,1240,330220800000,330652800000,0,0,False,0,False,False,9,10,9,5321,4158,19
8208,1240,332035200000,332467200000,0,0,False,0,False,False,9,10,9,5321,4158,65
8209,1240,333244800000,333676800000,0,0,False,0,False,False,9,10,9,5321,4158,12
8210,1240,334454400000,334886400000,0,0,False,0,False,False,9,10,9,5321,4163,66
8211,1241,336268800000,336700800000,0,0,False,0,False,False,9,4,9,5321,4624,19
8212,1242,344217600000,344390400000,4,0,False,10,False,False,4,13,4,4624,4010,35
8213,1242,345427200000,345600000000,4,0,False,8,False,False,4,13,4,4624,3992,38
8214,1242,346636800000,346982400000,0,0,False,0,False,False,4,13,4,4624,4010,87
8215,1243,343872000000,344304000000,0,0,False,0,False,False,3,10,3,3664,4158,26
8216,1243,345081600000,345427200000,10,0,False,156,False,True,3,10,3,3664,4158,30
8217,1243,346291200000,346723200000,0,0,False,0,False,False,3,10,3,3664,4158,24
8218,1243,346982400000,347414400000,0,0,False,0,False,False,3,10,3,3664,4158,248
8219,1244,347241600000,347414400000,4,0,False,4,True,True,4,2,4,4624,3817,34
8220,1244,349056000000,349401600000,0,0,False,0,False,False,4,2,4,4624,3817,40
8221,1244,350352000000,350697600000,2,0,False,59,False,True,4,2,4,4624,3817,87
8223,1245,351561600000,351907200000,13,0,False,62,False,True,13,2,13,4010,3817,45
8224,1245,352684800000,353116800000,0,0,False,0,False,False,13,2,13,4010,3817,43
8225,1245,353289600000,353721600000,0,0,False,0,False,False,13,2,13,4010,3817,41
8226,1246,350870400000,351302400000,10,0,False,79,True,True,10,9,10,4158,5321,54
8228,1246,353289600000,353721600000,10,0,False,298,False,True,10,9,10,4158,5321,55
8229,1246,354499200000,354931200000,0,0,False,0,False,False,10,9,10,4158,5321,56
8230,1246,355708800000,356140800000,0,0,False,0,False,False,10,9,10,4158,5321,57
8233,1102,-586051200000,-585619200000,11,0,False,71,False,True,9,11,9,5108,4485,18
8234,1102,-584841600000,-584668800000,9,0,False,10,False,False,9,11,9,5108,4485,19
8235,1102,-583632000000,-583200000000,9,0,False,9,False,False,9,11,9,5108,4485,65
8236,1102,-581817600000,-581385600000,0,0,False,0,False,False,9,11,9,5108,4485,66
8237,1102,-580003200000,-579830400000,9,0,False,4,False,False,9,11,9,5108,4485,12
8238,1103,-572659200000,-572313600000,4,0,False,3,False,False,4,10,4,5982,6141,35
8239,1103,-570844800000,-570412800000,4,0,False,7,False,False,4,10,4,5982,6141,34
8240,1103,-568944000000,-568684800000,10,0,False,6,False,False,4,10,4,5992,6141,40
8241,1103,-568166400000,-567907200000,4,0,False,1,False,False,4,10,4,5982,6141,87
8242,1103,-566006400000,-565660800000,4,0,False,202,False,True,4,10,4,5982,6132,34
8243,1104,-573264000000,-572832000000,0,0,False,0,False,False,2,9,2,5528,5210,51
8244,1104,-569635200000,-569203200000,0,0,False,0,False,False,2,9,2,5528,5210,10
8245,1104,-568252800000,-567820800000,0,0,False,0,False,False,2,9,2,5528,5210,31
8246,1104,-567129600000,-566956800000,9,0,False,8,False,False,2,9,2,5528,5210,32
8247,1104,-564969600000,-564624000000,2,0,False,8,True,True,2,9,2,5528,5209,11
8248,1105,-564796800000,-564451200000,10,0,False,5,False,False,13,10,13,5682,6141,43
8249,1105,-564192000000,-563846400000,0,0,False,0,False,False,13,10,13,5682,6141,41
8250,1106,-554601600000,-554256000000,9,0,False,7,False,False,9,2,9,5141,5528,66
8251,1106,-553392000000,-552960000000,9,0,False,8,False,False,9,2,9,5141,5528,19
8252,1106,-550972800000,-550800000000,9,0,False,207,True,True,9,2,9,5141,5528,65
8253,1106,-548553600000,-548121600000,0,0,False,0,False,False,9,2,9,5141,5528,12
8254,1107,-543110400000,-542937600000,2,0,False,70,True,True,2,3,2,5513,5529,51
8255,1107,-542505600000,-542246400000,3,0,False,43,True,True,2,3,2,5513,5529,230
8256,1107,-540691200000,-540432000000,2,0,False,10,False,False,2,3,2,5513,5529,10
8257,1107,-539395200000,-539136000000,0,0,False,0,False,False,2,3,2,5513,5529,11
8258,1107,-538185600000,-537926400000,0,0,False,0,False,False,2,3,2,5513,5529,31
8259,1108,-538790400000,-538358400000,4,0,False,96,False,True,4,11,4,5982,4516,35
8260,1108,-537148800000,-536630400000,11,0,False,82,False,True,4,11,4,5982,4516,87
8261,1108,-535766400000,-535420800000,4,0,False,38,True,True,4,11,4,5982,4516,34
8262,1108,-534470400000,-534038400000,0,0,False,0,False,False,4,11,4,5982,4516,40
8263,1108,-533347200000,-532828800000,11,0,False,6,False,False,4,11,4,5982,4516,87
8264,1109,-530928000000,-530582400000,11,0,False,180,True,True,13,11,13,5670,4516,45
8265,1109,-530323200000,-529977600000,0,0,False,0,False,False,13,11,13,5670,4516,41
8267,1110,-534729600000,-534124800000,0,0,False,0,False,False,10,2,10,6132,5528,54
8268,1110,-533260800000,-532828800000,10,0,False,142,False,True,10,2,10,6132,5528,55
8269,1110,-532224000000,-531705600000,0,0,False,0,False,False,10,2,10,6132,5528,54
8270,1110,-530496000000,-529977600000,0,0,False,0,False,False,10,2,10,6132,5528,53
8271,1110,-529027200000,-528422400000,0,0,False,0,False,False,10,2,10,6132,5528,57
8272,1111,-522547200000,-522115200000,0,0,False,0,False,False,9,4,9,5141,5982,18
8273,1111,-521337600000,-520905600000,0,0,False,0,False,False,9,4,9,5141,5982,19
8274,1111,-520128000000,-519696000000,0,0,False,0,False,False,9,4,9,5141,5982,65
8275,1111,-518918400000,-518486400000,0,0,False,0,False,False,9,4,9,5141,5982,66
8276,1111,-516931200000,-516585600000,9,0,False,8,False,False,9,4,9,5141,5982,12
8277,1112,-506736000000,-506390400000,11,0,False,58,True,True,11,13,11,4516,5686,74
8278,1112,-505612800000,-505180800000,11,0,False,132,False,True,11,13,11,4516,5686,205
8279,1112,-504921600000,-504576000000,0,0,False,0,False,False,11,13,11,4516,5686,52
8280,1112,-502502400000,-502156800000,11,0,False,9,False,False,11,13,11,4516,5682,205
8281,1112,-501897600000,-501552000000,11,0,False,5,False,False,11,13,11,4516,5682,73
8282,1113,-503712000000,-503193600000,10,0,False,140,False,True,10,9,10,6132,5141,57
8283,1113,-501811200000,-501292800000,10,0,False,181,False,True,10,9,10,6132,5141,55
8284,1113,-500256000000,-499737600000,9,0,False,9,False,False,10,9,10,6132,5141,53
8285,1113,-498441600000,-497923200000,0,0,False,0,False,False,10,9,10,6132,5141,54
8286,1113,-497318400000,-496972800000,9,0,False,9,False,False,10,9,10,6132,5141,57
8287,1114,-491097600000,-490665600000,0,0,False,0,False,False,9,3,9,5141,5529,19
8288,1114,-489283200000,-488937600000,9,0,False,129,True,True,9,3,9,5200,5529,18
8289,1114,-487468800000,-487036800000,0,0,False,0,False,False,9,3,9,5200,5529,65
8290,1114,-485654400000,-485222400000,3,0,False,24,False,True,9,3,9,5141,5529,12
8291,1115,-473385600000,-473126400000,0,0,False,0,False,False,3,2,3,5529,5530,36
8292,1115,-472176000000,-471916800000,0,0,False,0,False,False,3,2,3,5529,5530,250
8293,1115,-470966400000,-470707200000,0,0,False,0,False,False,3,2,3,5529,5530,251
8294,1115,-469670400000,-469411200000,0,0,False,0,False,False,3,2,3,5529,5530,246
8295,1115,-468547200000,-468288000000,0,0,False,0,False,False,3,2,3,5529,5530,24
8296,1116,-476496000000,-476064000000,4,0,False,154,True,True,4,9,4,5985,5141,35
8297,1116,-474681600000,-474249600000,9,0,False,38,False,True,4,9,4,5992,5141,34
8298,1116,-473472000000,-473040000000,9,0,False,128,False,True,4,9,4,5985,5141,87
8300,1116,-471052800000,-470620800000,9,0,False,5,False,False,4,9,4,5985,5141,40
8301,1116,-468633600000,-468115200000,0,0,False,0,False,False,4,9,4,5985,5141,34
8302,1117,-467424000000,-466992000000,9,0,False,8,False,False,13,9,13,5686,5141,210
8303,1117,-466214400000,-465955200000,9,0,False,20,True,True,13,9,13,5686,5141,41
8304,1118,-466128000000,-465696000000,4,0,False,9,False,False,10,4,10,6152,5985,57
8305,1118,-464745600000,-464313600000,0,0,False,0,False,False,10,4,10,6132,5985,54
8306,1118,-463449600000,-463190400000,4,0,False,8,False,False,10,4,10,6132,5985,53
8307,1118,-461894400000,-461376000000,0,0,False,0,False,False,10,4,10,6152,5985,55
8308,1118,-459475200000,-458956800000,4,0,False,82,True,True,10,4,10,6152,5985,57
8309,1119,-459648000000,-459302400000,9,0,False,5,True,True,9,11,9,5208,4516,18
8310,1119,-458438400000,-458092800000,9,0,False,71,False,True,9,11,9,5208,4516,19
8311,1119,-457228800000,-456796800000,11,0,False,3,False,False,9,11,9,5208,4524,65
8312,1119,-456019200000,-455587200000,11,0,False,224,False,True,9,11,9,5208,4524,66
8313,1119,-454032000000,-453686400000,9,0,False,92,False,True,9,11,9,5208,4516,12
8314,1120,-448761600000,-448416000000,3,0,False,1,True,True,3,13,3,5529,5684,24
8315,1120,-447638400000,-447206400000,3,0,False,4,False,False,3,13,3,5529,5684,251
8316,1120,-446601600000,-446169600000,0,0,False,0,False,False,3,13,3,5529,5684,36
8318,1121,-445564800000,-445132800000,0,0,False,0,False,False,2,13,2,5548,5684,130
8319,1121,-444441600000,-444009600000,2,0,False,27,True,True,2,13,2,5546,5684,10
8320,1121,-443232000000,-442800000000,0,0,False,0,False,False,2,13,2,5546,5684,51
8321,1121,-442195200000,-441763200000,0,0,False,0,False,False,2,13,2,5546,5684,31
8322,1121,-441417600000,-440985600000,2,0,False,109,True,True,2,13,2,5546,5684,232
8323,1122,-438998400000,-438739200000,10,0,False,71,True,True,13,10,13,5684,6152,210
8324,1122,-437702400000,-437443200000,10,0,False,64,True,True,13,10,13,5687,6152,43
8325,1122,-436492800000,-436147200000,10,0,False,9,False,False,13,10,13,5687,6152,45
8326,1122,-435974400000,-435628800000,13,0,False,190,False,True,13,10,13,5687,6152,41
8327,1123,-428198400000,-427766400000,0,0,False,0,False,False,9,4,9,5208,5985,18
8328,1123,-426988800000,-426556800000,4,0,False,185,False,True,9,4,9,5208,5985,19
8329,1123,-425174400000,-424742400000,9,0,False,42,True,True,9,4,9,5208,5985,66
8330,1123,-423964800000,-423532800000,9,0,False,170,True,True,9,4,9,5208,5985,65
8331,1123,-421545600000,-421113600000,0,0,False,0,False,False,9,4,9,5208,5985,12
8332,1124,-417312000000,-416793600000,3,0,False,9,False,False,3,4,3,5529,5985,24
8334,1125,-416620800000,-416275200000,4,0,False,5,True,True,2,4,2,5546,5985,232
8335,1125,-416016000000,-415584000000,0,0,False,0,False,False,2,4,2,5546,5986,10
8336,1125,-415411200000,-415065600000,4,0,False,94,False,True,2,4,2,5546,5985,31
8337,1126,-410918400000,-410486400000,9,0,False,131,False,True,11,9,11,4525,5208,88
8339,1126,-408153600000,-407721600000,0,0,False,0,False,False,11,9,11,4525,5208,74
8340,1126,-406339200000,-405907200000,11,0,False,17,False,True,11,9,11,4525,5208,88
8341,1126,-405129600000,-404784000000,11,0,False,58,False,True,11,9,11,4525,5208,73
8342,1127,-397353600000,-396921600000,0,0,False,0,False,False,9,10,9,5208,6141,20
8343,1127,-395539200000,-395366400000,9,0,False,36,True,True,9,10,9,5208,6141,19
8344,1127,-394329600000,-393897600000,0,0,False,0,False,False,9,10,9,5208,6141,18
8345,1127,-392515200000,-392342400000,9,0,False,5,True,True,9,10,9,5208,6141,66
8346,1127,-390096000000,-389923200000,9,0,False,237,True,True,9,10,9,5208,6141,12
8347,1128,-379468800000,-379036800000,0,0,False,0,False,False,11,4,11,4524,6015,88
8348,1128,-378777600000,-378518400000,4,0,False,141,True,True,11,4,11,4525,6015,52
8349,1128,-376704000000,-376272000000,0,0,False,0,False,False,11,4,11,4525,6015,74
8350,1128,-375494400000,-375062400000,4,0,False,10,False,False,11,4,11,4525,6015,88
8351,1128,-373680000000,-373334400000,4,0,False,8,False,False,11,4,11,4525,6015,73
8352,1129,-377308800000,-376790400000,0,0,False,0,False,False,10,3,10,6178,5529,55
8353,1129,-375667200000,-375148800000,10,0,False,120,False,True,10,3,10,6178,5529,54
8354,1129,-373852800000,-373334400000,10,0,False,174,True,True,10,3,10,6178,5529,57
8355,1129,-372556800000,-372038400000,10,0,False,8,False,False,10,3,10,6178,5529,53
8356,1129,-371433600000,-371001600000,3,0,False,1,True,True,10,3,10,6178,5529,54
8357,1130,-365299200000,-364953600000,9,0,False,205,False,True,9,13,9,5208,5687,20
8358,1130,-364089600000,-363916800000,9,0,False,148,True,True,9,13,9,5208,5687,19
8359,1130,-362880000000,-362448000000,9,0,False,71,True,True,9,13,9,5208,5687,66
8360,1130,-361065600000,-360633600000,9,0,False,13,True,True,9,13,9,5208,5687,65
8362,1130,-358646400000,-358214400000,0,0,False,0,False,False,9,13,9,5208,5687,12
8363,1131,-350092800000,-349660800000,0,0,False,0,False,False,2,10,2,5546,6178,10
8364,1131,-348883200000,-348451200000,10,0,False,203,False,True,2,10,2,5548,6178,32
8365,1131,-347241600000,-346896000000,10,0,False,336,True,True,2,10,2,5548,6178,31
8366,1131,-345427200000,-344995200000,10,0,False,295,False,True,2,10,2,5530,6178,232
8367,1131,-344044800000,-343612800000,0,0,False,0,False,False,2,10,2,5535,6178,51
8368,1132,-349488000000,-349056000000,4,0,False,8,False,False,4,9,4,6011,5208,35
8369,1132,-347241600000,-346809600000,4,0,False,8,False,False,4,9,4,6011,5208,87
8370,1132,-346464000000,-345945600000,0,0,False,0,False,False,4,9,4,6011,5208,34
8371,1132,-344649600000,-344131200000,4,0,False,10,False,False,4,9,4,6011,5208,40
8372,1132,-343440000000,-343008000000,4,0,False,9,False,False,4,9,4,6011,5208,87
8373,1133,-342230400000,-341971200000,9,0,False,99,True,True,13,9,13,5687,5208,43
8374,1133,-340934400000,-340588800000,0,0,False,0,False,False,13,9,13,5687,5208,41
8375,1134,-342835200000,-342403200000,3,0,False,10,False,False,3,10,3,5758,6178,24
8376,1134,-341625600000,-341452800000,3,0,False,41,False,True,3,10,3,5758,6178,36
8377,1134,-339897600000,-339465600000,10,0,False,156,True,True,3,10,3,5758,6178,251
8378,1135,-333849600000,-333504000000,9,0,False,59,True,True,9,2,9,5208,5559,18
8379,1135,-332640000000,-332467200000,9,0,False,8,False,False,9,2,9,5208,5553,19
8380,1135,-331430400000,-331257600000,9,0,False,173,True,True,9,2,9,5208,5559,66
8381,1135,-329616000000,-329184000000,9,0,False,171,False,True,9,2,9,5226,5559,65
8382,1135,-327196800000,-326851200000,9,0,False,27,True,True,9,2,9,5226,5559,12
8383,1136,-319852800000,-319420800000,4,0,False,8,False,False,3,4,3,5758,6011,36
8384,1136,-319161600000,-318729600000,4,0,False,7,False,False,3,4,3,5760,6011,26
8385,1136,-318038400000,-317606400000,0,0,False,0,False,False,3,4,3,5758,6011,24
8386,1137,-317347200000,-317001600000,4,0,False,127,True,True,2,4,2,5560,6011,51
8387,1137,-316742400000,-316310400000,2,0,False,119,False,True,2,4,2,5560,6011,32
8389,1137,-315619200000,-315187200000,0,0,False,0,False,False,2,4,2,5560,6011,10
8390,1137,-314582400000,-314236800000,4,0,False,55,True,True,2,4,2,5560,6011,232
8391,1137,-313718400000,-313286400000,0,0,False,0,False,False,2,4,2,5560,6011,31
8392,1138,-315187200000,-314668800000,0,0,False,0,False,False,10,9,10,6178,5208,55
8393,1138,-313286400000,-312768000000,9,0,False,256,False,True,10,9,10,6178,5208,54
8394,1138,-311558400000,-311040000000,0,0,False,0,False,False,10,9,10,6178,5208,57
8395,1138,-309744000000,-309225600000,0,0,False,0,False,False,10,9,10,6178,5226,53
8396,1138,-308361600000,-307843200000,0,0,False,0,False,False,10,9,10,6178,5226,54
8397,1139,-301795200000,-301363200000,9,0,False,100,False,True,9,11,9,5226,4524,20
8398,1139,-300585600000,-300240000000,9,0,False,73,True,True,9,11,9,5226,4524,19
8399,1139,-299376000000,-299030400000,9,0,False,8,False,False,9,11,9,5226,4524,18
8400,1139,-298166400000,-297734400000,0,0,False,0,False,False,9,11,9,5226,4524,65
8401,1139,-295747200000,-295315200000,0,0,False,0,False,False,9,11,9,5226,4524,12
8402,1140,-286588800000,-286156800000,0,0,False,0,False,False,2,3,2,5576,5758,10
8403,1140,-285379200000,-284947200000,0,0,False,0,False,False,2,3,2,5576,5758,32
8404,1140,-284169600000,-283737600000,0,0,False,0,False,False,2,3,2,5576,5758,31
8405,1140,-282960000000,-282528000000,0,0,False,0,False,False,2,3,2,5576,5758,232
8406,1140,-280713600000,-280281600000,0,0,False,0,False,False,2,3,2,5576,5758,51
8407,1141,-285984000000,-285552000000,0,0,False,0,False,False,4,10,4,6011,6146,35
8408,1141,-284169600000,-283824000000,4,0,False,7,False,False,4,10,4,6011,6146,87
8409,1141,-282960000000,-282528000000,10,0,False,222,False,True,4,10,4,6011,6146,34
8410,1141,-281750400000,-281318400000,0,0,False,0,False,False,4,10,4,6011,6146,40
8411,1141,-280540800000,-280108800000,4,0,False,2,False,False,4,10,4,6011,6146,87
8412,1142,-270345600000,-269913600000,0,0,False,0,False,False,9,4,9,5226,6011,20
8413,1142,-269136000000,-268790400000,4,0,False,5,False,False,9,4,9,5226,5999,19
8414,1142,-267926400000,-267753600000,9,0,False,8,False,False,9,4,9,5208,6011,66
8415,1142,-266112000000,-265680000000,4,0,False,54,False,True,9,4,9,5208,6011,65
8417,1142,-264297600000,-263865600000,0,0,False,0,False,False,9,4,9,5208,6011,12
8418,1143,-256867200000,-256435200000,0,0,False,0,False,False,2,9,2,5576,5235,10
8419,1143,-255139200000,-254707200000,0,0,False,0,False,False,2,9,2,5576,5235,32
8420,1143,-254102400000,-253670400000,0,0,False,0,False,False,2,9,2,5576,5235,51
8421,1143,-252633600000,-252201600000,2,0,False,187,False,True,2,9,2,5576,5235,31
8422,1143,-251683200000,-251251200000,2,0,False,128,False,True,2,9,2,5576,5235,232
8423,1144,-258681600000,-258249600000,9,0,False,5,False,False,3,9,3,5760,5235,26
8424,1144,-250905600000,-250473600000,0,0,False,0,False,False,3,9,3,5760,5235,36
8425,1144,-249696000000,-249264000000,0,0,False,0,False,False,3,9,3,5760,5235,24
8426,1145,-254534400000,-254188800000,11,0,False,30,False,True,11,13,11,4524,5687,74
8427,1145,-252979200000,-252720000000,0,0,False,0,False,False,11,13,11,4524,5687,88
8428,1145,-252460800000,-252201600000,13,0,False,72,False,True,11,13,11,4524,5687,52
8429,1145,-249696000000,-249436800000,11,0,False,51,True,True,11,13,11,4524,5687,88
8430,1145,-248486400000,-248140800000,13,0,False,40,False,True,11,13,11,4524,5687,73
8431,1146,-248486400000,-248140800000,10,0,False,10,False,False,10,2,10,6146,5576,54
8432,1146,-246844800000,-246412800000,10,0,False,18,True,True,10,2,10,6146,5576,57
8433,1146,-245462400000,-245030400000,10,0,False,30,True,True,10,2,10,6146,5602,55
8434,1146,-244425600000,-243993600000,10,0,False,7,False,False,10,2,10,6146,5602,54
8435,1146,-243648000000,-243216000000,10,0,False,123,False,True,10,2,10,6146,5602,57
8436,1147,-239500800000,-239155200000,9,0,False,24,True,True,9,3,9,5235,5786,20
8437,1147,-237686400000,-237513600000,9,0,False,9,False,False,9,3,9,5235,5786,19
8438,1147,-236476800000,-236304000000,9,0,False,117,True,True,9,3,9,5226,5786,66
8439,1147,-234662400000,-234230400000,0,0,False,0,False,False,9,3,9,5235,5786,18
8440,1147,-232848000000,-232502400000,9,0,False,10,False,False,9,3,9,5235,5786,12
8441,1148,-223689600000,-223257600000,0,0,False,0,False,False,4,9,4,6011,5235,35
8442,1148,-221184000000,-220752000000,9,0,False,7,False,False,4,9,4,6011,5235,87
8443,1148,-220060800000,-219715200000,4,0,False,8,False,False,4,9,4,6011,5235,34
8444,1148,-218851200000,-218419200000,0,0,False,0,False,False,4,9,4,6011,5235,40
8445,1148,-217036800000,-216604800000,0,0,False,0,False,False,4,9,4,6011,5235,34
8446,1149,-216345600000,-216000000000,9,0,False,215,True,True,13,9,13,5687,5235,41
8447,1149,-215827200000,-215568000000,9,0,False,47,True,True,13,9,13,5687,5235,45
8448,1149,-214617600000,-214272000000,9,0,False,7,False,False,13,9,13,5687,5235,43
8449,1150,-207446400000,-207100800000,10,0,False,10,False,False,9,10,9,5235,6146,65
8450,1150,-206236800000,-205804800000,0,0,False,0,False,False,9,10,9,5235,6146,19
8452,1150,-205027200000,-204595200000,9,0,False,217,False,True,9,10,9,5235,6146,20
8453,1150,-203212800000,-202867200000,10,0,False,221,False,True,9,10,9,5235,6146,66
8454,1150,-200793600000,-200448000000,10,0,False,8,False,False,9,10,9,5235,6146,12
8455,1151,-191635200000,-191203200000,0,0,False,0,False,False,4,11,4,6011,4537,35
8456,1151,-189388800000,-188956800000,4,0,False,8,False,False,4,11,4,4667,4537,87
8457,1151,-188611200000,-188179200000,0,0,False,0,False,False,4,11,4,4667,4537,34
8458,1151,-187401600000,-186969600000,11,0,False,10,False,False,4,11,4,4667,4537,40
8459,1151,-186192000000,-185760000000,0,0,False,0,False,False,4,11,4,4667,4537,34
8460,1152,-188611200000,-188179200000,0,0,False,0,False,False,2,9,2,5602,5233,232
8461,1152,-187660800000,-187228800000,0,0,False,0,False,False,2,9,2,5602,5233,10
8462,1152,-186969600000,-186537600000,0,0,False,0,False,False,2,9,2,5602,5233,31
8463,1152,-186105600000,-185673600000,0,0,False,0,False,False,2,9,2,5602,5233,51
8464,1152,-185500800000,-185068800000,0,0,False,0,False,False,2,9,2,5602,5233,32
8465,1153,-184982400000,-184636800000,0,0,False,0,False,False,13,11,13,5687,4537,45
8466,1153,-183168000000,-182822400000,0,0,False,0,False,False,13,11,13,5687,4537,41
8467,1154,-175996800000,-175564800000,0,0,False,0,False,False,9,4,9,5235,4667,18
8468,1154,-174787200000,-174355200000,0,0,False,0,False,False,9,4,9,5235,4667,19
8469,1154,-173577600000,-173232000000,4,0,False,7,False,False,9,4,9,5235,4667,66
8470,1154,-171763200000,-171331200000,0,0,False,0,False,False,9,4,9,5235,4667,65
8471,1154,-169948800000,-169516800000,0,0,False,0,False,False,9,4,9,5235,4667,12
8472,1155,-165628800000,-165196800000,4,0,False,139,False,True,2,4,2,5602,4667,232
8473,1155,-164937600000,-164505600000,2,0,False,2,False,False,2,4,2,5602,4667,10
8474,1155,-164332800000,-163900800000,0,0,False,0,False,False,2,4,2,5602,4667,31
8475,1156,-163728000000,-163296000000,0,0,False,0,False,False,3,4,3,5759,4667,24
8476,1157,-160185600000,-159840000000,0,0,False,0,False,False,4,3,4,4667,5759,87
8477,1158,-155952000000,-155606400000,0,0,False,0,False,False,13,3,13,5687,5759,45
8478,1158,-155347200000,-155001600000,0,0,False,0,False,False,13,3,13,5687,5759,41
8479,1158,-154137600000,-153792000000,0,0,False,0,False,False,13,3,13,5687,5759,43
8480,1159,-160185600000,-159840000000,9,0,False,104,True,True,11,9,11,4537,5233,74
8482,1159,-158544000000,-158025600000,0,0,False,0,False,False,11,9,11,4537,5233,88
8483,1159,-157766400000,-157334400000,0,0,False,0,False,False,11,9,11,4537,5233,52
8484,1159,-155952000000,-155520000000,0,0,False,0,False,False,11,9,11,4537,5233,88
8485,1159,-154137600000,-153705600000,0,0,False,0,False,False,11,9,11,4537,5233,73
8486,1160,-152841600000,-152582400000,0,0,False,0,False,False,2,13,2,5602,5687,232
8487,1160,-152323200000,-152064000000,0,0,False,0,False,False,2,13,2,5602,5687,31
8488,1160,-151718400000,-151459200000,0,0,False,0,False,False,2,13,2,5602,5687,10
8489,1160,-151113600000,-150854400000,2,0,False,7,False,False,2,13,2,5602,5687,51
8490,1161,-150422400000,-150163200000,3,0,False,64,True,True,3,13,3,5759,5687,245
8491,1161,-149904000000,-149472000000,0,0,False,0,False,False,3,13,3,5759,5687,26
8492,1161,-149299200000,-148867200000,3,0,False,8,False,False,3,13,3,5759,5687,24
8493,1162,-152496000000,-152064000000,10,0,False,179,False,True,10,4,10,4160,4667,57
8494,1162,-150508800000,-149990400000,0,0,False,0,False,False,10,4,10,4160,4667,54
8495,1162,-148867200000,-148348800000,10,0,False,212,False,True,10,4,10,4160,4667,53
8496,1162,-147052800000,-146534400000,0,0,False,0,False,False,10,4,10,4160,4667,55
8497,1162,-146275200000,-146016000000,4,0,False,10,False,False,10,4,10,4160,4667,54
8498,1163,-145152000000,-144720000000,9,0,False,9,False,False,9,13,9,5233,5687,20
8499,1163,-143337600000,-142905600000,9,0,False,7,False,False,9,13,9,5233,5687,19
8500,1163,-141523200000,-141091200000,9,0,False,187,True,True,9,13,9,5233,5687,66
8501,1164,-140313600000,-139881600000,0,0,False,0,False,False,9,11,9,5233,4565,19
8502,1164,-139104000000,-138758400000,11,0,False,94,False,True,9,11,9,5233,4565,18
8503,1164,-137289600000,-136857600000,0,0,False,0,False,False,9,11,9,5233,4565,12
8504,1165,-128131200000,-127699200000,0,0,False,0,False,False,4,9,4,6039,5233,35
8505,1165,-126403200000,-125971200000,0,0,False,0,False,False,4,9,4,4667,5233,87
8506,1165,-125712000000,-125366400000,9,0,False,93,True,True,4,9,4,6039,5233,34
8507,1165,-123897600000,-123552000000,4,0,False,9,True,True,4,9,4,4667,5233,40
8508,1165,-122688000000,-122256000000,0,0,False,0,False,False,4,9,4,4667,5233,87
8509,1166,-121478400000,-121132800000,0,0,False,0,False,False,13,9,13,5699,5233,43
8510,1166,-120873600000,-120528000000,0,0,False,0,False,False,13,9,13,5732,5233,210
8511,1166,-120268800000,-119923200000,0,0,False,0,False,False,13,9,13,5732,5233,41
8513,1167,-113097600000,-112924800000,10,0,False,40,True,True,9,10,9,5233,4160,65
8514,1167,-111888000000,-111456000000,0,0,False,0,False,False,9,10,9,5226,4160,19
8515,1167,-110678400000,-110246400000,10,0,False,139,False,True,9,10,9,5226,4160,18
8516,1167,-107654400000,-107308800000,10,0,False,55,True,True,9,10,9,5226,4160,66
8517,1167,-106444800000,-106099200000,9,0,False,34,True,True,9,10,9,5191,4160,12
8518,1168,-96336000000,-95904000000,10,0,False,6,False,False,2,10,2,5602,4160,10
8519,1168,-94780800000,-94348800000,10,0,False,45,True,True,2,10,2,5602,4160,31
8520,1168,-93657600000,-93225600000,0,0,False,0,False,False,2,10,2,5602,4160,11
8521,1169,-95472000000,-95040000000,11,0,False,233,False,True,11,4,11,4565,4667,88
8522,1169,-94780800000,-94348800000,4,0,False,6,False,False,11,4,11,4565,4667,52
8523,1169,-93052800000,-92620800000,11,0,False,8,False,False,11,4,11,4565,4667,74
8524,1169,-91843200000,-91411200000,0,0,False,0,False,False,11,4,11,4565,4667,88
8525,1169,-90028800000,-89683200000,11,0,False,7,False,False,11,4,11,4565,4667,73
8526,1170,-81043200000,-80611200000,9,0,False,6,False,False,9,2,9,5191,5602,66
8527,1170,-79833600000,-79488000000,9,0,False,124,True,True,9,2,9,5191,5602,19
8528,1170,-78019200000,-77846400000,9,0,False,132,False,True,9,2,9,5191,5602,20
8529,1171,-76809600000,-76377600000,0,0,False,0,False,False,9,3,9,5191,5759,19
8530,1171,-75600000000,-75168000000,9,0,False,10,False,False,9,3,9,5191,5759,18
8531,1171,-74390400000,-74044800000,9,0,False,8,False,False,9,3,9,5191,5759,12
8532,1172,-63936000000,-63504000000,4,0,False,146,False,True,4,2,4,4667,5582,40
8533,1172,-63331200000,-62985600000,4,0,False,4,True,True,4,2,4,4667,5602,87
8534,1172,-61603200000,-61171200000,4,0,False,39,False,True,4,2,4,4627,5602,35
8535,1172,-60998400000,-60566400000,4,0,False,144,False,True,4,2,4,4627,5602,34
8537,1173,-59270400000,-58838400000,2,0,False,5,False,False,13,2,13,5732,5602,210
8538,1173,-58665600000,-58233600000,13,0,False,6,False,False,13,2,13,5731,5602,43
8539,1173,-57456000000,-57024000000,2,0,False,272,False,True,13,2,13,5731,5602,41
8540,1174,-61603200000,-61171200000,0,0,False,0,False,False,10,9,10,4160,5226,54
8541,1174,-59875200000,-59356800000,0,0,False,0,False,False,10,9,10,4160,5226,57
8542,1174,-56851200000,-56419200000,9,0,False,7,False,False,10,9,10,4160,5226,54
8543,1174,-55641600000,-55123200000,0,0,False,0,False,False,10,9,10,4160,5226,53
8544,1175,-49593600000,-49161600000,4,0,False,159,False,True,9,4,9,5226,4627,65
8545,1175,-48384000000,-47952000000,0,0,False,0,False,False,9,4,9,5226,4627,19
8546,1175,-46569600000,-46137600000,0,0,False,0,False,False,9,4,9,5226,4627,20
8547,1175,-45360000000,-44928000000,0,0,False,0,False,False,9,4,9,5205,6035,66
8548,1175,-42940800000,-42508800000,9,0,False,226,False,True,9,4,9,5226,4627,12
8549,1176,-33782400000,-33436800000,10,0,False,125,False,True,4,10,4,4627,4160,35
8550,1176,-32054400000,-31708800000,4,0,False,30,True,True,4,10,4,4627,4160,87
8551,1176,-31363200000,-30931200000,4,0,False,10,False,False,4,10,4,4627,4160,34
8552,1176,-29548800000,-29116800000,0,0,False,0,False,False,4,10,4,4627,4160,40
8553,1176,-27734400000,-27216000000,4,0,False,382,False,True,4,10,4,4627,4160,34
8554,1177,-27129600000,-26870400000,0,0,False,0,False,False,3,9,3,5779,5226,26
8555,1177,-26524800000,-26265600000,0,0,False,0,False,False,3,9,3,5779,5226,36
8556,1177,-26006400000,-25660800000,0,0,False,0,False,False,3,9,3,5779,5226,24
8557,1178,-26611200000,-26265600000,10,0,False,5,False,False,13,10,13,5731,4160,41
8558,1178,-25920000000,-25574400000,13,0,False,6,False,False,13,10,13,5731,4160,45
8559,1178,-25401600000,-25056000000,0,0,False,0,False,False,13,10,13,5731,4160,43
8560,1179,-17539200000,-17107200000,9,0,False,10,False,False,9,10,9,5236,4160,65
8561,1179,-16329600000,-15897600000,0,0,False,0,False,False,9,10,9,5236,4160,19
8562,1179,-15120000000,-14688000000,9,0,False,30,False,True,9,10,9,5236,4160,66
8563,1180,-13910400000,-13564800000,9,0,False,230,False,True,9,13,9,5236,5731,19
8564,1180,-12700800000,-12268800000,0,0,False,0,False,False,9,13,9,5236,5731,18
8566,1180,-11491200000,-11059200000,9,0,False,8,False,False,9,13,9,5236,5731,12
8567,1181,-8467200000,-8035200000,2,0,False,60,False,True,2,13,2,5602,5731,10
8568,1181,-7776000000,-7344000000,13,0,False,167,False,True,2,13,2,5602,5731,29
8569,1181,-6739200000,-6307200000,0,0,False,0,False,False,2,13,2,5602,5731,130
8570,1182,-5961600000,-5702400000,0,0,False,0,False,False,3,13,3,3638,5731,24
8571,1182,-5443200000,-5184000000,13,0,False,5,False,False,3,13,3,3638,5731,26
8572,1182,-4665600000,-4406400000,0,0,False,0,False,False,3,13,3,3638,5731,36
8573,1183,-5011200000,-4579200000,4,0,False,8,False,False,2,4,2,5602,4627,10
8574,1183,-4060800000,-3628800000,0,0,False,0,False,False,2,4,2,5602,4627,32
8575,1183,-2937600000,-2592000000,2,0,False,7,False,False,2,4,2,5602,4627,51
8576,1183,-1728000000,-1382400000,4,0,False,10,False,False,2,4,2,5602,4627,31
8577,1183,-691200000,-345600000,4,0,False,77,False,True,2,4,2,5602,4627,11
8579,1184,1814400000,2246400000,11,0,False,170,False,True,11,4,11,4570,4627,52
8580,1184,3024000000,3369600000,11,0,False,129,True,True,11,4,11,4570,4627,74
8581,1184,4233600000,4665600000,11,0,False,307,False,True,11,4,11,4570,4627,88
8582,1184,5443200000,5875200000,11,0,False,323,False,True,11,4,11,4570,4627,73
8583,1185,28512000000,28944000000,0,0,False,0,False,False,4,9,4,4627,5236,35
8584,1185,29721600000,30153600000,0,0,False,0,False,False,4,9,4,4627,5236,38
8585,1185,31449600000,31881600000,0,0,False,0,False,False,4,9,4,4627,5236,87
8586,1185,32227200000,32659200000,9,0,False,299,False,True,4,9,4,4627,5236,34
8587,1185,33264000000,33696000000,0,0,False,0,False,False,4,9,4,4627,5236,87
8588,1185,33955200000,34387200000,0,0,False,0,False,False,4,9,4,4627,5236,40
8589,1185,35164800000,35596800000,9,0,False,62,False,True,4,9,4,4625,5236,34
8590,1186,36288000000,36633600000,9,0,False,8,False,False,13,9,13,5731,5236,43
8591,1186,36979200000,37238400000,0,0,False,0,False,False,13,9,13,5731,5236,41
8592,1187,35683200000,36115200000,0,0,False,0,False,False,10,2,10,4160,3824,57
8593,1187,37065600000,37411200000,2,0,False,7,False,False,10,2,10,4160,3824,54
8594,1187,38188800000,38620800000,0,0,False,0,False,False,10,2,10,4160,3824,53
8595,1187,39312000000,39744000000,0,0,False,0,False,False,10,2,10,4160,3824,55
8596,1187,40348800000,40867200000,0,0,False,0,False,False,10,2,10,4160,3824,54
8598,1012,-2928441600000,-2928096000000,4,0,False,45,False,True,4,9,4,5831,4856,87
8599,1012,-2927059200000,-2926713600000,9,0,False,4,False,False,4,9,4,5831,4856,87
8600,1013,-2871590400000,-2871417600000,4,0,False,10,False,False,4,9,4,5831,4862,87
8601,1014,-2818627200000,-2818454400000,9,0,False,5,False,False,9,4,9,4862,4927,12
8602,1015,-2777068800000,-2776723200000,0,0,False,0,False,False,4,9,4,4927,4858,87
8603,1015,-2772921600000,-2772576000000,4,0,False,5,False,False,4,9,4,4927,4858,34
8604,1015,-2771712000000,-2771366400000,4,0,False,6,False,False,4,9,4,4927,4858,34
8605,1015,-2771107200000,-2770761600000,0,0,False,0,False,False,4,9,4,4927,4858,87
8606,1016,-2756332800000,-2756246400000,4,0,False,7,False,True,9,4,9,4864,4927,12
8607,1017,-2745619200000,-2745360000000,4,0,False,9,False,False,4,9,4,4927,4887,87
8608,1017,-2743891200000,-2743632000000,9,0,False,27,True,True,4,9,4,4927,4887,87
8609,1017,-2743286400000,-2742940800000,9,0,False,69,False,True,4,9,4,4927,4887,34
8610,1018,-2741385600000,-2741040000000,4,0,False,4,False,False,4,9,4,4927,4887,34
8611,1019,-2697408000000,-2697235200000,0,0,False,0,False,False,9,4,9,4864,4927,65
8612,1019,-2696457600000,-2696284800000,9,0,False,5,True,True,9,4,9,4862,4927,19
8613,1019,-2694643200000,-2694470400000,0,0,False,0,False,False,9,4,9,4862,4927,12
8614,1020,-2684016000000,-2683670400000,9,0,False,8,False,False,4,9,4,4927,4884,40
8615,1020,-2682288000000,-2681942400000,9,0,False,10,False,False,4,9,4,5834,4884,87
8616,1020,-2677968000000,-2677622400000,4,0,False,6,False,True,4,9,4,5852,4884,34
8617,1020,-2676067200000,-2675808000000,4,0,False,8,False,False,4,9,4,5828,4884,34
8618,1020,-2675462400000,-2675116800000,9,0,False,98,True,True,4,9,4,5834,4884,87
8619,1021,-2634768000000,-2634595200000,9,0,False,4,False,False,9,4,9,4877,5855,65
8620,1021,-2633558400000,-2633385600000,9,0,False,106,True,True,9,4,9,4877,5855,19
8621,1021,-2631484800000,-2631312000000,9,0,False,217,True,True,9,4,9,4877,5855,12
8622,1022,-2616883200000,-2616624000000,9,0,False,13,False,True,4,9,4,5845,4884,34
8623,1022,-2614464000000,-2614118400000,9,0,False,71,False,True,4,9,4,5845,4884,34
8624,1023,-2584224000000,-2583792000000,9,0,False,126,False,True,4,9,4,5845,4889,34
8625,1024,-2570659200000,-2570572800000,4,0,False,61,False,True,9,4,9,4877,5845,19
8626,1024,-2568240000000,-2568153600000,9,0,False,137,True,True,9,4,9,4873,5845,12
8628,1024,-2566771200000,-2566684800000,9,0,False,21,True,True,9,4,9,4873,5845,65
8629,1025,-2550009600000,-2549923200000,9,0,False,8,False,False,11,9,11,4346,4914,73
8630,1025,-2548886400000,-2548800000000,9,0,False,202,True,True,11,9,11,4350,4910,52
8631,1026,-2507155200000,-2506982400000,9,0,False,7,False,False,9,4,9,4873,4927,19
8632,1026,-2505340800000,-2505254400000,9,0,False,2,False,False,9,4,9,4873,4927,12
8633,1026,-2504131200000,-2503958400000,0,0,False,0,False,False,9,4,9,4873,4927,65
8634,1027,-2454710400000,-2454451200000,9,0,False,189,True,True,11,9,11,4350,4889,52
8635,1028,-2461449600000,-2461017600000,4,0,False,54,False,True,4,9,4,5828,4873,87
8636,1028,-2459030400000,-2458598400000,4,0,False,72,False,True,4,9,4,5828,4873,34
8637,1028,-2454278400000,-2453932800000,9,0,False,230,True,True,4,9,4,5828,4873,40
8638,1029,-2412806400000,-2412633600000,0,0,False,0,False,False,9,4,9,4905,5828,19
8639,1029,-2410387200000,-2410214400000,9,0,False,43,True,True,9,4,9,4873,5828,12
8640,1029,-2409523200000,-2409350400000,0,0,False,0,False,False,9,4,9,4873,5828,65
8641,1030,-2368310400000,-2367792000000,9,0,False,10,False,True,4,9,4,5828,4905,34
8642,1030,-2367014400000,-2366582400000,9,0,False,94,False,True,4,9,4,5851,4905,87
8643,1030,-2365891200000,-2365545600000,4,0,False,382,False,True,4,9,4,5851,4905,40
8644,1030,-2364076800000,-2363817600000,4,0,False,147,True,True,4,9,4,5851,4905,34
8645,1030,-2361657600000,-2361225600000,9,0,False,6,False,False,4,9,4,5851,4905,87
8646,1031,-2331504000000,-2331417600000,9,0,False,288,False,True,11,9,11,4363,4893,73
8647,1031,-2329948800000,-2329776000000,9,0,False,197,True,True,11,9,11,4363,4944,203
8648,1031,-2328307200000,-2328134400000,9,0,False,33,True,True,11,9,11,4381,4944,52
8649,1032,-2320272000000,-2320099200000,9,0,False,6,False,False,9,4,9,4873,5876,19
8650,1032,-2318198400000,-2318025600000,4,0,False,3,False,False,9,4,9,4873,5876,65
8651,1032,-2316038400000,-2315865600000,9,0,False,66,False,True,9,4,9,4873,5876,12
8652,1033,-2273702400000,-2273356800000,9,0,False,9,False,False,4,9,4,5876,4940,34
8653,1033,-2272060800000,-2271715200000,4,0,False,55,True,True,4,9,4,5876,4940,87
8654,1033,-2270937600000,-2270505600000,4,0,False,13,True,True,4,9,4,5876,4905,40
8656,1033,-2269641600000,-2269296000000,4,0,False,8,False,False,4,9,4,5876,4905,87
8657,1033,-2267222400000,-2266876800000,4,0,False,6,False,False,4,9,4,5876,4940,34
8658,1034,-2236723200000,-2236550400000,9,0,False,32,False,True,11,9,11,4383,4944,203
8659,1034,-2232748800000,-2232489600000,9,0,False,210,False,True,11,9,11,4383,4944,52
8660,1035,-2227478400000,-2227305600000,0,0,False,0,False,False,9,4,9,4873,5886,18
8661,1035,-2226268800000,-2226096000000,4,0,False,10,False,False,9,4,9,4940,5886,19
8662,1035,-2225059200000,-2224886400000,0,0,False,0,False,False,9,4,9,4940,5886,66
8663,1035,-2223504000000,-2223331200000,0,0,False,0,False,False,9,4,9,4940,5886,65
8664,1035,-2221084800000,-2220912000000,0,0,False,0,False,False,9,4,9,4940,5886,12
8665,1036,-2147558400000,-2147299200000,9,0,False,124,True,True,4,9,4,5886,4940,34
8666,1036,-2145916800000,-2145657600000,4,0,False,229,False,True,4,9,4,5886,4940,87
8667,1036,-2144534400000,-2144016000000,4,0,False,4,False,False,4,9,4,5886,4940,40
8668,1036,-2142115200000,-2141769600000,4,0,False,7,False,False,4,9,4,5881,4940,34
8669,1036,-2140905600000,-2140560000000,4,0,False,32,False,True,4,9,4,5881,4940,87
8670,1037,-2133129600000,-2132956800000,0,0,False,0,False,False,9,4,9,4940,5886,20
8671,1037,-2131920000000,-2131747200000,0,0,False,0,False,False,9,4,9,4940,5886,19
8672,1037,-2130105600000,-2129932800000,4,0,False,143,False,True,9,4,9,4940,5886,227
8673,1037,-2128291200000,-2128118400000,4,0,False,3,False,True,9,4,9,4940,5886,65
8674,1037,-2126736000000,-2126563200000,9,0,False,1,False,False,9,4,9,4940,5886,12
8675,1038,-2121465600000,-2121206400000,0,0,False,0,False,False,11,4,11,4397,5886,203
8676,1038,-2120860800000,-2120601600000,4,0,False,159,False,True,11,4,11,4400,5886,203
8677,1038,-2119046400000,-2118787200000,4,0,False,10,False,False,11,4,11,4363,5886,52
8678,1039,-2084659200000,-2084140800000,9,0,False,5,False,False,4,9,4,5897,4964,34
8679,1039,-2082844800000,-2082499200000,9,0,False,185,False,True,4,9,4,5897,4964,87
8680,1039,-2081635200000,-2081203200000,4,0,False,216,False,True,4,9,4,5897,4964,40
8681,1039,-2077315200000,-2077056000000,4,0,False,218,False,True,4,9,4,5897,4964,87
8682,1040,-2038435200000,-2038262400000,9,0,False,213,False,True,9,4,9,4930,5886,18
8683,1040,-2036966400000,-2036793600000,0,0,False,0,False,False,9,4,9,4930,5886,19
8685,1040,-2035411200000,-2035238400000,0,0,False,0,False,False,9,4,9,4930,5886,66
8686,1040,-2033596800000,-2033424000000,9,0,False,80,True,True,9,4,9,4930,5886,65
8687,1040,-2031782400000,-2031609600000,0,0,False,0,False,False,9,4,9,4930,5886,12
8688,1041,-2019600000000,-2019427200000,11,0,False,1,False,False,11,9,11,4405,4964,203
8689,1041,-2014156800000,-2013984000000,11,0,False,9,False,False,11,9,11,4405,4964,203
8690,1041,-2013811200000,-2013465600000,11,0,False,243,False,True,11,9,11,4405,4964,203
8691,1041,-2012601600000,-2012342400000,9,0,False,4,False,False,11,9,11,4405,4964,52
8692,1041,-2012083200000,-2011824000000,11,0,False,16,True,True,11,9,11,4405,4964,52
8693,1042,-1972512000000,-1972339200000,0,0,False,0,False,False,9,11,9,4985,4405,19
8694,1042,-1970092800000,-1969920000000,9,0,False,53,False,True,9,11,9,4985,4405,66
8695,1042,-1968278400000,-1968105600000,0,0,False,0,False,False,9,11,9,4985,4405,12
8696,1043,-1958256000000,-1957737600000,4,0,False,2,False,False,4,9,4,5897,4994,34
8697,1043,-1956614400000,-1956096000000,9,0,False,1,False,False,4,9,4,5897,4994,87
8698,1043,-1955836800000,-1955318400000,4,0,False,245,False,True,4,9,4,5897,4994,40
8699,1043,-1953417600000,-1953072000000,4,0,False,308,False,True,4,9,4,5897,4975,87
8700,1043,-1952208000000,-1951689600000,4,0,False,49,False,True,4,9,4,5897,4975,34
8701,1044,-1912377600000,-1912204800000,9,0,False,10,False,False,9,4,9,4940,5897,20
8702,1044,-1910822400000,-1910649600000,4,0,False,9,False,False,9,4,9,4940,5897,19
8703,1044,-1909353600000,-1909180800000,4,0,False,126,False,True,9,4,9,4940,5897,66
8704,1044,-1907193600000,-1907020800000,0,0,False,0,False,False,9,4,9,4940,5897,65
8705,1044,-1905984000000,-1905811200000,0,0,False,0,False,False,9,4,9,4940,5897,12
8706,1045,-1893456000000,-1893110400000,11,0,False,19,False,True,11,9,11,4406,5013,203
8707,1045,-1891728000000,-1891296000000,11,0,False,95,False,True,11,9,11,4406,5013,204
8709,1045,-1888617600000,-1888185600000,9,0,False,3,False,False,11,9,11,4406,5013,203
8710,1045,-1887840000000,-1887667200000,11,0,False,4,False,False,11,9,11,4406,4994,52
8711,1045,-1887494400000,-1887235200000,9,0,False,9,False,False,11,9,11,4406,4994,52
8712,1046,-1863907200000,-1863475200000,4,0,False,114,True,True,4,11,4,5895,4405,34
8713,1046,-1862006400000,-1861660800000,4,0,False,89,False,True,4,11,4,5895,4405,87
8714,1046,-1861401600000,-1860883200000,11,0,False,38,False,True,4,11,4,5895,4405,40
8715,1046,-1857859200000,-1857513600000,4,0,False,530,False,True,4,11,4,5895,4405,87
8716,1046,-1856649600000,-1856304000000,4,0,False,7,False,False,4,11,4,5895,4405,34
8717,1047,-1831852800000,-1831334400000,4,0,False,146,False,True,4,9,4,5895,5017,34
8718,1047,-1830556800000,-1830211200000,9,0,False,8,False,False,4,9,4,5895,5017,87
8719,1047,-1829433600000,-1829001600000,9,0,False,7,False,False,4,9,4,5895,5017,40
8720,1047,-1827014400000,-1826668800000,9,0,False,225,True,True,4,9,4,5895,5017,87
8740,1052,-1768867200000,-1768521600000,9,0,False,157,True,True,11,9,11,4422,5017,204
8741,1052,-1767744000000,-1767398400000,9,0,False,12,True,True,11,9,11,4422,5017,203
8742,1052,-1767225600000,-1766880000000,9,0,False,91,False,True,11,9,11,4422,5017,203
8743,1052,-1763424000000,-1763078400000,0,0,False,0,False,False,11,9,11,4422,5017,204
8744,1052,-1762300800000,-1761955200000,9,0,False,10,False,False,11,9,11,4422,5017,73
8745,1053,-1547596800000,-1547164800000,4,0,False,377,False,True,4,9,4,5901,5017,34
8746,1053,-1546387200000,-1546041600000,4,0,False,91,True,True,4,9,4,5901,5017,87
8747,1053,-1545177600000,-1544659200000,4,0,False,119,False,True,4,9,4,5901,5017,40
8748,1053,-1542758400000,-1542326400000,4,0,False,8,False,False,4,9,4,5901,5017,87
8749,1053,-1541548800000,-1541203200000,4,0,False,9,False,False,4,9,4,5901,5017,34
8750,1054,-1533600000000,-1533427200000,4,0,False,10,False,False,9,4,9,5017,5901,18
8751,1054,-1532390400000,-1532131200000,4,0,False,8,False,False,9,4,9,5017,5901,19
8752,1054,-1530576000000,-1530316800000,4,0,False,219,False,True,9,4,9,5027,5901,66
8753,1054,-1528761600000,-1528502400000,0,0,False,0,False,False,9,4,9,5027,5901,65
8754,1054,-1526947200000,-1526688000000,0,0,False,0,False,False,9,4,9,5027,5901,12
8755,1055,-1519689600000,-1519344000000,0,0,False,0,False,False,11,4,11,4422,5927,204
8756,1055,-1519084800000,-1518739200000,0,0,False,0,False,False,11,4,11,4422,5927,203
8757,1055,-1517875200000,-1517616000000,4,0,False,10,False,False,11,4,11,4422,5927,52
8758,1056,-1484006400000,-1483574400000,11,0,False,168,False,True,11,9,11,4422,5056,203
8759,1056,-1483228800000,-1482969600000,9,0,False,1,False,False,11,9,11,4422,5056,52
8760,1056,-1481760000000,-1481414400000,0,0,False,0,False,False,11,9,11,4422,5056,74
8761,1056,-1479859200000,-1479513600000,0,0,False,0,False,False,11,9,11,4422,5056,203
8762,1056,-1479254400000,-1478736000000,9,0,False,109,False,True,11,9,11,4422,5056,74
8764,1057,-1437436800000,-1437177600000,9,0,False,18,True,True,9,11,9,5054,4422,20
8765,1057,-1436227200000,-1435968000000,9,0,False,18,True,True,9,11,9,5054,4422,19
8766,1057,-1435017600000,-1434758400000,9,0,False,9,False,False,9,11,9,5054,4422,66
8767,1057,-1433808000000,-1433548800000,0,0,False,0,False,False,9,11,9,5017,4422,65
8768,1057,-1431993600000,-1431734400000,0,0,False,0,False,False,9,11,9,5054,4422,12
8769,1058,-1421193600000,-1420502400000,4,0,False,193,False,True,4,9,4,5927,5054,34
8770,1058,-1420070400000,-1419465600000,4,0,False,81,False,True,4,9,4,5927,5054,87
8771,1058,-1418774400000,-1418169600000,4,0,False,11,False,True,4,9,4,5927,5054,40
8772,1058,-1416355200000,-1415923200000,9,0,False,29,True,True,4,9,4,5927,5054,87
8773,1058,-1415145600000,-1414713600000,4,0,False,307,False,True,4,9,4,5927,5054,34
8774,1059,-1374537600000,-1374278400000,0,0,False,0,False,False,9,4,9,5053,5927,18
8775,1059,-1373328000000,-1373068800000,0,0,False,0,False,False,9,4,9,5053,5927,19
8776,1059,-1372118400000,-1371859200000,0,0,False,0,False,False,9,4,9,5053,5915,66
8777,1059,-1370908800000,-1370649600000,0,0,False,0,False,False,9,4,9,5053,5915,65
8778,1059,-1369094400000,-1368748800000,9,0,False,289,False,True,9,4,9,5060,5927,12
8779,1060,-1326153600000,-1325894400000,9,0,False,10,False,False,11,9,11,4455,5077,203
8780,1060,-1325548800000,-1325203200000,9,0,False,87,False,True,11,9,11,4455,5077,52
8781,1060,-1323734400000,-1323388800000,0,0,False,0,False,False,11,9,11,4455,5077,74
8782,1060,-1323129600000,-1322784000000,11,0,False,4,False,False,11,9,11,4455,5077,203
8783,1060,-1322524800000,-1322179200000,11,0,False,8,False,False,11,9,11,4455,5057,74
8784,1061,-1310428800000,-1310169600000,9,0,False,58,True,True,9,10,9,5060,6093,19
8785,1061,-1308009600000,-1307750400000,9,0,False,30,True,True,9,10,9,5060,6093,65
8786,1061,-1306195200000,-1305936000000,9,0,False,71,True,True,9,10,9,5060,6093,12
8787,1062,-1296604800000,-1296172800000,9,0,False,675,False,True,4,9,4,5932,5060,215
8788,1062,-1295395200000,-1294876800000,9,0,False,8,False,False,4,9,4,5932,5060,34
87880,7481,1706848200000,1707193800000,5,5,False,10,False,False,5,96,5,7872,8277,14
8789,1062,-1294099200000,-1293494400000,9,0,False,3,False,False,4,9,4,5932,5060,87
8790,1062,-1291161600000,-1290556800000,9,0,False,12,False,True,4,9,4,5932,5060,40
8791,1062,-1288137600000,-1287446400000,4,0,False,5,False,False,4,9,4,5932,5049,87
87915,7485,1709100000000,1709445600000,27,96,True,6,False,False,96,27,96,8277,6710,390
8793,1063,-1279584000000,-1279324800000,0,0,False,0,False,False,9,11,9,5049,4455,20
8794,1063,-1278374400000,-1278115200000,0,0,False,0,False,False,9,11,9,5049,4455,19
8795,1063,-1277164800000,-1276905600000,9,0,False,5,False,False,9,11,9,5049,4455,66
8796,1063,-1275955200000,-1275696000000,9,0,False,32,True,True,9,11,9,5053,4455,65
8797,1063,-1274140800000,-1273881600000,0,0,False,0,False,False,9,11,9,5053,4455,12
8798,1064,-1261526400000,-1261267200000,9,0,False,8,False,False,13,9,13,5646,5095,43
8799,1064,-1260316800000,-1260057600000,0,0,False,0,False,False,13,9,13,5646,5095,45
8800,1064,-1258502400000,-1258243200000,0,0,False,0,False,False,13,9,13,5646,5095,41
8801,1064,-1257897600000,-1257638400000,0,0,False,0,False,False,13,9,13,5646,5095,41
8802,1065,-1261440000000,-1261008000000,0,0,False,0,False,False,10,9,10,6097,5099,55
8803,1065,-1259625600000,-1259193600000,9,0,False,167,False,True,10,9,10,6108,5099,54
8804,1065,-1257897600000,-1257465600000,10,0,False,289,False,True,10,9,10,6089,5099,53
8805,1065,-1254355200000,-1253577600000,0,0,False,0,False,False,10,9,10,6093,5099,57
8806,1066,-1248220800000,-1247875200000,9,0,False,93,False,True,9,4,9,5060,5944,18
8807,1066,-1247011200000,-1246665600000,4,0,False,7,False,False,9,4,9,5060,5944,19
8808,1066,-1245801600000,-1245456000000,0,0,False,0,False,False,9,4,9,5060,5944,66
8809,1066,-1244592000000,-1244246400000,0,0,False,0,False,False,9,4,9,5060,5944,65
8810,1066,-1242691200000,-1242172800000,4,0,False,39,True,True,9,4,9,5078,5944,12
8811,1067,-1231459200000,-1231200000000,11,0,False,28,False,True,11,9,11,4443,5060,203
8812,1067,-1230768000000,-1230422400000,0,0,False,0,False,False,11,9,11,4455,5060,52
8813,1067,-1229472000000,-1229126400000,0,0,False,0,False,False,11,9,11,4455,5060,74
8814,1067,-1227052800000,-1226707200000,0,0,False,0,False,False,11,9,11,4458,5060,203
8815,1067,-1226361600000,-1226016000000,0,0,False,0,False,False,11,9,11,4458,5060,74
8816,1068,-1232496000000,-1232150400000,4,0,False,10,False,False,4,10,4,5944,6116,40
8818,1068,-1230768000000,-1230422400000,4,0,False,172,True,True,4,10,4,5944,6116,34
8819,1068,-1229472000000,-1229126400000,4,0,False,217,True,True,4,10,4,5944,6116,215
8820,1068,-1227052800000,-1226966400000,4,0,False,122,True,True,4,10,4,5944,6116,87
8821,1068,-1225843200000,-1225411200000,10,0,False,30,False,True,4,10,4,5944,6116,34
8822,1069,-1215475200000,-1215216000000,0,0,False,0,False,False,9,13,9,5082,5646,19
8823,1069,-1212710400000,-1212537600000,9,0,False,26,True,True,9,13,9,5082,5646,12
8824,1069,-1211241600000,-1210982400000,0,0,False,0,False,False,9,13,9,5082,5646,65
8825,1070,-1202256000000,-1201737600000,4,0,False,163,True,True,4,11,4,5944,4458,35
8826,1070,-1200441600000,-1200182400000,4,0,False,155,True,True,4,11,4,5944,4458,34
8827,1070,-1199318400000,-1198800000000,4,0,False,169,False,True,4,11,4,5944,4458,87
8828,1070,-1196812800000,-1196467200000,4,0,False,10,False,False,4,11,4,5944,4458,40
8829,1070,-1195603200000,-1195344000000,4,0,False,72,True,True,4,11,4,5944,4458,87
8830,1071,-1193788800000,-1193529600000,11,0,False,8,False,False,13,11,13,5648,4458,45
8831,1072,-1184025600000,-1183766400000,9,0,False,158,False,True,9,2,9,5082,5508,19
8832,1073,-1170201600000,-1169769600000,9,0,False,10,False,False,4,9,4,5944,5082,34
8833,1073,-1167782400000,-1167436800000,4,0,False,111,False,True,4,9,4,5944,5082,87
8834,1073,-1166572800000,-1166054400000,9,0,False,338,False,True,4,9,4,5944,5082,40
8835,1073,-1164153600000,-1163635200000,9,0,False,6,False,False,4,9,4,5944,5082,35
8836,1073,-1163030400000,-1162598400000,9,0,False,8,False,False,4,9,4,5944,5082,34
8837,1074,-1160524800000,-1160265600000,0,0,False,0,False,False,13,9,13,5648,5082,43
8838,1074,-1159920000000,-1159660800000,0,0,False,0,False,False,13,9,13,5648,5078,41
8839,1075,-1152576000000,-1152316800000,9,0,False,27,True,True,9,10,9,5082,6116,19
8840,1075,-1150156800000,-1149897600000,0,0,False,0,False,False,9,10,9,5082,6116,65
8841,1075,-1148342400000,-1148083200000,9,0,False,17,True,True,9,10,9,5078,6116,12
8842,1076,-1137542400000,-1137283200000,9,0,False,9,False,False,2,9,2,5508,5082,238
8843,1076,-1135728000000,-1135468800000,0,0,False,0,False,False,2,9,2,5508,5082,31
8844,1076,-1132617600000,-1132358400000,9,0,False,202,False,True,2,9,2,5508,5082,11
8845,1077,-1122422400000,-1122076800000,4,0,False,238,False,True,9,4,9,5114,5944,18
8846,1077,-1121212800000,-1120953600000,9,0,False,38,True,True,9,4,9,5078,5944,19
8847,1077,-1120003200000,-1119657600000,0,0,False,0,False,False,9,4,9,5078,5944,65
8849,1077,-1118793600000,-1118448000000,0,0,False,0,False,False,9,4,9,5078,5944,66
8850,1077,-1116288000000,-1115942400000,4,0,False,562,False,True,9,4,9,5078,5944,12
8851,1078,-1103932800000,-1103760000000,9,0,False,4,False,False,10,9,10,6116,5078,55
8852,1078,-1102550400000,-1102204800000,10,0,False,217,False,True,10,9,10,6116,5078,54
8853,1078,-1100736000000,-1100390400000,0,0,False,0,False,False,10,9,10,6116,5078,53
8854,1078,-1098316800000,-1097971200000,10,0,False,161,True,True,10,9,10,6116,5078,57
8855,1079,-1090281600000,-1090022400000,0,0,False,0,False,False,9,11,9,5078,4488,18
8856,1079,-1089072000000,-1088812800000,11,0,False,157,False,True,9,11,9,5078,4488,19
8857,1079,-1087862400000,-1087603200000,0,0,False,0,False,False,9,11,9,5078,4488,66
8858,1079,-1086652800000,-1086393600000,0,0,False,0,False,False,9,11,9,5078,4488,65
8859,1079,-1084838400000,-1084579200000,0,0,False,0,False,False,9,11,9,5078,4488,12
8860,1080,-1074556800000,-1074211200000,4,0,False,9,False,False,11,4,11,4488,5940,74
8861,1080,-1073692800000,-1073347200000,0,0,False,0,False,False,11,4,11,4488,5940,203
8862,1080,-1073001600000,-1072742400000,4,0,False,78,True,True,11,4,11,4488,5940,52
8863,1080,-1069113600000,-1068940800000,4,0,False,184,True,True,11,4,11,4488,5940,203
8864,1081,-1057622400000,-1057363200000,9,0,False,9,False,False,9,2,9,5102,5524,19
8865,1081,-1055203200000,-1054944000000,0,0,False,0,False,False,9,2,9,5102,5524,65
8866,1081,-1053388800000,-1053129600000,9,0,False,9,False,False,9,2,9,5102,5524,12
8867,1082,-1043798400000,-1043366400000,9,0,False,322,False,True,4,9,4,5945,5102,35
8868,1082,-1042588800000,-1042243200000,9,0,False,22,True,True,4,9,4,5945,5102,34
8869,1082,-1041379200000,-1040860800000,4,0,False,365,False,True,4,9,4,5945,5102,87
8870,1082,-1038960000000,-1038441600000,4,0,False,148,False,True,4,9,4,5945,5102,40
8871,1082,-1036540800000,-1036108800000,4,0,False,200,True,True,4,9,4,5945,5102,87
8873,1083,-1026172800000,-1025913600000,0,0,False,0,False,False,9,13,9,5088,5648,19
8874,1083,-1023753600000,-1023494400000,9,0,False,130,False,True,9,13,9,5088,5648,65
8875,1083,-1021939200000,-1021680000000,0,0,False,0,False,False,9,13,9,5088,5648,12
8876,1084,-996019200000,-995673600000,0,0,False,0,False,False,9,4,9,5074,5945,18
8877,1084,-994809600000,-994464000000,0,0,False,0,False,False,9,4,9,5074,5945,19
8878,1084,-993600000000,-993254400000,0,0,False,0,False,False,9,4,9,5074,5945,65
8879,1084,-992390400000,-992131200000,4,0,False,5,False,False,9,4,9,5074,5945,66
8880,1084,-989884800000,-989539200000,9,0,False,579,True,True,9,4,9,5074,5945,12
8881,1085,-978998400000,-978652800000,0,0,False,0,False,False,11,9,11,4497,5074,203
8882,1085,-978393600000,-978048000000,0,0,False,0,False,False,11,9,11,4497,5074,52
8883,1085,-976665600000,-976406400000,9,0,False,13,True,True,11,9,11,4497,5074,74
8884,1085,-974160000000,-973814400000,0,0,False,0,False,False,11,9,11,4497,5074,203
8885,1085,-973036800000,-972086400000,0,0,False,0,False,False,11,9,11,4497,5074,74
8886,1086,-963273600000,-963014400000,9,0,False,8,False,False,9,10,9,5074,6124,19
8887,1086,-960854400000,-960595200000,0,0,False,0,False,False,9,10,9,5074,6124,65
8888,1086,-958435200000,-958176000000,0,0,False,0,False,False,9,10,9,5074,6124,12
8889,1087,-749865600000,-749779200000,4,0,False,103,True,True,13,4,13,5667,5971,45
8890,1088,-742521600000,-742262400000,9,0,False,10,False,False,9,2,9,5074,5112,19
8891,1088,-740102400000,-739843200000,0,0,False,0,False,False,9,2,9,5074,5112,65
8892,1088,-737683200000,-737424000000,0,0,False,0,False,False,9,2,9,5074,5112,12
8893,1089,-728697600000,-728265600000,4,0,False,332,True,True,4,9,4,5945,5074,35
8894,1089,-727488000000,-726969600000,4,0,False,33,True,True,4,9,4,5945,5074,34
8895,1089,-725846400000,-725328000000,0,0,False,0,False,False,4,9,4,5945,5074,87
88956,7534,1711080000000,1711425600000,5,6,False,328,False,True,6,5,6,9864,7872,379
8896,1089,-723254400000,-722736000000,0,0,False,0,False,False,4,9,4,5945,5074,40
88963,7534,1711771200000,1712116800000,5,5,True,192,False,True,6,5,6,9864,7872,93
8898,1089,-720835200000,-720403200000,4,0,False,5,False,False,4,9,4,5945,5154,34
8899,1090,-719020800000,-718675200000,0,0,False,0,False,False,13,9,13,5667,5074,43
8900,1091,-712281600000,-711936000000,0,0,False,0,False,False,9,11,9,5154,4497,18
8901,1091,-711072000000,-710726400000,9,0,False,10,False,False,9,11,9,5154,4497,19
8902,1091,-709862400000,-709516800000,9,0,False,7,False,False,9,11,9,5154,4497,65
8903,1091,-708048000000,-707788800000,9,0,False,10,False,False,9,11,9,5154,4497,66
8904,1091,-706233600000,-705888000000,0,0,False,0,False,False,9,11,9,5154,4497,12
8905,1092,-697248000000,-696729600000,4,0,False,226,True,True,4,2,4,5945,5513,35
8906,1092,-696038400000,-695520000000,0,0,False,0,False,False,4,2,4,5945,5513,34
8907,1092,-694310400000,-693964800000,4,0,False,233,False,True,4,2,4,5945,5513,87
8908,1092,-692409600000,-691977600000,4,0,False,16,True,True,4,2,4,5945,5513,40
8909,1092,-691200000000,-690854400000,4,0,False,177,True,True,4,2,4,5945,5513,87
8910,1093,-692582400000,-692150400000,0,0,False,0,False,False,10,9,10,6102,5168,55
8911,1093,-690768000000,-690336000000,0,0,False,0,False,False,10,9,10,6134,5102,54
8912,1093,-688953600000,-688694400000,10,0,False,7,False,False,10,9,10,6141,5102,53
8913,1093,-686880000000,-686448000000,10,0,False,10,False,False,10,9,10,6141,5102,57
8914,1094,-680400000000,-679968000000,4,0,False,8,False,False,9,4,9,5154,5945,18
8915,1094,-679190400000,-678758400000,4,0,False,409,False,True,9,4,9,5154,5945,19
8916,1094,-677980800000,-677548800000,0,0,False,0,False,False,9,4,9,5154,5945,65
8917,1094,-676771200000,-676339200000,4,0,False,7,False,False,9,4,9,5154,5945,66
8918,1094,-674784000000,-674438400000,4,0,False,149,True,True,9,4,9,5154,5945,12
8919,1095,-667180800000,-666835200000,0,0,False,0,False,False,2,10,2,5513,6141,51
8920,1095,-664675200000,-664329600000,0,0,False,0,False,False,2,10,2,5513,6141,10
8921,1095,-662774400000,-662428800000,0,0,False,0,False,False,2,10,2,5513,6141,31
8922,1095,-660441600000,-660096000000,10,0,False,193,True,True,2,10,2,5513,6141,11
8924,1095,-659750400000,-659404800000,0,0,False,0,False,False,2,10,2,5513,6141,10
8925,1096,-664070400000,-663724800000,9,0,False,2,False,False,11,9,11,4485,5187,74
8926,1096,-663120000000,-662860800000,0,0,False,0,False,False,11,9,11,4485,5187,205
8927,1096,-662688000000,-662342400000,0,0,False,0,False,False,11,9,11,4485,5187,52
8928,1096,-659059200000,-658713600000,0,0,False,0,False,False,11,9,11,4485,5187,205
8929,1096,-657244800000,-656899200000,9,0,False,3,False,False,11,9,11,4485,5187,73
8930,1097,-648777600000,-648518400000,0,0,False,0,False,False,9,13,9,5187,5667,66
8931,1097,-647568000000,-647308800000,0,0,False,0,False,False,9,13,9,5187,5667,19
8932,1097,-645148800000,-644889600000,0,0,False,0,False,False,9,13,9,5108,5667,65
8933,1097,-643334400000,-643075200000,0,0,False,0,False,False,9,13,9,5108,5667,12
8934,1098,-631843200000,-631497600000,4,0,False,85,True,True,11,4,11,4485,5982,205
8935,1098,-631238400000,-630892800000,4,0,False,8,False,False,11,4,11,4485,5982,52
8936,1098,-629510400000,-629164800000,4,0,False,5,False,False,11,4,11,4485,5982,74
8937,1098,-627696000000,-627350400000,0,0,False,0,False,False,11,4,11,4485,5982,205
8938,1098,-625881600000,-625622400000,4,0,False,259,True,True,11,4,11,4485,5982,73
8939,1099,-617500800000,-617155200000,9,0,False,202,False,True,9,10,9,5154,6141,65
8940,1099,-616118400000,-615686400000,10,0,False,326,False,True,9,10,9,5154,6141,19
8941,1099,-613872000000,-613440000000,10,0,False,10,False,False,9,10,9,5154,6141,18
8942,1099,-611884800000,-611539200000,10,0,False,56,True,True,9,10,9,5108,6141,12
8943,1100,-602294400000,-601948800000,4,0,False,70,False,True,4,9,4,5982,5108,35
8944,1100,-600480000000,-600048000000,4,0,False,28,False,True,4,9,4,5982,5108,87
8945,1100,-599270400000,-598924800000,4,0,False,13,True,True,4,9,4,5982,5108,34
8946,1100,-596851200000,-596332800000,4,0,False,274,False,True,4,9,4,5982,5108,40
8947,1100,-595036800000,-594604800000,9,0,False,8,False,False,4,9,4,5982,5108,87
8949,1101,-593136000000,-592790400000,0,0,False,0,False,False,13,9,13,5667,5108,43
8950,1101,-592531200000,-592185600000,9,0,False,6,False,False,13,9,13,5667,5108,45
8952,1048,-1811635200000,-1811462400000,0,0,False,0,False,False,4,11,0,5880,4398,18
8953,1048,-1813449600000,-1813276800000,4,0,False,10,False,False,4,11,0,5880,4421,19
8954,1048,-1817683200000,-1817596800000,4,0,False,88,True,True,4,11,0,5880,4421,65
8957,1049,-1811030400000,-1810944000000,9,0,False,10,False,False,9,11,9,4943,4398,12
8958,1049,-1814054400000,-1813881600000,9,0,False,174,False,True,9,11,9,4943,4398,66
8959,1049,-1816473600000,-1816300800000,9,0,False,62,True,True,9,11,9,4943,4421,19
8960,1050,-1810425600000,-1810166400000,9,0,False,244,False,True,9,4,9,4943,5880,12
8961,1050,-1812240000000,-1812067200000,0,0,False,0,False,False,9,4,9,4943,5880,65
8962,1050,-1815264000000,-1815091200000,0,0,False,0,False,False,9,4,9,4943,5880,19
91778,7745,1732242000000,1732587600000,2,2,True,295,False,True,4,2,4,8095,9311,512
91787,7745,1733457600000,1733803200000,4,2,True,10,False,False,4,2,4,8095,576,40
91796,7745,1734135600000,1734481200000,0,2,False,0,False,False,4,2,4,8095,576,35
91805,7745,1735169400000,1735515000000,4,4,True,184,False,True,4,2,4,8095,576,87
91814,7745,1735860600000,1736206200000,4,2,True,6,False,False,4,2,4,8095,9311,34
92390,7853,1732744800000,1733090400000,9,9,False,8,False,False,13,9,13,8216,6557,371
92399,7853,1733436000000,1733781600000,9,13,False,323,False,True,13,9,13,8216,6557,45
92408,7853,1734127200000,1734472800000,13,9,False,423,False,True,13,9,13,8216,6557,100
93639,7979,1721901600000,1722247200000,27,27,False,4,False,False,27,12,27,6710,6334,111
94372,8044,1735200000000,1735545600000,11,11,False,2,False,False,11,3,11,8583,9545,75
94381,8044,1735893000000,1736238600000,11,11,True,10,False,False,11,3,11,8583,9545,52
94404,8058,1732692600000,1733038200000,11,5,False,233,False,True,11,5,11,8583,7872,74
94426,8058,1733385600000,1733731200000,11,11,True,109,False,True,11,5,11,8583,7872,73
95205,8116,1732284000000,1732629600000,10,6,False,201,False,True,10,6,10,1984,11081,109
95209,8116,1732978800000,1733324400000,6,6,True,101,False,True,10,6,10,1984,11081,57
9575,1627,1306404000000,1306749600000,9,0,False,14,True,True,9,5,9,167,105,62
9576,1627,1307095200000,1307440800000,0,0,False,0,False,False,9,5,9,167,105,19
9577,1627,1308218400000,1308564000000,0,0,False,0,False,False,9,5,9,167,104,21
9584,1628,1311242400000,1311588000000,9,0,False,196,False,True,9,2,9,167,265,19
9585,1628,1311933600000,1312279200000,9,0,False,319,False,True,9,2,9,167,265,18
9586,1628,1312970400000,1313316000000,9,0,False,242,True,True,9,2,9,167,265,20
9587,1628,1313661600000,1314007200000,9,0,False,8,True,True,9,2,9,167,265,12
9608,1631,1294351200000,1294696800000,3,0,False,10,False,False,13,3,13,205,274,100
9609,1631,1295042400000,1295388000000,0,0,False,0,False,False,13,3,13,205,274,45
96186,8238,1723039200000,1723384800000,0,11,True,0,False,False,10,11,10,1984,8583,54
96190,8238,1723730400000,1724076000000,11,11,True,40,False,True,10,11,10,1984,8583,110
9700,1576,1204257600000,1204502400000,11,0,False,205,True,True,6,11,6,118,207,93
9701,1510,1077753600000,1078099200000,0,0,False,0,False,False,12,6,12,3420,114,70
9702,1437,951523200000,951868800000,5,0,False,2,False,False,3,5,3,3703,102,25
9703,1302,572745600000,573091200000,0,0,False,0,False,False,13,9,13,4033,5324,41
9704,1239,320457600000,320803200000,3,0,False,7,False,False,3,4,3,3664,4624,24
9705,1238,320630400000,321062400000,0,0,False,0,False,False,13,10,13,4010,4158,41
9706,1174,-58060800000,-57628800000,0,0,False,0,False,False,10,9,10,4160,5226,55
9707,1173,-58060800000,-57715200000,2,0,False,8,False,False,13,2,13,5731,5602,45
9708,1153,-184377600000,-184032000000,0,0,False,0,False,False,13,11,13,5687,4537,210
9709,1080,-1067990400000,-1067644800000,4,0,False,6,True,True,11,4,11,4488,5940,74
9710,1071,-1194307200000,-1194048000000,11,0,False,12,True,True,13,11,13,5648,4458,43
9711,1047,-1825804800000,-1825200000000,9,0,False,70,False,True,4,9,4,5895,5017,34
9712,1039,-2078006400000,-2077488000000,9,0,False,157,False,True,4,9,4,5897,4964,34
9796,1637,1289795400000,1290141000000,0,0,False,0,False,False,5,10,5,104,253,113
9797,1637,1290486600000,1290832200000,0,0,False,0,False,False,5,10,5,104,253,71
9798,1637,1291177800000,1291523400000,0,0,False,0,False,False,5,10,5,104,253,254
9845,1644,1305208800000,1305554400000,10,0,False,40,False,True,10,3,10,253,274,110
9846,1644,1305900000000,1306245600000,3,0,False,196,False,True,10,3,10,253,274,96
9853,1645,1308582000000,1308927600000,2,0,False,63,False,True,10,2,10,253,265,57
9854,1645,1309269600000,1309615200000,0,0,False,0,False,False,10,2,10,253,265,55
9855,1645,1309960800000,1310306400000,0,0,False,0,False,False,10,2,10,253,265,106
9869,1435,947844000000,948153600000,9,0,False,2,False,False,11,9,11,4581,5389,75
