player,name,team,href
576,Rohit Sharma,2,/profiles/576/rohit-sharma
13940,Yashasvi Jaiswal,2,/profiles/13940/yashasvi-jaiswal
11808,Shubman Gill,2,/profiles/11808/shubman-gill
1413,Virat Kohli,2,/profiles/1413/virat-kohli
8733,KL Rahul,2,/profiles/8733/kl-rahul
10744,Rishabh Pant,2,/profiles/10744/rishabh-pant
587,Ravindra Jadeja,2,/profiles/587/ravindra-jadeja
1593,Ravichandran Ashwin,2,/profiles/1593/ravichandran-ashwin
9311,Jasprit Bumrah,2,/profiles/9311/jasprit-bumrah
14726,Akash Deep,2,/profiles/14726/akash-deep
10808,Mohammed Siraj,2,/profiles/10808/mohammed-siraj
9429,Sarfaraz Khan,2,
8808,Axar Patel,2,
8292,Kuldeep Yadav,2,
14691,Dhruv Jurel,2,
14172,Yash Dayal,2,
9868,Shadman Islam,6,/profiles/9868/shadman-islam
9870,Zakir Hasan,6,/profiles/9870/zakir-hasan
9864,Najmul Hossain Shanto,6,/profiles/9864/najmul-hossain-shanto
8219,Mominul Haque,6,/profiles/8219/mominul-haque
394,Mushfiqur Rahim,6,/profiles/394/mushfiqur-rahim
544,Shakib Al Hasan,6,/profiles/544/shakib-al-hasan
8540,Litton Das,6,/profiles/8540/litton-das
11081,Mehidy Hasan Miraz,6,/profiles/11081/mehidy-hasan-miraz
8548,Taskin Ahmed,6,/profiles/8548/taskin-ahmed
13226,Hasan Mahmud,6,/profiles/13226/hasan-mahmud
37581,Nahid Rana,6,/profiles/37581/nahid-rana
14273,Mahmudul Hasan Joy,6,
11088,Jaker Ali,6,
13105,Khaled Ahmed,6,
8253,Taijul Islam,6,
12081,Nayeem Hasan,6,
8216,Tom Latham,13,/profiles/8216/tom-latham
9838,Devon Conway,13,/profiles/9838/devon-conway
8549,Will Young,13,/profiles/8549/will-young
11177,Rachin Ravindra,13,/profiles/11177/rachin-ravindra
10713,Daryl Mitchell,13,/profiles/10713/daryl-mitchell
10717,Tom Blundell,13,/profiles/10717/tom-blundell
10693,Glenn Phillips,13,/profiles/10693/glenn-phillips
9067,Matt Henry,13,/profiles/9067/matt-henry
1057,Tim Southee,13,/profiles/1057/tim-southee
10703,Ajaz Patel,13,/profiles/10703/ajaz-patel
15925,William ORourke,13,/profiles/15925/william-orourke
6326,Kane Williamson,13,
9551,Michael Bracewell,13,
9976,Mark Chapman,13,
10100,Mitchell Santner,13,
8554,Jacob Duffy,13,
10945,Washington Sundar,2,/profiles/10945/washington-sundar
8561,Ish Sodhi,13,
12139,Abdullah Shafique,3,/profiles/12139/abdullah-shafique
14241,Saim Ayub,3,/profiles/14241/saim-ayub
9545,Shan Masood,3,/profiles/9545/shan-masood
8359,Babar Azam,3,/profiles/8359/babar-azam
9812,Saud Shakeel,3,/profiles/9812/saud-shakeel
9468,Mohammad Rizwan,3,/profiles/9468/mohammad-rizwan
10101,Agha Salman,3,/profiles/10101/agha-salman
12160,Shaheen Afridi,3,/profiles/12160/shaheen-afridi
14247,Naseem Shah,3,/profiles/14247/naseem-shah
19627,Khurram Shahzad,3,/profiles/19627/khurram-shahzad
35250,Mohammad Ali,3,/profiles/35250/mohammad-ali
881,Sarfaraz Ahmed,3,
8366,Mir Hamza,3,
9807,Kamran Ghulam,3,
12555,Abrar Ahmed,3,
15847,Mohammad Huraira,3,
13791,Shoriful Islam,6,/profiles/13791/shoriful-islam
31139,Aamer Jamal,3,
14545,Noman Ali,3,
12770,Zak Crawley,9,/profiles/12770/zak-crawley
8502,Ben Duckett,9,/profiles/8502/ben-duckett
11691,Ollie Pope,9,/profiles/11691/ollie-pope
8019,Joe Root,9,/profiles/8019/joe-root
12201,Harry Brook,9,/profiles/12201/harry-brook
13810,Jamie Smith,9,/profiles/13810/jamie-smith
6670,Chris Woakes,9,/profiles/6670/chris-woakes
13681,Gus Atkinson,9,/profiles/13681/gus-atkinson
11436,Brydon Carse,9,/profiles/11436/brydon-carse
8578,Jack Leach,9,/profiles/8578/jack-leach
46023,Shoaib Bashir,9,/profiles/46023/shoaib-bashir
19767,Rehan Ahmed,9,
14813,Jordan Cox,9,
12777,Matthew Potts,9,
8022,Olly Stone,9,
19066,Sajid Khan,3,/profiles/19066/sajid-khan
17278,Zahid Mahmood,3,/profiles/17278/zahid-mahmood
22821,Mehran Mumtaz,3,
22941,Haseebullah Khan,3,
6557,Ben Stokes,9,/profiles/6557/ben-stokes
8364,Imam-ul-Haq,3,
13192,Rohail Nazir,3,
1450089,Kashif Ali,3,
1984,Kraigg Brathwaite,10,/profiles/1984/kraigg-brathwaite
11217,Keacy Carty,10,/profiles/11217/keacy-carty
8434,Kavem Hodge,10,/profiles/8434/kavem-hodge
13352,Alick Athanaze,10,/profiles/13352/alick-athanaze
8433,Justin Greaves,10,/profiles/8433/justin-greaves
11219,Tevin Imlach,10,/profiles/11219/tevin-imlach
9793,Gudakesh Motie,10,/profiles/9793/gudakesh-motie
10436,Jomel Warrican,10,/profiles/10436/jomel-warrican
15817,Jayden Seales,10,/profiles/15817/jayden-seales
18158,Kevin Sinclair,10,/profiles/18158/kevin-sinclair
19761,Mikyle Louis,10,/profiles/19761/mikyle-louis
11448,Anderson Phillip,10,
1359,Kemar Roach,10,
12674,Amir Jangoo,10,
16414,Joshua Da Silva,10,
8277,Hashmatullah Shahidi,96,/profiles/8277/hashmatullah-shahidi
11071,Ikram Alikhil,96,/profiles/11071/ikram-alikhil
12173,Ibrahim Zadran,96,/profiles/12173/ibrahim-zadran
8571,Rahmat Shah,96,/profiles/8571/rahmat-shah
14200,Riaz Hassan,96,/profiles/14200/riaz-hassan
15753,Bahir Shah,96,/profiles/15753/bahir-shah
9853,Shahidullah Kamal,96,/profiles/9853/shahidullah-kamal
13214,Azmatullah Omarzai,96,/profiles/13214/azmatullah-omarzai
11076,Qais Ahmad,96,/profiles/11076/qais-ahmad
10828,Zahir Khan,96,/profiles/10828/zahir-khan
54497,Khalil Ahmed,96,/profiles/54497/khalil-ahmed
9858,Zia-ur-Rehman,96,/profiles/9858/zia-ur-rehman
8278,Afsar Zazai,96,/profiles/8278/afsar-zazai
11074,Nijat Masood,96,/profiles/11074/nijat-masood
11075,Shamsurrahman,96,/profiles/11075/shamsurrahman
15752,Abdul Malik,96,/profiles/15752/abdul-malik
740,Jonathan Trott,96,
3009,Raees Ahmadzai,96,
3001,Hamid Hassan,96,
46058,Shane McDermott,96,
11178,Ben Sears,13,/profiles/11178/ben-sears
5755,Gary Stead,13,
1396,Luke Ronchi,13,
46163,Shane Jurgensen,13,
12747,Josh Tongue,9,/profiles/12747/josh-tongue
8512,Jamie Overton,9,
12994,Samuel James Cook,9,
19636,Jacob Bethell,9,
13866,Sai Sudharsan,2,/profiles/13866/sai-sudharsan
8257,Karun Nair,2,/profiles/8257/karun-nair
8683,Shardul Thakur,2,/profiles/8683/shardul-thakur
10551,Prasidh Krishna,2,/profiles/10551/prasidh-krishna
9716,Abhimanyu Easwaran,2,
13217,Arshdeep Singh,2,
14701,Nitish Kumar Reddy,2,
24729,Harshit Rana,2,
11540,Jofra Archer,9,
6639,Liam Dawson,9,/profiles/6639/liam-dawson
14598,Anshul Kamboj,2,/profiles/14598/anshul-kamboj
11675,N Jagadeesan,2,
7952,Dimuth Karunaratne,5,/profiles/7952/dimuth-karunaratne
13682,Pathum Nissanka,5,/profiles/13682/pathum-nissanka
9494,Kusal Mendis,5,/profiles/9494/kusal-mendis
6245,Dinesh Chandimal,5,/profiles/6245/dinesh-chandimal
1629,Angelo Mathews,5,/profiles/1629/angelo-mathews
7872,Dhananjaya de Silva,5,/profiles/7872/dhananjaya-de-silva
10940,Kamindu Mendis,5,/profiles/10940/kamindu-mendis
9502,Ramesh Mendis,5,/profiles/9502/ramesh-mendis
11498,Prabath Jayasuriya,5,/profiles/11498/prabath-jayasuriya
10928,Lahiru Kumara,5,/profiles/10928/lahiru-kumara
10938,Asitha Fernando,5,/profiles/10938/asitha-fernando
39678,Milan Priyanath Rathnayake,5,
8413,Vishwa Fernando,5,
9495,Sadeera Samarawickrama,5,
10469,Jeffrey Vandersay,5,
11545,Oshada Fernando,5,
13675,Nishan Peiris,5,/profiles/13675/nishan-peiris
9582,Aiden Markram,11,/profiles/9582/aiden-markram
13070,Ryan Rickelton,11,/profiles/13070/ryan-rickelton
19243,Tristan Stubbs,11,/profiles/19243/tristan-stubbs
8583,Temba Bavuma,11,/profiles/8583/temba-bavuma
14265,David Bedingham,11,/profiles/14265/david-bedingham
11209,Kyle Verreynne,11,/profiles/11209/kyle-verreynne
11200,Wiaan Mulder,11,/profiles/11200/wiaan-mulder
14565,Marco Jansen,11,/profiles/14565/marco-jansen
9720,Keshav Maharaj,11,/profiles/9720/keshav-maharaj
9585,Kagiso Rabada,11,/profiles/9585/kagiso-rabada
9603,Lungi Ngidi,11,/profiles/9603/lungi-ngidi
11196,Tony de Zorzi,11,
9702,Dane Paterson,11,
11432,Senuran Muthusamy,11,
9576,Corbin Bosch,11,
6635,Usman Khawaja,4,/profiles/6635/usman-khawaja
10182,Marnus Labuschagne,4,/profiles/10182/marnus-labuschagne
12225,Cameron Green,4,/profiles/12225/cameron-green
2250,Steven Smith,4,/profiles/2250/steven-smith
8497,Travis Head,4,/profiles/8497/travis-head
8646,Beau Webster,4,/profiles/8646/beau-webster
9200,Alex Carey,4,/profiles/9200/alex-carey
8095,Pat Cummins,4,/profiles/8095/pat-cummins
7710,Mitchell Starc,4,/profiles/7710/mitchell-starc
7850,Nathan Lyon,4,/profiles/7850/nathan-lyon
6258,Josh Hazlewood,4,/profiles/6258/josh-hazlewood
52495,Sam Konstas,4,
8631,Scott Boland,4,
10637,Josh Inglis,4,
13141,Matthew Kuhnemann,4,
314,Hashim Amla,11,/profiles/314/hashim-amla
370,AB de Villiers,11,/profiles/370/ab-de-villiers
371,Ashwell Prince,11,/profiles/371/ashwell-prince
207,Graeme Smith,11,/profiles/207/graeme-smith
208,Mark Boucher,11,/profiles/208/mark-boucher
219,Jacques Rudolph,11,/profiles/219/jacques-rudolph
6667,Imran Tahir,11,/profiles/6667/imran-tahir
508,Dale Steyn,11,/profiles/508/dale-steyn
608,Morne Morkel,11,/profiles/608/morne-morkel
213,Jacques Kallis,11,/profiles/213/jacques-kallis
731,Vernon Philander,11,/profiles/731/vernon-philander
606,Paul Harris,11,
1689,Lonwabo Tsotsobe,11,
211,Jean-Paul Duminy,11,
138,Michael Clarke,4,/profiles/138/michael-clarke
1442,Ryan Harris,4,/profiles/1442/ryan-harris
1444,Peter Siddle,4,/profiles/1444/peter-siddle
38,Ricky Ponting,4,/profiles/38/ricky-ponting
496,Mitchell Johnson,4,/profiles/496/mitchell-johnson
563,Shaun Marsh,4,/profiles/563/shaun-marsh
1438,Phillip Hughes,4,/profiles/1438/phillip-hughes
158,Shane Watson,4,/profiles/158/shane-watson
159,Brad Haddin,4,/profiles/159/brad-haddin
4772,Michael Hussey,4,/profiles/4772/michael-hussey
7739,Trent Copeland,4,
7731,Michael Beer,4,
8119,Marchant de Lange,11,
585,Alviro Petersen,11,
105,Tillakaratne Dilshan,5,/profiles/105/tillakaratne-dilshan
1786,Tharanga Paranavitana,5,/profiles/1786/tharanga-paranavitana
104,Kumar Sangakkara,5,/profiles/104/kumar-sangakkara
101,Mahela Jayawardene,5,/profiles/101/mahela-jayawardene
307,Thilan Samaraweera,5,/profiles/307/thilan-samaraweera
1978,Kaushal Silva,5,/profiles/1978/kaushal-silva
2281,Thisara Perera,5,/profiles/2281/thisara-perera
277,Rangana Herath,5,/profiles/277/rangana-herath
1056,Chanaka Welegedara,5,/profiles/1056/chanaka-welegedara
222,Dilhara Fernando,5,/profiles/222/dilhara-fernando
6243,Lahiru Thirimanne,5,
1390,Ajantha Mendis,5,
6730,Nuwan Pradeep,5,
1785,Suranga Lakmal,5,
516,Dhammika Prasad,5,
507,Nuwan Kulasekara,5,
8166,Kanishka Alvitigala,5,
517,Prasanna Jayawardene,5,/profiles/517/prasanna-jayawardene
1979,Suraj Randiv,5,/profiles/1979/suraj-randiv
7737,Shaminda Eranga,5,
8063,Seekkuge Prasanna,5,
2283,James Pattinson,4,
1739,David Warner,4,
8118,Ben Cutting,4,
205,Daniel Vettori,13,/profiles/205/daniel-vettori
7814,Dean Brownlie,13,/profiles/7814/dean-brownlie
583,Jesse Ryder,13,/profiles/583/jesse-ryder
1457,Martin Guptill,13,/profiles/1457/martin-guptill
420,Chris Martin,13,/profiles/420/chris-martin
1460,Reece Young,13,/profiles/1460/reece-young
201,Brendon McCullum,13,/profiles/201/brendon-mccullum
7622,Doug Bracewell,13,/profiles/7622/doug-bracewell
521,Ross Taylor,13,/profiles/521/ross-taylor
8117,Trent Boult,13,
1459,BJ Watling,13,
8120,Ed Cowan,4,/profiles/8120/ed-cowan
561,Ben Hilfenhaus,4,/profiles/561/ben-hilfenhaus
6283,Daniel Christian,4,
26,Virender Sehwag,2,/profiles/26/virender-sehwag
308,Gautam Gambhir,2,/profiles/308/gautam-gambhir
27,Rahul Dravid,2,/profiles/27/rahul-dravid
25,Sachin Tendulkar,2,/profiles/25/sachin-tendulkar
28,VVS Laxman,2,/profiles/28/vvs-laxman
265,MS Dhoni,2,/profiles/265/ms-dhoni
71,Zaheer Khan,2,/profiles/71/zaheer-khan
702,Ishant Sharma,2,/profiles/702/ishant-sharma
1858,Umesh Yadav,2,/profiles/1858/umesh-yadav
1849,Abhimanyu Mithun,2,
1356,Pragyan Ojha,2,
1447,Ajinkya Rahane,2,
1465,Wriddhiman Saha,2,
1449,Vinay Kumar,2,
8213,Kruger van Wyk,13,
8214,Sam Wells,13,
600,Tino Mawoyo,12,/profiles/600/tino-mawoyo
425,Hamilton Masakadza,12,/profiles/425/hamilton-masakadza
1631,Forster Mutizwa,12,/profiles/1631/forster-mutizwa
180,Brendan Taylor,12,/profiles/180/brendan-taylor
169,Tatenda Taibu,12,/profiles/169/tatenda-taibu
1738,Malcolm Waller,12,/profiles/1738/malcolm-waller
781,Regis Chakabva,12,/profiles/781/regis-chakabva
278,Graeme Cremer,12,/profiles/278/graeme-cremer
1630,Shingirai Masakadza,12,/profiles/1630/shingirai-masakadza
2289,Kyle Jarvis,12,/profiles/2289/kyle-jarvis
8020,Brian Vitori,12,/profiles/8020/brian-vitori
170,Elton Chigumbura,12,
174,Stuart Matsikenyeri,12,
530,Keegan Meth,12,
884,Ray Price,12,
181,Prosper Utseya,12,
1692,Wayne Parnell,11,
318,Robin Peterson,11,
6333,Rob Nicol,13,/profiles/6333/rob-nicol
8215,Andrew Ellis,13,
6281,Brent Arnel,13,
577,Mark Gillespie,13,/profiles/577/mark-gillespie
8217,Tarun Nethula,13,
1061,Daniel Flynn,13,/profiles/1061/daniel-flynn
602,Chamara Silva,5,
167,Sir Andrew Strauss,9,/profiles/167/sir-andrew-strauss
488,Sir Alastair Cook,9,/profiles/488/sir-alastair-cook
395,Kevin Pietersen,9,/profiles/395/kevin-pietersen
385,Ian Bell,9,/profiles/385/ian-bell
4829,Matt Prior,9,/profiles/4829/matt-prior
1414,Samit Patel,9,/profiles/1414/samit-patel
554,Stuart Broad,9,/profiles/554/stuart-broad
814,Graeme Swann,9,/profiles/814/graeme-swann
512,Monty Panesar,9,/profiles/512/monty-panesar
65,James Anderson,9,/profiles/65/james-anderson
571,Ravi Bopara,9,
537,Tim Bresnan,9,
1841,Steven Davies,9,
6317,Steven Finn,9,
1059,James Tredwell,9,
179,Vusi Sibanda,12,/profiles/179/vusi-sibanda
6334,Craig Ervine,12,/profiles/6334/craig-ervine
428,Chris Mpofu,12,/profiles/428/chris-mpofu
612,Tamim Iqbal,6,/profiles/612/tamim-iqbal
1583,Imrul Kayes,6,/profiles/1583/imrul-kayes
393,Shahriar Nafees,6,/profiles/393/shahriar-nafees
118,Mohammad Ashraful,6,/profiles/118/mohammad-ashraful
1121,Mahmudullah,6,/profiles/1121/mahmudullah
127,Abdur Razzak,6,/profiles/127/abdur-razzak
6241,Shafiul Islam,6,/profiles/6241/shafiul-islam
1736,Rubel Hossain,6,/profiles/1736/rubel-hossain
6242,Robiul Islam,6,/profiles/6242/robiul-islam
8018,Nasir Hossain,6,
784,Junaid Siddique,6,
7920,Shuvagata Hom,6,
185,Nazmul Hossain,6,
15535,Hasan Murad,6,
13089,Matthew Breetzke,11,/profiles/13089/matthew-breetzke
9530,Dane Piedt,11,/profiles/9530/dane-piedt
20538,Dewald Brevis,11,
6285,Gregory Lamb,12,/profiles/6285/gregory-lamb
360,Mohammad Hafeez,3,/profiles/360/mohammad-hafeez
80,Taufeeq Umar,3,/profiles/80/taufeeq-umar
6633,Azhar Ali,3,/profiles/6633/azhar-ali
130,Younis Khan,3,/profiles/130/younis-khan
274,Misbah-ul-Haq,3,/profiles/274/misbah-ul-haq
1992,Umar Akmal,3,/profiles/1992/umar-akmal
7735,Adnan Akmal,3,/profiles/7735/adnan-akmal
7900,Junaid Khan,3,/profiles/7900/junaid-khan
1120,Sohail Khan,3,/profiles/1120/sohail-khan
1053,Saeed Ajmal,3,/profiles/1053/saeed-ajmal
8065,Aizaz Cheema,3,/profiles/8065/aizaz-cheema
8066,Rameez Raja,3,
33,Shoaib Malik,3,
859,Sohail Tanvir,3,
6481,Asad Shafiq,3,
129,Imran Farhat,3,
8064,Yasir Shah,3,
12174,Mahidul Islam Ankon,6,/profiles/12174/mahidul-islam-ankon
8115,N Ncube,12,/profiles/8115/n-ncube
8114,Natsai Mushangwe,12,
435,Jeetan Patel,13,/profiles/435/jeetan-patel
6249,Andy McKay,13,
8113,G Aldridge,13,
504,Umar Gul,3,/profiles/504/umar-gul
524,Abdur Rehman,3,
1051,Wahab Riaz,3,
7823,Kosala Kulasekara,5,
11375,Jake Weatherald ,4,/profiles/11375/jake-weatherald
11772,Brendan Doggett,4,/profiles/11772/brendan-doggett
8130,Michael Neser,4,
8383,Mark Wood,9,/profiles/8383/mark-wood
12258,Will Jacks,9,
9392,Matthew Fisher,9,
10280,Jhye Richardson,4,/profiles/10280/jhye-richardson
9592,Joylord Gumbie,12,/profiles/9592/joylord-gumbie
11224,Brandon Mavuta,12,/profiles/11224/brandon-mavuta
23616,Brian Bennett,12,/profiles/23616/brian-bennett
54385,Newman Nyamhuri,12,/profiles/54385/newman-nyamhuri
13316,Blessing Muzarabani,12,/profiles/13316/blessing-muzarabani
19601,Takudzwanashe Kaitano,12,/profiles/19601/takudzwanashe-kaitano
441,Sean Williams,12,/profiles/441/sean-williams
13957,Ben Curran,12,/profiles/13957/ben-curran
13415,Dion Myers,12,/profiles/13415/dion-myers
25037,Trevor Gwandu,12,/profiles/25037/trevor-gwandu
15877,Tadiwanashe Marumani,12,
9354,Sikandar Raza,12,
11229,Richard Ngarava,12,
8462,Nyasha Mayavo,12,
25035,Johnathan Campbell,12,
1423867,Takudzwa Chataira,12,
14204,Sediqullah Atal,96,/profiles/14204/sediqullah-atal
36501,AM Ghazanfar,96,/profiles/36501/am-ghazanfar
23106,Naveed Zadran,96,/profiles/23106/naveed-zadran
53160,Bashir Ahmad,96,
9848,Fareed Ahmad Malik,96,
14281,Zahir Shehzad,96,
1449069,Ismat Alam,96,
9609,Yamin Ahmadzai,96,
10738,Rashid Khan,96,/profiles/10738/rashid-khan
13930,Sonal Dinusha,5,
15586,Lahiru Udara,5,
15146,Todd Murphy,4,/profiles/15146/todd-murphy
13346,Nathan McSweeney,4,
8136,Sean Abbott,4,
15927,Cooper Connolly,4,
1788,Mohammad Talha,3,
624,Eoin Morgan,9,/profiles/624/eoin-morgan
397,Chris Tremlett,9,/profiles/397/chris-tremlett
573,Graham Onions,9,
1584,Naeem Islam,6,/profiles/1584/naeem-islam
392,Shahadat Hossain,6,/profiles/392/shahadat-hossain
8109,Elias Sunny,6,/profiles/8109/elias-sunny
3215,Raqibul Hasan,6,/profiles/3215/raqibul-hasan
6284,Suhrawadi Shuvo,6,
381,Fidel Edwards,10,/profiles/381/fidel-edwards
536,Carlton Baugh,10,/profiles/536/carlton-baugh
1610,Darren Bravo,10,/profiles/1610/darren-bravo
7748,Kirk Edwards,10,/profiles/7748/kirk-edwards
253,Daren Sammy,10,/profiles/253/daren-sammy
244,Shivnarine Chanderpaul,10,/profiles/244/shivnarine-chanderpaul
7633,Devendra Bishoo,10,/profiles/7633/devendra-bishoo
4265,Ravi Rampaul,10,/profiles/4265/ravi-rampaul
356,Marlon Samuels,10,/profiles/356/marlon-samuels
599,Lendl Simmons,10,/profiles/599/lendl-simmons
6482,Shane Shillingford,10,
399,Denesh Ramdin,10,
1989,Kieran Powell,10,
69,Yuvraj Singh,2,/profiles/69/yuvraj-singh
6293,Varun Aaron,2,
6304,Rahul Sharma,2,
1911,Adrian Barath,10,
788,Nazimuddin,6,/profiles/788/nazimuddin
3788,Mohammad Khalil,3,
375,Narsingh Deonarine,10,/profiles/375/narsingh-deonarine
1649,Matthew Wade,4,/profiles/1649/matthew-wade
7799,Peter Forrest,4,
7738,Peter Nevill,4,
7638,Assad Fudadin,10,
1646,Clint McKay,4,
6507,Jonny Bairstow,9,/profiles/6507/jonny-bairstow
8092,Shannon Gabriel,10,/profiles/8092/shannon-gabriel
382,Tino Best,10,
2276,Sunil Narine,10,/profiles/2276/sunil-narine
484,Albie Morkel,11,
4621,Thami Tsolekile,11,
6500,James Taylor,9,/profiles/6500/james-taylor
7825,Faf du Plessis,11,
18425,Nick Welch,12,/profiles/18425/nick-welch
11226,Wessly Madhevere,12,/profiles/11226/wessly-madhevere
11153,Victor Nyauchi,12,
1450665,Vincent Masekesa,12,
10195,Peter Moor,27,/profiles/10195/peter-moor
6710,Andrew Balbirnie,27,/profiles/6710/andrew-balbirnie
18143,Curtis Campher,27,/profiles/18143/curtis-campher
11130,Harry Tector,27,/profiles/11130/harry-tector
1114,Paul Stirling,27,/profiles/1114/paul-stirling
11131,Lorcan Tucker,27,/profiles/11131/lorcan-tucker
9667,Andy McBrine,27,/profiles/9667/andy-mcbrine
10449,Mark Adair,27,/profiles/10449/mark-adair
10451,Barry McCarthy,27,/profiles/10451/barry-mccarthy
23506,Matthew Humphreys,27,/profiles/23506/matthew-humphreys
6575,Craig Young,27,/profiles/6575/craig-young
1428460,Gavin Hoey,27,
19178,Graham Hume,27,
13310,Morgan Topping,27,
247,Chris Gayle,10,/profiles/247/chris-gayle
2257,Neil Wagner,13,/profiles/2257/neil-wagner
6470,Jeevan Mendis,5,
8302,Mohammad Ayub,3,/profiles/8302/mohammad-ayub
31,Mohammad Sami,3,
8303,Afaq Raheem,3,
511,Faisal Iqbal,3,
1448,Cheteshwar Pujara,2,/profiles/1448/cheteshwar-pujara
413,Suresh Raina,2,/profiles/413/suresh-raina
574,S Badrinath,2,
466,Piyush Chawla,2,
419,James Franklin,13,/profiles/419/james-franklin
1597,Murali Vijay,2,
75,Harbhajan Singh,2,
6568,Nick Compton,9,/profiles/6568/nick-compton
6539,Stuart Meaker,9,
1467,Ashok Dinda,2,
8269,Parvinder Awana,2,
2239,Dean Elgar,11,/profiles/2239/dean-elgar
1627,Rory Kleinveldt,11,
8084,Bruce Martin,13,
8085,Colin Munro,13,
7624,Mitchell McClenaghan,13,
1055,Nasir Jamshed,3,/profiles/1055/nasir-jamshed
8301,Rahat Ali,3,/profiles/8301/rahat-ali
8362,Ehsan Adil,3,
8299,Haris Sohail,3,
7621,Mohammad Irfan,3,
6634,Tanvir Ahmed,3,
9203,Kyle Abbott,11,/profiles/9203/kyle-abbott
502,Peter Fulton,13,/profiles/502/peter-fulton
2255,Hamish Rutherford,13,/profiles/2255/hamish-rutherford
1042,Chris Rogers,4,/profiles/1042/chris-rogers
8508,Ashton Agar,4,/profiles/8508/ashton-agar
8165,Jackson Bird,4,
7789,James Faulkner,4,
8307,Tom Craddock,9,
6723,Simon Kerrigan,9,/profiles/6723/simon-kerrigan
8431,John Campbell,10,/profiles/8431/john-campbell
9791,Brandon King,10,/profiles/9791/brandon-king
11543,Roston Chase,10,/profiles/11543/roston-chase
10384,Shai Hope,10,/profiles/10384/shai-hope
11220,Alzarri Joseph,10,/profiles/11220/alzarri-joseph
50458,Shamar Joseph,10,/profiles/50458/shamar-joseph
15807,Kevlon Anderson,10,
23316,Johann Layne,10,
1789,Ian Butler,13,
1648,Rob Quiney,4,/profiles/1648/rob-quiney
1644,John Hastings,4,/profiles/1644/john-hastings
8645,Jordan Silk,4,
7662,Glenn Maxwell,4,
8445,Tharindu Kaushal,5,
202,Kyle Mills,13,
8676,Todd Astle,13,
15274,Tanzim Hasan Sakib,6,
8460,Wellington Masakadza,12,/profiles/8460/wellington-masakadza
25331,Tafadzwa Tsiga,12,
8237,Anamul Haque,6,/profiles/8237/anamul-haque
11763,Tanaka Chivanga,12,/profiles/11763/tanaka-chivanga
23761,Clive Madande,12,
11235,Kundai Matigimu,12,
11148,Prince Masvaure,12,
50545,Lhuan-dre Pretorius,11,/profiles/50545/lhuan-dre-pretorius
24546,Codi Yusuf,11,/profiles/24546/codi-yusuf
23346,Kwena Maphaka,11,/profiles/23346/kwena-maphaka
18142,Lesego Senokwane,11,
10973,Zubayr Hamza,11,
8530,Prenelan Subrayen,11,
13412,Tanunurwa Makoni,12,
10404,Roy Kaia,12,
10694,Henry Nicholls,13,/profiles/10694/henry-nicholls
11170,Nathan Smith,13,/profiles/11170/nathan-smith
13363,Matthew Fisher,13,
24391,Zakary Foulkes,13,/profiles/24391/zakary-foulkes
14358,Ben Lister,13,
52428,Bevon Jacobs,13,
8218,Sohag Gazi,6,/profiles/8218/sohag-gazi
8332,Abul Hasan,6,
8312,Veerasammy Permaul,10,/profiles/8312/veerasammy-permaul
13088,Devdutt Padikkal,2,
9786,Tagenarine Chanderpaul,10,/profiles/9786/tagenarine-chanderpaul
12678,Khary Pierre,10,/profiles/12678/khary-pierre
1429041,Jediah Blades,10,
9540,Simon Harmer,11,/profiles/9540/simon-harmer
1440,George Bailey,4,/profiles/1440/george-bailey
8971,Chris Sabburg,4,
6244,Michael Carberry,9,/profiles/6244/michael-carberry
6679,Gary Ballance,9,
626,Boyd Rankin,9,
559,Doug Bollinger,4,
7774,Nathan Coulter-Nile,4,
6550,Scott Borthwick,9,
8122,Alex Doolan,4,
6483,Tendai Chatara,12,
6483,Tendai Chatara,12,/profiles/6483/tendai-chatara
782,Timycen Maruma,12,
18515,Tharindu Ratnayake,5,/profiles/18515/tharindu-ratnayake
15081,Pavan Rathnayake,5,
10472,Kasun Rajitha,5,
8483,Akila Dananjaya,5,
13884,Pasindu Sooriyabandara,5,
41309,Isitha Wijesundera,5,
11786,Ebadot Hossain,6,
14251,Dunith Wellalage,5,
1726,Bhuvneshwar Kumar,2,/profiles/1726/bhuvneshwar-kumar
1446,Shikhar Dhawan,2,
1437,Moises Henriques,4,/profiles/1437/moises-henriques
7729,Xavier Doherty,4,
8391,Kithuruwan Vithanage,5,/profiles/8391/kithuruwan-vithanage
8116,Kusal Perera,5,
6318,Jahurul Islam,6,/profiles/6318/jahurul-islam
9221,Marshall Ayub,6,
9352,Richmond Mutumbami,12,/profiles/9352/richmond-mutumbami
9353,Michael Chinouya,12,
9202,Tinotenda Mutombodzi,12,
390,Enamul Haque jnr,6,/profiles/390/enamul-haque-jnr
1063,Sajedul Islam,6,
8227,Ziaur Rahman,6,/profiles/8227/ziaur-rahman
10730,Blair Tickner,13,
13920,Ojay Shields,10,/profiles/13920/ojay-shields
18612,Mitchell Hay,13,/profiles/18612/mitchell-hay
10709,Michael Rae,13,/profiles/10709/michael-rae
15197,Kristian Clarke,13,
1628,Ryan McLaren,11,/profiles/1628/ryan-mclaren
8520,Quinton de Kock,11,/profiles/8520/quinton-de-kock
1044,Khurram Manzoor,3,/profiles/1044/khurram-manzoor
8991,Zulfiqar Babar,3,/profiles/8991/zulfiqar-babar
1787,Ahmed Shehzad,3,
1740,Umar Amin,3,
8582,Bilawal Bhatti,3,/profiles/8582/bilawal-bhatti
6729,Sachithra Senanayake,5,/profiles/6729/sachithra-senanayake
812,Dilruwan Perera,5,
3465,Tinashe Panyangara,12,/profiles/3465/tinashe-panyangara
436,Chamu Chibhabha,12,
1320,Aaron Redmond,13,/profiles/1320/aaron-redmond
8982,Corey Anderson,13,/profiles/8982/corey-anderson
9395,Sheldon Cottrell,10,
1988,Chadwick Walton,10,
8983,James Neesham,13,
7909,Mohammed Shami,2,/profiles/7909/mohammed-shami
8665,Ishwar Pandey,2,
6311,Ambati Rayudu,2,
6651,Sam Robson,9,/profiles/6651/sam-robson
6692,Moeen Ali,9,/profiles/6692/moeen-ali
479,Liam Plunkett,9,/profiles/479/liam-plunkett
6532,Chris Jordan,9,
2258,Jos Buttler,9,
1530,Stuart Binny,2,/profiles/1530/stuart-binny
6328,Pankaj Singh,2,
8385,Sean Terry,9,
1599,Naman Ojha,2,
8247,Al-Amin Hossain,6,
1454,Amit Mishra,2,
1913,Shamsur Rahman,6,/profiles/1913/shamsur-rahman
11320,Hasan Ali,3,/profiles/11320/hasan-ali
19631,Asif Afridi,3,
1451963,Cade Carmichael,27,/profiles/1451963/cade-carmichael
54252,Jordan Neill,27,/profiles/54252/jordan-neill
11127,Stephen Doheny,27,
1451972,Liam McCarthy,27,
19592,Brad Evans,12,/profiles/19592/brad-evans
47311,Tinotenda Maposa,12,
1427990,Antum Naqvi,12,
13213,Rahmanullah Gurbaz,96,/profiles/13213/rahmanullah-gurbaz
9854,Sharafuddin Ashraf,96,/profiles/9854/sharafuddin-ashraf
14299,Ziaur Rahman Sharifi,96,/profiles/14299/ziaur-rahman-sharifi
55823,Khalil Gurbaz,96,/profiles/55823/khalil-gurbaz
2288,Stiaan van Zyl,11,/profiles/2288/stiaan-van-zyl
373,Devon Smith,10,/profiles/373/devon-smith
1417,Leon Johnson,10,/profiles/1417/leon-johnson
9400,Jermaine Blackwood,10,/profiles/9400/jermaine-blackwood
379,Jerome Taylor,10,/profiles/379/jerome-taylor
1117,Sulieman Benn,10,/profiles/1117/sulieman-benn
8313,Jason Holder,10,
2244,Rilee Rossouw,11,
9402,Keon Peters,10,/profiles/9402/keon-peters
8568,Imran Khan,3,/profiles/8568/imran-khan
6250,Mitchell Marsh,4,/profiles/6250/mitchell-marsh
2247,Steve OKeefe,4,/profiles/2247/steve-okeefe
414,Upul Tharanga,5,/profiles/414/upul-tharanga
7884,Niroshan Dickwella,5,/profiles/7884/niroshan-dickwella
9552,Mark Craig,13,/profiles/9552/mark-craig
182,Mark Vermeulen,12,/profiles/182/mark-vermeulen
10074,John Nyumbu,12,/profiles/10074/john-nyumbu
10066,Donald Tiripano,12,/profiles/10066/donald-tiripano
8463,Curthbert Musoko,12,
6511,Adam Lyth,9,/profiles/6511/adam-lyth
1742,Adil Rashid,9,
605,Adam Voges,4,/profiles/605/adam-voges
8969,Fawad Ahmed,4,
10054,Jordan Price,9,
9363,Josh Poysden,9,
6812,Mark Footitt,9,
6553,Will Gidman,9,
9498,Binura Fernando,5,
9527,Lahiru Gamage,5,
8393,Dushmantha Chameera,5,
1844,Karn Sharma,2,/profiles/1844/karn-sharma
1451,Dhawal Kulkarni,2,
8121,Joe Burns,4,/profiles/8121/joe-burns
9862,Jubair Hossain,6,/profiles/9862/jubair-hossain
586,Tafadzwa Kamungozi,12,/profiles/586/tafadzwa-kamungozi
10168,Brian Chari,12,
8110,Carlos Brathwaite,10,
8348,Shane Dowrich,10,/profiles/8348/shane-dowrich
10413,Rajendra Chandrika,10,
9986,Mohammad Shahid,6,/profiles/9986/mohammad-shahid
9863,Mustafizur Rahman,6,/profiles/9863/mustafizur-rahman
8233,Soumya Sarkar,6,
8099,Dane Vilas,11,
7649,Aaron Phangiso,11,
9491,Reeza Hendricks,11,
8370,Sami Aslam,3,/profiles/8370/sami-aslam
305,Jehan Mubarak,5,
6734,Alex Hales,9,/profiles/6734/alex-hales
8333,Chris Morris,11,/profiles/8333/chris-morris
9493,Hardus Viljoen,11,
9696,Stephen Cook,11,/profiles/9696/stephen-cook
8162,Jonathan Wells,4,
9405,Miguel Cummins,10,
10848,Grant Baldwin,4,
697,Fawad Alam,3,
10433,Bilal Asif,3,
8298,Gurkeerat Singh Mann,2,
6319,Mandeep Singh,2,
2195,Mayank Agarwal,2,
6642,James Vince,9,/profiles/6642/james-vince
8324,Jake Ball,9,
8422,Dasun Shanaka,5,/profiles/8422/dasun-shanaka
7891,Milinda Siriwardana,5,
11494,Chaminda Bandara,5,
6662,Toby Roland-Jones,9,
1917,Mohammad Amir,3,/profiles/1917/mohammad-amir
10799,Iftikhar Ahmed,3,
8396,Udara Jayasundera,5,/profiles/8396/udara-jayasundera
8097,Chadd Sayers,4,
10691,Jeet Raval,13,
10187,George Linde,11,
8519,Theunis de Bruyn,11,
12057,Vikum Sanjaya,5,
9823,Duanne Olivier,11,/profiles/9823/duanne-olivier
11551,Lakshan Sandakan,5,/profiles/11551/lakshan-sandakan
8410,Roshen Silva,5,
2277,Jon Holland,4,/profiles/2277/jon-holland
7800,Joe Mennie,4,
10173,Tabraiz Shamsi,11,
1745,Callum Ferguson,4,/profiles/1745/callum-ferguson
8651,Dwaine Pretorius,11,
10055,Matt Renshaw,4,/profiles/10055/matt-renshaw
8159,Peter Handscomb,4,/profiles/8159/peter-handscomb
6261,Nic Maddinson,4,/profiles/6261/nic-maddinson
9052,Sharjeel Khan,3,
8367,Mohammad Nawaz,3,
11526,Mohammad Asghar,3,
8876,Hilton Cartwright,4,/profiles/8876/hilton-cartwright
8081,Colin de Grandhomme,13,/profiles/8081/colin-de-grandhomme
8231,Sabbir Rahman,6,/profiles/8231/sabbir-rahman
10845,Subashis Roy,6,/profiles/10845/subashis-roy
8224,Kamrul Islam,6,/profiles/8224/kamrul-islam
8534,Nurul Hasan,6,
10209,Heinrich Klaasen,11,
1456,Neil Broom,13,/profiles/1456/neil-broom
1475,Taurai Muzarabani,12,
1750,Gareth Batty,9,/profiles/1750/gareth-batty
7953,Zafar Ansari,9,
10393,Haseeb Hameed,9,
8541,Mosaddek Hossain,6,
8182,Jayant Yadav,2,
9330,Keaton Jennings,9,/profiles/9330/keaton-jennings
1666,Heino Kuhn,11,/profiles/1666/heino-kuhn
9601,Andile Phehlukwayo,11,
6547,Mark Stoneman,9,/profiles/6547/mark-stoneman
6528,Tom Westley,9,/profiles/6528/tom-westley
6660,Dawid Malan,9,/profiles/6660/dawid-malan
10435,Mason Crane,9,
11449,Kyle Hope,10,/profiles/11449/kyle-hope
9789,Shimron Hetmyer,10,
9398,Raymon Reifer,10,
9647,Hardik Pandya,2,
74,Parthiv Patel,2,/profiles/74/parthiv-patel
1836,Manish Pandey,2,
1720,Abhinav Mukund,2,
9595,Carl Mumba,12,/profiles/9595/carl-mumba
9950,Tarisai Musakanda,12,
10154,Asela Gunaratne,5,/profiles/10154/asela-gunaratne
8403,Kasun Madushanka,5,
10626,Mitchell Swepson,4,
8989,Marcus Stoinis,4,
9428,Shreyas Iyer,2,
8489,Cameron Bancroft,4,/profiles/8489/cameron-bancroft
1994,Tim Paine,4,/profiles/1994/tim-paine
7859,Ben Foakes,9,
8511,Craig Overton,9,
9522,Tom Curran,9,
11537,Vishaul Singh,10,/profiles/11537/vishaul-singh
11298,Mohammad Abbas,3,/profiles/11298/mohammad-abbas
11186,Shadab Khan,3,
7926,Usman Salahuddin,3,
8421,Malinda Pushpakumara,5,
8387,Danushka Gunathilaka,5,
8454,Ryan Burl,12,
12326,Nathan Waller,12,
10692,Lockie Ferguson,13,
7631,George Worker,13,
8429,Sunil Ambris,10,/profiles/8429/sunil-ambris
10045,Liam Livingstone,9,
11534,Dominic Bess,9,/profiles/11534/dominic-bess
11265,Faheem Ashraf,3,/profiles/11265/faheem-ashraf
10863,Fakhar Zaman,3,
8368,Saad Ali,3,
10420,Sam Curran,9,/profiles/10420/sam-curran
10102,Jamie Porter,9,
145,Dinesh Karthik,2,/profiles/145/dinesh-karthik
12255,Jack Blatherwick,9,
12094,Prithvi Shaw,2,
8424,Hanuma Vihari,2,
9737,Solomon Mire,12,
10735,Tendai Chisoro,12,
8204,Vijay Shankar,2,
625,William Porterfield,27,/profiles/625/william-porterfield
540,Ed Joyce,27,/profiles/540/ed-joyce
691,Niall O Brien,27,/profiles/691/niall-o-brien
690,Kevin O Brien,27,/profiles/690/kevin-o-brien
739,Gary Wilson,27,/profiles/739/gary-wilson
7985,Stuart Thompson,27,/profiles/7985/stuart-thompson
10415,Tyrone Kane,27,/profiles/10415/tyrone-kane
6661,Tim Murtagh,27,/profiles/6661/tim-murtagh
6690,James Shannon,27,
13707,Nathan Smith,27,
9396,Jahmar Hamilton,10,
1391,Mahela Udawatte,5,
11214,Keemo Paul,10,
10778,Sunzamul Islam,6,/profiles/10778/sunzamul-islam
13102,Naeem Hasan,6,
13064,Tanbir Hayder,6,
9715,Navdeep Saini,2,
3014,Mohammad Shahzad,96,/profiles/3014/mohammad-shahzad
7614,Javed Ahmadi,96,/profiles/7614/javed-ahmadi
3004,Asghar Afghan,96,/profiles/3004/asghar-afghan
3007,Mohammad Nabi,96,/profiles/3007/mohammad-nabi
12071,Mujeeb Ur Rahman,96,/profiles/12071/mujeeb-ur-rahman
12197,Wafadar Momand,96,/profiles/12197/wafadar-momand
9612,Sayed Shirzad,96,
9849,Ihsanullah Janat,96,
8031,Amir Hamza,96,
9846,Nasir Jamal,96,
6536,Rory Burns,9,/profiles/6536/rory-burns
1995,Joe Denly,9,
10934,Charith Asalanka,5,
9736,Shaun von Berg,11,
12688,Lasith Embuldeniya,5,/profiles/12688/lasith-embuldeniya
9500,Chamika Karunaratne,5,
7817,Angelo Perera,5,
14574,Mohamed Shiraz,5,
11891,Pieter Malan,11,
7776,Marcus Harris,4,/profiles/7776/marcus-harris
1643,Aaron Finch,4,/profiles/1643/aaron-finch
8641,Chris Tremain,4,
8488,Kurtis Patterson,4,/profiles/8488/kurtis-patterson
12228,Will Pucovski,4,
8536,Abu Jayed,6,/profiles/8536/abu-jayed
6534,Jason Roy,9,/profiles/6534/jason-roy
7854,Lewis Gregory,9,
13942,James McCollum,27,/profiles/13942/james-mccollum
12769,Simi Singh,27,
8221,Mohammad Mithun,6,/profiles/8221/mohammad-mithun
8225,Ariful Haque,6,
13803,Shermon Lewis,10,
8244,Nazmul Islam,6,/profiles/8244/nazmul-islam
12213,Peter Bocock,13,
10185,William Somerville,13,
11446,Shamarh Brooks,10,
11442,Oshane Thomas,10,
14277,Waqar Salamkheil,96,/profiles/14277/waqar-salamkheil
7984,Stuart Poynter,27,/profiles/7984/stuart-poynter
6329,George Dockrell,27,/profiles/6329/george-dockrell
14567,James Cameron-Dow,27,/profiles/14567/james-cameron-dow
280,Simon Katich,4,/profiles/280/simon-katich
1439,Marcus North,4,/profiles/1439/marcus-north
66,Paul Collingwood,9,/profiles/66/paul-collingwood
6282,Ajmal Shahzad,9,
1585,Mahbubul Alam,6,
703,Ryan Jay Sidebottom,9,
1604,Travis Dowlin,10,/profiles/1604/travis-dowlin
1418,Brendan Nash,10,/profiles/1418/brendan-nash
242,Dwayne Bravo,10,/profiles/242/dwayne-bravo
1908,Nelon Pascal,10,/profiles/1908/nelon-pascal
487,Johan Botha,11,
11267,Abid Ali,3,
10864,Kashif Bhatti,3,
12156,Muhammad Musa,3,
9441,Kyle Jamieson,13,
143,Salman Butt,3,/profiles/143/salman-butt
142,Shahid Afridi,3,/profiles/142/shahid-afridi
77,Kamran Akmal,3,/profiles/77/kamran-akmal
132,Danish Kaneria,3,/profiles/132/danish-kaneria
326,Mohammad Asif,3,/profiles/326/mohammad-asif
79,Yasir Hameed,3,
303,Zulqarnain Haider,3,
6325,Peter George,4,
34,Mohammad Yousuf,3,
6276,Raza Hasan,3,
9554,Rassie van der Dussen,11,/profiles/9554/rassie-van-der-dussen
11427,Anrich Nortje,11,/profiles/11427/anrich-nortje
9490,Beuran Hendricks,11,
9707,Rudi Second,11,
9313,Dominic Sibley,9,/profiles/9313/dominic-sibley
10395,Matthew Parkinson,9,
10178,Keegan Petersen,11,
7906,Shahbaz Nadeem,2,/profiles/7906/shahbaz-nadeem
11090,Saif Hassan,6,
10394,Saqib Mahmood,9,
9394,Rahkeem Cornwall,10,
11338,Chemar Holder,10,
11077,Karim Janat,96,
1741,Dale Richards,10,/profiles/1741/dale-richards
6609,Brandon Jeremy Bess,10,/profiles/6609/brandon-jeremy-bess
3015,Shapoor Zadran,96,
110,Muttiah Muralitharan,5,/profiles/110/muttiah-muralitharan
111,Lasith Malinga,5,/profiles/111/lasith-malinga
106,Thilina Kandamby,5,
522,Munaf Patel,2,
9698,Usman Shinwari,3,/profiles/9698/usman-shinwari
16541,Brian Mudzinganyama,12,/profiles/16541/brian-mudzinganyama
14801,Ainsley Ndlovu,12,/profiles/14801/ainsley-ndlovu
16532,Charlton Tshuma,12,
8452,Kevin Kasuza,12,
9869,Yasir Ali,6,
8069,Nkrumah Bonner,10,
9531,Ollie Robinson,9,
11750,James Bracey,9,
11316,Imran Butt,3,
8567,Zafar Gohar,3,
11208,Lutho Sipamla,11,/profiles/11208/lutho-sipamla
14516,Glenton Stuurman,11,
11271,Sarel Erwee,11,
13069,Migael Pretorius,11,
13317,Raynard van Tonder,11,
10926,Wanindu Hasaranga,5,/profiles/10926/wanindu-hasaranga
9496,Minod Bhanuka,5,
13396,Santhush Gunathilake,5,
15067,Dilshan Madushanka,5,
10225,T Natarajan,2,
566,Mehrab Hossain jnr,6,/profiles/566/mehrab-hossain-jnr
323,Mashrafe Mortaza,6,/profiles/323/mashrafe-mortaza
506,Michael Vandort,5,/profiles/506/michael-vandort
700,Malinda Warnapura,5,/profiles/700/malinda-warnapura
108,Chaminda Vaas,5,/profiles/108/chaminda-vaas
491,Chamara Kapugedera,5,/profiles/491/chamara-kapugedera
157,Matthew Hayden,4,/profiles/157/matthew-hayden
39,Andrew Symonds,4,/profiles/39/andrew-symonds
42,Brett Lee,4,/profiles/42/brett-lee
1443,Jason Krejza,4,/profiles/1443/jason-krejza
1062,Neil McKenzie,11,/profiles/1062/neil-mckenzie
216,Makhaya Ntini,11,/profiles/216/makhaya-ntini
279,Nathan Hauritz,4,/profiles/279/nathan-hauritz
10385,Daniel Lawrence,9,/profiles/10385/daniel-lawrence
1645,Andrew McDonald,4,/profiles/1645/andrew-mcdonald
7915,Suryakumar Yadav,2,
494,Yasir Arafat,3,/profiles/494/yasir-arafat
1119,Thilan Thushara,5,/profiles/1119/thilan-thushara
252,Ramnaresh Sarwan,10,/profiles/252/ramnaresh-sarwan
359,Xavier Marshall,10,/profiles/359/xavier-marshall
378,Daren Powell,10,/profiles/378/daren-powell
61,Andrew Flintoff,9,/profiles/61/andrew-flintoff
62,Steve Harmison,9,/profiles/62/steve-harmison
248,Ryan Hinds,10,/profiles/248/ryan-hinds
520,Owais Shah,9,/profiles/520/owais-shah
1060,Tim Ambrose,9,/profiles/1060/tim-ambrose
1602,Lionel Baker,10,/profiles/1602/lionel-baker
1687,Amjad Khan,9,/profiles/1687/amjad-khan
1656,Imraan Khan,11,/profiles/1656/imraan-khan
1445,Bryce McGain,4,/profiles/1445/bryce-mcgain
1688,Tim McIntosh,13,/profiles/1688/tim-mcintosh
603,Iain O Brien,13,/profiles/603/iain-o-brien
501,Jamie How,13,/profiles/501/jamie-how
1987,Omar Phillips,10,/profiles/1987/omar-phillips
1983,Ryan Austin,10,/profiles/1983/ryan-austin
1982,Floyd Reifer,10,/profiles/1982/floyd-reifer
1907,David Bernard,10,/profiles/1907/david-bernard
1404,Nikita Miller,10,/profiles/1404/nikita-miller
8671,Tabish Khan,3,
14561,Haris Rauf,3,
10079,Daryn Dupavillon,11,
1048,Abdur Rauf,3,/profiles/1048/abdur-rauf
1981,Graham Manou,4,/profiles/1981/graham-manou
432,Stuart Clark,4,/profiles/432/stuart-clark
59,Jacob Oram,13,/profiles/59/jacob-oram
13801,Sheyne Moseley,10,/profiles/13801/sheyne-moseley
8440,Kyle Mayers,10,/profiles/8440/kyle-mayers
463,S Sreesanth,2,/profiles/463/s-sreesanth
1064,Grant Elliott,13,/profiles/1064/grant-elliott
418,Shane Bond,13,/profiles/418/shane-bond
204,Daryl Tuffey,13,/profiles/204/daryl-tuffey
1991,Gavin Tonge,10,/profiles/1991/gavin-tonge
2292,Friedel de Wet,11,/profiles/2292/friedel-de-wet
6248,Peter Ingram,13,/profiles/6248/peter-ingram
183,Aftab Ahmed,6,/profiles/183/aftab-ahmed
4104,Mathew Sinclair,13,/profiles/4104/mathew-sinclair
6327,Jaydev Unadkat,2,
578,Gareth Hopkins,13,/profiles/578/gareth-hopkins
7678,Hamish Bennett,13,/profiles/7678/hamish-bennett
7990,Sam Billings,9,
9851,Munir Ahmad,96,/profiles/9851/munir-ahmad
13256,Abdul Wasi,96,/profiles/13256/abdul-wasi
14282,Fazalhaq Farooqi,96,
19267,Mohammad Saleem Safi,96,
13959,Hayden Walsh,10,
12131,Praveen Jayawickrama,5,
8345,Alex Lees,9,/profiles/8345/alex-lees
11230,Milton Shumba,12,/profiles/11230/milton-shumba
8457,Luke Jongwe,12,
18847,Shahnawaz Dahani,3,
8531,Lizaad Williams,11,
161,Michael Vaughan,9,/profiles/161/michael-vaughan
365,James Marshall,13,/profiles/365/james-marshall
882,Brenton Parchment,10,/profiles/882/brenton-parchment
384,Runako Morton,10,/profiles/384/runako-morton
1118,Amit Jaggernauth,10,/profiles/1118/amit-jaggernauth
498,Phil Jaques,4,/profiles/498/phil-jaques
283,Brad Hodge,4,/profiles/283/brad-hodge
329,Stuart MacGill,4,/profiles/329/stuart-macgill
534,Sewnarine Chattergoon,10,/profiles/534/sewnarine-chattergoon
1321,Beau Casson,4,/profiles/1321/beau-casson
1406,Darren Pattinson,9,/profiles/1406/darren-pattinson
221,Andre Nel,11,/profiles/221/andre-nel
29,Sourav Ganguly,2,/profiles/29/sourav-ganguly
98,Anil Kumble,2,/profiles/98/anil-kumble
116,Rajin Saleh,6,/profiles/116/rajin-saleh
282,Cameron White,4,/profiles/282/cameron-white
372,Monde Zondeki,11,/profiles/372/monde-zondeki
115,Javed Omar,6,/profiles/115/javed-omar
114,Habibul Bashar,6,/profiles/114/habibul-bashar
122,Khaled Mashud,6,/profiles/122/khaled-mashud
123,Mohammad Rafique,6,/profiles/123/mohammad-rafique
499,Wasim Jaffer,2,/profiles/499/wasim-jaffer
513,Ramesh Powar,2,/profiles/513/ramesh-powar
456,Vikram Singh,2,/profiles/456/vikram-singh
434,RP Singh,2,/profiles/434/rp-singh
611,Mohammad Sharif,6,/profiles/611/mohammad-sharif
433,Syed Rasel,6,/profiles/433/syed-rasel
386,Matthew Hoggard,9,/profiles/386/matthew-hoggard
376,Daren Ganga,10,/profiles/376/daren-ganga
245,Corey Collymore,10,/profiles/245/corey-collymore
250,Sylvester Joseph,10,/profiles/250/sylvester-joseph
730,Sujeewa de Silva,5,/profiles/730/sujeewa-de-silva
112,Farveez Maharoof,5,/profiles/112/farveez-maharoof
396,Tushar Imran,6,/profiles/396/tushar-imran
8555,Cam Fletcher,13,
10698,Dane Cleaver,13,
9724,Khaya Zondo,11,
212,Herschelle Gibbs,11,/profiles/212/herschelle-gibbs
35,Inzamam-ul-Haq,3,/profiles/35/inzamam-ul-haq
366,Craig Cumming,13,/profiles/366/craig-cumming
203,Michael Papps,13,/profiles/203/michael-papps
49,Stephen Fleming,13,/profiles/49/stephen-fleming
58,Scott Styris,13,/profiles/58/scott-styris
417,Lou Vincent,13,/profiles/417/lou-vincent
10172,Sisanda Magala,11,
8810,Priyank Panchal,2,
36,Adam Gilchrist,4,/profiles/36/adam-gilchrist
100,Marvan Atapattu,5,/profiles/100/marvan-atapattu
102,Sanath Jayasuriya,5,/profiles/102/sanath-jayasuriya
30,Shoaib Akhtar,3,/profiles/30/shoaib-akhtar
73,Irfan Pathan,2,/profiles/73/irfan-pathan
11876,Shohidul Islam,6,
514,Rawl Lewis,10,/profiles/514/rawl-lewis
218,Shaun Pollock,11,/profiles/218/shaun-pollock
18588,Rejaur Rahman Raja,6,
1065,Matthew Bell,13,/profiles/1065/matthew-bell
13281,Mohammad Naim,6,
140,Brad Hogg,4,/profiles/140/brad-hogg
407,Shaun Tait,4,/profiles/407/shaun-tait
9025,Srikar Bharat,2,
699,Ishara Amerasinghe,5,/profiles/699/ishara-amerasinghe
10260,Saurabh Kumar,2,
316,Andrew Hall,11,/profiles/316/andrew-hall
313,Boeta Dippenaar,11,/profiles/313/boeta-dippenaar
2259,Zander de Bruyn,11,/profiles/2259/zander-de-bruyn
317,Justin Ontong,11,/profiles/317/justin-ontong
300,Murali Kartik,2,/profiles/300/murali-kartik
4617,Martin van Jaarsveld,11,/profiles/4617/martin-van-jaarsveld
13886,Kamil Mishara,5,
21149,Suminda Lakshan,5,
21151,Chamika Gunasekara,5,
9794,Jeremy Solozano,10,
15040,Mohammad Wasim Jr,3,
8503,Mark Steketee,4,
11920,Fazle Mahmud,6,
44,Marcus Trescothick,9,/profiles/44/marcus-trescothick
165,Geraint Jones,9,/profiles/165/geraint-jones
525,Sajid Mahmood,9,/profiles/525/sajid-mahmood
388,Jon Lewis,9,/profiles/388/jon-lewis
240,Brian Lara,10,/profiles/240/brian-lara
357,Pedro Collins,10,/profiles/357/pedro-collins
70,Mohammad Kaif,2,/profiles/70/mohammad-kaif
241,Ian Bradshaw,10,/profiles/241/ian-bradshaw
535,Dave Mohammed,10,/profiles/535/dave-mohammed
209,Nicky Boje,11,/profiles/209/nicky-boje
78,Abdul Razzaq,3,/profiles/78/abdul-razzaq
548,Chris Read,9,/profiles/548/chris-read
380,Shahid Nazir,3,/profiles/380/shahid-nazir
50,Nathan Astle,13,/profiles/50/nathan-astle
281,Justin Langer,4,/profiles/281/justin-langer
136,Damien Martyn,4,/profiles/136/damien-martyn
135,Shane Warne,4,/profiles/135/shane-warne
41,Glenn McGrath,4,/profiles/41/glenn-mcgrath
164,Ashley Giles,9,/profiles/164/ashley-giles
1565,Naved-ul-Hasan,3,/profiles/1565/naved-ul-hasan
5411,Graham Thorpe,9,/profiles/5411/graham-thorpe
5447,Simon Jones,9,/profiles/5447/simon-jones
184,Nafees Iqbal,6,/profiles/184/nafees-iqbal
125,Tapash Baisya,6,/profiles/125/tapash-baisya
3183,Anwar Hossain Monir,6,/profiles/3183/anwar-hossain-monir
249,Wavell Hinds,10,/profiles/249/wavell-hinds
4222,Courtney Browne,10,/profiles/4222/courtney-browne
4236,Reon King,10,/profiles/4236/reon-king
276,Bazid Khan,3,/profiles/276/bazid-khan
301,Asim Kamal,3,/profiles/301/asim-kamal
32,Shabbir Ahmed,3,/profiles/32/shabbir-ahmed
404,Gayan Wijekoon,5,/profiles/404/gayan-wijekoon
4276,Ryan Ramdass,10,/profiles/4276/ryan-ramdass
401,Omari Banks,10,/profiles/401/omari-banks
4254,Jermaine Lawson,10,/profiles/4254/jermaine-lawson
255,Dwayne Smith,10,/profiles/255/dwayne-smith
3494,Neil Ferreira,12,/profiles/3494/neil-ferreira
3449,Dion Ebrahim,12,/profiles/3449/dion-ebrahim
3430,Craig Wishart,12,/profiles/3430/craig-wishart
3425,Stuart Carlisle,12,/profiles/3425/stuart-carlisle
3420,Heath Streak,12,/profiles/3420/heath-streak
427,Blessing Mahwire,12,/profiles/427/blessing-mahwire
56,Hamish Marshall,13,/profiles/56/hamish-marshall
429,Keith Dabengwa,12,/profiles/429/keith-dabengwa
141,Michael Kasprowicz,4,/profiles/141/michael-kasprowicz
40,Jason Gillespie,4,/profiles/40/jason-gillespie
442,Terry Duffin,12,/profiles/442/terry-duffin
3460,Charles Coventry,12,/profiles/3460/charles-coventry
3442,Andy Blignaut,12,/profiles/3442/andy-blignaut
3459,Waddington Mwayenga,12,/profiles/3459/waddington-mwayenga
3471,Gavin Ewing,12,/profiles/3471/gavin-ewing
444,Nathan Bracken,4,/profiles/444/nathan-bracken
3745,Hasan Raza,3,/profiles/3745/hasan-raza
481,Shaun Udal,9,/profiles/481/shaun-udal
146,Ajit Agarkar,2,/profiles/146/ajit-agarkar
492,Malinga Bandara,5,/profiles/492/malinga-bandara
113,Avishka Gunawardene,5,/profiles/113/avishka-gunawardene
215,Charl Langeveldt,11,/profiles/215/charl-langeveldt
4307,Justin Kemp,11,/profiles/4307/justin-kemp
119,Alok Kapali,6,/profiles/119/alok-kapali
495,Ian Blackwell,9,/profiles/495/ian-blackwell
275,Iftikhar Anjum,3,/profiles/275/iftikhar-anjum
526,Dan Cullen,4,/profiles/526/dan-cullen
18504,Maheesh Theekshana,5,/profiles/18504/maheesh-theekshana
13937,Lakshitha Manasinghe,5,
1990,Devon Thomas,10,
13173,Lance Morris,4,
8441,Marquino Mindley,10,/profiles/8441/marquino-mindley
13320,Gerald Coetzee,11,
3452,Douglas Hondo,12,/profiles/3452/douglas-hondo
176,Mluleki Nkala,12,/profiles/176/mluleki-nkala
3462,Alester Maregwede,12,/profiles/3462/alester-maregwede
109,Nuwan Zoysa,5,/profiles/109/nuwan-zoysa
175,Tawanda Mupariwa,12,/profiles/175/tawanda-mupariwa
4223,Ridley Jacobs,10,/profiles/4223/ridley-jacobs
3175,Tareq Aziz,6,/profiles/3175/tareq-aziz
3171,Mushfiqur Rahman,6,/profiles/3171/mushfiqur-rahman
3193,Faisal Hossain,6,/profiles/3193/faisal-hossain
3180,Hannan Sarkar,6,/profiles/3180/hannan-sarkar
3191,Manjural Islam Rana,6,/profiles/3191/manjural-islam-rana
5389,Nasser Hussain,9,/profiles/5389/nasser-hussain
5430,Mark Butcher,9,/profiles/5430/mark-butcher
52,Chris Cairns,13,/profiles/52/chris-cairns
57,Craig McMillan,13,/profiles/57/craig-mcmillan
4116,Mark Richardson,13,/profiles/4116/mark-richardson
5453,Martin Saggers,9,/profiles/5453/martin-saggers
1794,Darren Lehmann,4,/profiles/1794/darren-lehmann
4756,Matthew Elliott,4,/profiles/4756/matthew-elliott
405,Russel Arnold,5,/profiles/405/russel-arnold
107,Upul Chandana,5,/profiles/107/upul-chandana
3555,Romesh Kaluwitharana,5,/profiles/3555/romesh-kaluwitharana
4606,Lance Klusener,11,/profiles/4606/lance-klusener
4612,Nantie Hayward,11,/profiles/4612/nantie-hayward
1915,Robert Key,9,/profiles/1915/robert-key
4096,Paul Wiseman,13,/profiles/4096/paul-wiseman
3714,Moin Khan,3,/profiles/3714/moin-khan
5824,Riaz Afridi,3,/profiles/5824/riaz-afridi
257,Aakash Chopra,2,/profiles/257/aakash-chopra
3186,Talha Jubair,6,/profiles/3186/talha-jubair
3457,Barney Rogers,12,/profiles/3457/barney-rogers
96,Lakshmipathy Balaji,2,/profiles/96/lakshmipathy-balaji
369,Arshad Khan,3,/profiles/369/arshad-khan
5636,Shantha Kalavitigoda,5,/profiles/5636/shantha-kalavitigoda
6233,Donovan Pagon,10,/profiles/6233/donovan-pagon
6234,Dwight Washington,10,/profiles/6234/dwight-washington
9511,Scott Kuggeleijn,13,/profiles/9511/scott-kuggeleijn
13236,Nishan Madushka,5,
3144,Enamul Haque,6,/profiles/3144/enamul-haque
3188,Mohammad Salim,6,/profiles/3188/mohammad-salim
121,Khaled Mahmud,6,/profiles/121/khaled-mahmud
3142,Akram Khan,6,/profiles/3142/akram-khan
3163,Mehrab Hossain,6,/profiles/3163/mehrab-hossain
4605,Paul Adams,11,/profiles/4605/paul-adams
4618,Alan Dawson,11,/profiles/4618/alan-dawson
2267,Charl Willoughby,11,/profiles/2267/charl-willoughby
3544,Hashan Tillakaratne,5,/profiles/3544/hashan-tillakaratne
3576,Kumar Dharmasena,5,/profiles/3576/kumar-dharmasena
223,Kaushal Lokuarachchi,5,/profiles/223/kaushal-lokuarachchi
3603,Prabath Nissanka,5,/profiles/3603/prabath-nissanka
4118,Robbie Hart,13,/profiles/4118/robbie-hart
4090,Matt Horne,13,/profiles/4090/matt-horne
5448,Anthony McGrath,9,/profiles/5448/anthony-mcgrath
5390,Alec Stewart,9,/profiles/5390/alec-stewart
3453,Sean Ervine,12,/profiles/3453/sean-ervine
3413,Grant Flower,12,/profiles/3413/grant-flower
3445,Travis Friend,12,/profiles/3445/travis-friend
5449,Richard Johnson,9,/profiles/5449/richard-johnson
4233,Mervyn Dillon,10,/profiles/4233/mervyn-dillon
4219,Vasbert Drakes,10,/profiles/4219/vasbert-drakes
6079,Martin Love,4,/profiles/6079/martin-love
4712,Steve Waugh,4,/profiles/4712/steve-waugh
3166,Manjural Islam,6,/profiles/3166/manjural-islam
3165,Al Sahariar,6,/profiles/3165/al-sahariar
3161,Sanwar Hossain,6,/profiles/3161/sanwar-hossain
3720,Rashid Latif,3,/profiles/3720/rashid-latif
3221,Alamgir Kabir,6,/profiles/3221/alamgir-kabir
5821,Farhan Adil,3,/profiles/5821/farhan-adil
3738,Saqlain Mushtaq,3,/profiles/3738/saqlain-mushtaq
5822,Yasir Ali,3,/profiles/5822/yasir-ali
63,Darren Gough,9,/profiles/63/darren-gough
4616,Dewald Pretorius,11,/profiles/4616/dewald-pretorius
4601,Gary Kirsten,11,/profiles/4601/gary-kirsten
772,James Kirtley,9,/profiles/772/james-kirtley
5450,Ed Smith,9,/profiles/5450/ed-smith
5412,Martin Bicknell,9,/profiles/5412/martin-bicknell
162,Kabir Ali,9,/profiles/162/kabir-ali
4752,Andy Bichel,4,/profiles/4752/andy-bichel
3412,Craig Evans,12,/profiles/3412/craig-evans
3454,Trevor Gripper,12,/profiles/3454/trevor-gripper
4767,Brad Williams,4,/profiles/4767/brad-williams
3704,Mushtaq Ahmed,3,/profiles/3704/mushtaq-ahmed
555,Rikki Clarke,9,/profiles/555/rikki-clarke
3611,Dinusha Fernando,5,/profiles/3611/dinusha-fernando
4121,Richard Jones,13,/profiles/4121/richard-jones
269,Ashish Nehra,2,/profiles/269/ashish-nehra
6231,Adam Sanford,10,/profiles/6231/adam-sanford
3159,Shahriar Hossain,6,/profiles/3159/shahriar-hossain
4611,David Terbrugge,11,/profiles/4611/david-terbrugge
515,Michael Mason,13,/profiles/515/michael-mason
4241,Ricardo Powell,10,/profiles/4241/ricardo-powell
3756,Fazl-e-Akbar,3,/profiles/3756/fazl-e-akbar
29018,Fionn Hand,27,/profiles/29018/fionn-hand
41928,Thomas Mayes,27,
41277,Matthew Foster,27,
131,Imran Nazir,3,/profiles/131/imran-nazir
3706,Waqar Younis,3,/profiles/3706/waqar-younis
4062,Chris Harris,13,/profiles/4062/chris-harris
4108,Brooke Walker,13,/profiles/4108/brooke-walker
3703,Saeed Anwar,3,/profiles/3703/saeed-anwar
3688,Wasim Akram,3,/profiles/3688/wasim-akram
5415,John Crawley,9,/profiles/5415/john-crawley
5418,Dominic Cork,9,/profiles/5418/dominic-cork
5406,Andy Caddick,9,/profiles/5406/andy-caddick
3531,Aravinda de Silva,5,/profiles/3531/aravinda-de-silva
3602,Charitha Buddhika,5,/profiles/3602/charitha-buddhika
500,Ruchira Perera,5,/profiles/500/ruchira-perera
5437,Alex Tudor,9,/profiles/5437/alex-tudor
3581,Eric Upashantha,5,/profiles/3581/eric-upashantha
4199,Carl Hooper,10,/profiles/4199/carl-hooper
4247,Mahendra Nagamootoo,10,/profiles/4247/mahendra-nagamootoo
4214,Cameron Cuffy,10,/profiles/4214/cameron-cuffy
3187,Ehsanul Haque,6,/profiles/3187/ehsanul-haque
3136,Aminul Islam,6,/profiles/3136/aminul-islam
3588,Naveed Nawaz,5,/profiles/3588/naveed-nawaz
3605,Chamila Gamage,5,/profiles/3605/chamila-gamage
3178,Fahim Muntasir,6,/profiles/3178/fahim-muntasir
5414,Craig White,9,/profiles/5414/craig-white
3953,Ajay Ratra,2,/profiles/3953/ajay-ratra
1814,Sanjay Bangar,2,/profiles/1814/sanjay-bangar
4727,Mark Waugh,4,/profiles/4727/mark-waugh
2233,Claude Henderson,11,/profiles/2233/claude-henderson
3182,Rafiqul Islam,6,/profiles/3182/rafiqul-islam
3894,Javagal Srinath,2,/profiles/3894/javagal-srinath
6232,Gareth Breese,10,/profiles/6232/gareth-breese
3408,Alistair Campbell,12,/profiles/3408/alistair-campbell
3406,Andy Flower,12,/profiles/3406/andy-flower
3421,Guy Whittall,12,/profiles/3421/guy-whittall
3427,Henry Olonga,12,/profiles/3427/henry-olonga
3737,Saleem Elahi,3,/profiles/3737/saleem-elahi
4610,Steve Elworthy,11,/profiles/4610/steve-elworthy
518,Hasantha Fernando,5,/profiles/518/hasantha-fernando
3185,Anwar Hossain,6,/profiles/3185/anwar-hossain
3156,Naimur Rahman,6,/profiles/3156/naimur-rahman
1846,Tinu Yohannan,2,/profiles/1846/tinu-yohannan
3750,Mohammad Zahid,3,/profiles/3750/mohammad-zahid
5446,Richard Dawson,9,/profiles/5446/richard-dawson
5429,Chris Silverwood,9,/profiles/5429/chris-silverwood
1914,James Foster,9,/profiles/1914/james-foster
5385,Mike Atherton,9,/profiles/5385/mike-atherton
5443,Ian Ward,9,/profiles/5443/ian-ward
206,Azhar Mahmood,3,/profiles/206/azhar-mahmood
5420,Nick Knight,9,/profiles/5420/nick-knight
3444,Brian Murphy,12,/profiles/3444/brian-murphy
3493,Brighton Watambwa,12,/profiles/3493/brighton-watambwa
3951,Shiv Sunder Das,2,/profiles/3951/shiv-sunder-das
3943,Hemang Badani,2,/profiles/3943/hemang-badani
3941,Sameer Dighe,2,/profiles/3941/sameer-dighe
3935,Sadagoppan Ramesh,2,/profiles/3935/sadagoppan-ramesh
3426,Bryan Strang,12,/profiles/3426/bryan-strang
4234,Neil McGarrell,10,/profiles/4234/neil-mcgarrell
4252,Colin Stuart,10,/profiles/4252/colin-stuart
4251,Marlon Black,10,/profiles/4251/marlon-black
5444,Usman Afzaal,9,/profiles/5444/usman-afzaal
4736,Michael Slater,4,/profiles/4736/michael-slater
5396,Mark Ramprakash,9,/profiles/5396/mark-ramprakash
5428,Robert Croft,9,/profiles/5428/robert-croft
5424,Alan Mullally,9,/profiles/5424/alan-mullally
5445,Jimmy Ormond,9,/profiles/5445/jimmy-ormond
5394,Phil Tufnell,9,/profiles/5394/phil-tufnell
3561,Dulip Liyanage,5,/profiles/3561/dulip-liyanage
3921,Sairaj Bahutule,2,/profiles/3921/sairaj-bahutule
2140,Venkatesh Prasad,2,/profiles/2140/venkatesh-prasad
3589,Suresh Perera,5,/profiles/3589/suresh-perera
3919,Harvinder Singh,2,/profiles/3919/harvinder-singh
3424,Paul Strang,12,/profiles/3424/paul-strang
598,Gary Brent,12,/profiles/598/gary-brent
3446,Dougie Marillier,12,/profiles/3446/dougie-marillier
3952,Deep Dasgupta,2,/profiles/3952/deep-dasgupta
3590,Niroshan Bandaratilleke,5,/profiles/3590/niroshan-bandaratilleke
4230,Dinanath Ramnarine,10,/profiles/4230/dinanath-ramnarine
4070,Adam Parore,13,/profiles/4070/adam-parore
4069,Dion Nash,13,/profiles/4069/dion-nash
4094,Shayne OConnor,13,/profiles/4094/shayne-oconnor
3956,Sarandeep Singh,2,/profiles/3956/sarandeep-singh
5625,Iqbal Siddiqui,2,/profiles/5625/iqbal-siddiqui
4100,Chris Drum,13,/profiles/4100/chris-drum
3153,Hasibul Hossain,6,/profiles/3153/hasibul-hossain
4582,Allan Donald,11,/profiles/4582/allan-donald
3433,Gavin Rennie,12,/profiles/3433/gavin-rennie
3740,Shadab Kabir,3,/profiles/3740/shadab-kabir
3776,Naved Latif,3,/profiles/3776/naved-latif
4217,Sherwin Campbell,10,/profiles/4217/sherwin-campbell
3571,Ravindra Pushpakumara,5,/profiles/3571/ravindra-pushpakumara
322,Andre Adams,13,/profiles/322/andre-adams
4215,Stuart Williams,10,/profiles/4215/stuart-williams
4210,Junior Murray,10,/profiles/4210/junior-murray
14605,Akeem Jordan,10,
8543,Nasum Ahmed ,6,
5439,Aftab Habib,9,/profiles/5439/aftab-habib
4086,Roger Twose,13,/profiles/4086/roger-twose
4068,Simon Doull,13,/profiles/4068/simon-doull
4089,Geoff Allott,13,/profiles/4089/geoff-allott
5431,Dean Headley,9,/profiles/5431/dean-headley
5395,Graeme Hick,9,/profiles/5395/graeme-hick
5407,Peter Such,9,/profiles/5407/peter-such
773,Darren Maddy,9,/profiles/773/darren-maddy
5423,Ronnie Irani,9,/profiles/5423/ronnie-irani
5440,Ed Giddins,9,/profiles/5440/ed-giddins
3517,Arjuna Ranatunga,5,/profiles/3517/arjuna-ranatunga
4744,Greg Blewett,4,/profiles/4744/greg-blewett
4724,Ian Healy,4,/profiles/4724/ian-healy
6076,Colin Miller,4,/profiles/6076/colin-miller
4737,Damien Fleming,4,/profiles/4737/damien-fleming
3438,Murray Goodwin,12,/profiles/3438/murray-goodwin
3441,Neil Johnson,12,/profiles/3441/neil-johnson
3940,Devang Gandhi,2,/profiles/3940/devang-gandhi
3938,Vijay Bharadwaj,2,/profiles/3938/vijay-bharadwaj
3928,Mannava Prasad,2,/profiles/3928/mannava-prasad
1808,Sunil Joshi,2,/profiles/1808/sunil-joshi
4087,Craig Spearman,13,/profiles/4087/craig-spearman
3898,Ajay Jadeja,2,/profiles/3898/ajay-jadeja
4607,Adam Bacher,11,/profiles/4607/adam-bacher
4597,Daryll Cullinan,11,/profiles/4597/daryll-cullinan
4581,Hansie Cronje,11,/profiles/4581/hansie-cronje
4594,Jonty Rhodes,11,/profiles/4594/jonty-rhodes
3434,Pommie Mbangwa,12,/profiles/3434/pommie-mbangwa
6078,Scott Muller,4,/profiles/6078/scott-muller
3749,Mohammad Wasim,3,/profiles/3749/mohammad-wasim
3695,Ijaz Ahmed,3,/profiles/3695/ijaz-ahmed
3760,Wajahatullah Wasti,3,/profiles/3760/wajahatullah-wasti
3736,Mohammad Akram,3,/profiles/3736/mohammad-akram
3431,Andy Whittall,12,/profiles/3431/andy-whittall
1746,Indika de Saram,5,/profiles/1746/indika-de-saram
3597,Indika Gallage,5,/profiles/3597/indika-gallage
3558,Pramodya Wickramasinghe,5,/profiles/3558/pramodya-wickramasinghe
3435,Everton Matambanadzo,12,/profiles/3435/everton-matambanadzo
3400,Eddo Brandes,12,/profiles/3400/eddo-brandes
4227,Adrian Griffith,10,/profiles/4227/adrian-griffith
4211,Jimmy Adams,10,/profiles/4211/jimmy-adams
4229,Franklyn Rose,10,/profiles/4229/franklyn-rose
4194,Courtney Walsh,10,/profiles/4194/courtney-walsh
4240,Nehemiah Perry,10,/profiles/4240/nehemiah-perry
3922,Hrishikesh Kanitkar,2,/profiles/3922/hrishikesh-kanitkar
5441,Chris Adams,9,/profiles/5441/chris-adams
645,Gavin Hamilton,9,/profiles/645/gavin-hamilton
3901,Nayan Mongia,2,/profiles/3901/nayan-mongia
4613,Pieter Strydom,11,/profiles/4613/pieter-strydom
4598,Clive Eksteen,11,/profiles/4598/clive-eksteen
3864,Mohammad Azharuddin,2,/profiles/3864/mohammad-azharuddin
3929,Nikhil Chopra,2,/profiles/3929/nikhil-chopra
3715,Aamer Sohail,3,/profiles/3715/aamer-sohail
3769,Atiq-uz-Zaman,3,/profiles/3769/atiq-uz-zaman
5819,Naved Ashraf,3,/profiles/5819/naved-ashraf
3768,Irfan Fazil,3,/profiles/3768/irfan-fazil
4202,Sir Curtly Ambrose,10,/profiles/4202/sir-curtly-ambrose
4225,Nixon McLean,10,/profiles/4225/nixon-mclean
774,Chris Schofield,9,/profiles/774/chris-schofield
3443,David Mutendera,12,/profiles/3443/david-mutendera
3220,Ranjan Das,6,/profiles/3220/ranjan-das
3914,Saba Karim,2,/profiles/3914/saba-karim
3945,Vijay Dahiya,2,/profiles/3945/vijay-dahiya
3436,Dirk Viljoen,12,/profiles/3436/dirk-viljoen
5820,Qaiser Abbas,3,/profiles/5820/qaiser-abbas
5401,Ian Salisbury,9,/profiles/5401/ian-salisbury
4125,Kerry Walmsley,13,/profiles/4125/kerry-walmsley
4614,Mfuneko Ngam,11,/profiles/4614/mfuneko-ngam
3439,Trevor Madondo,12,/profiles/3439/trevor-madondo
5634,Dinuka Hettiarachchi,5,/profiles/5634/dinuka-hettiarachchi
3923,Rahul Sanghvi,2,/profiles/3923/rahul-sanghvi
3888,Venkatapathy Raju,2,/profiles/3888/venkatapathy-raju
3918,Nilesh Kulkarni,2,/profiles/3918/nilesh-kulkarni
4061,Grant Bradburn,13,/profiles/4061/grant-bradburn
3771,Humayun Farhat,3,/profiles/3771/humayun-farhat
4253,Leon Garrick,10,/profiles/4253/leon-garrick
10276,Ishan Kishan,2,
12319,Innocent Kaia,12,/profiles/12319/innocent-kaia
25329,Kudzai Maunze,12,
4212,Roland Holder,10,/profiles/4212/roland-holder
4203,Ian Bishop,10,/profiles/4203/ian-bishop
3538,Roshan Mahanama,5,/profiles/3538/roshan-mahanama
3582,Sajeewa de Silva,5,/profiles/3582/sajeewa-de-silva
3575,Sanjeeva Ranatunga,5,/profiles/3575/sanjeeva-ranatunga
3577,Jayantha Silva,5,/profiles/3577/jayantha-silva
3874,Navjot Sidhu,2,/profiles/3874/navjot-sidhu
3900,Rajesh Chauhan,2,/profiles/3900/rajesh-chauhan
3916,Abey Kuruvilla,2,/profiles/3916/abey-kuruvilla
3920,Debasis Mohanty,2,/profiles/3920/debasis-mohanty
5426,Mark Ealham,9,/profiles/5426/mark-ealham
5386,Devon Malcolm,9,/profiles/5386/devon-malcolm
4729,Mark Taylor,4,/profiles/4729/mark-taylor
4738,Michael Bevan,4,/profiles/4738/michael-bevan
4730,Paul Reiffel,4,/profiles/4730/paul-reiffel
5432,Mike Smith,9,/profiles/5432/mike-smith
5433,Adam Hollioake,9,/profiles/5433/adam-hollioake
5434,Ben Hollioake,9,/profiles/5434/ben-hollioake
5417,Peter Martin,9,/profiles/5417/peter-martin
6074,Shaun Young,4,/profiles/6074/shaun-young
3392,Dave Houghton,12,/profiles/3392/dave-houghton
3419,John Rennie,12,/profiles/3419/john-rennie
3437,Adam Huckle,12,/profiles/3437/adam-huckle
5752,Blair Pocock,13,/profiles/5752/blair-pocock
4081,Heath Davis,13,/profiles/4081/heath-davis
5754,David Sewell,13,/profiles/5754/david-sewell
5815,Ali Naqvi,3,/profiles/5815/ali-naqvi
5816,Mohammad Ramzan,3,/profiles/5816/mohammad-ramzan
4593,Brian McMillan,11,/profiles/4593/brian-mcmillan
4587,Dave Richardson,11,/profiles/4587/dave-richardson
4599,Pat Symcox,11,/profiles/4599/pat-symcox
4595,Brett Schultz,11,/profiles/4595/brett-schultz
5817,Ali Hussain Rizvi,3,/profiles/5817/ali-hussain-rizvi
4065,Bryan Young,13,/profiles/4065/bryan-young
6075,Simon Cook,4,/profiles/6075/simon-cook
3584,Lanka de Silva,5,/profiles/3584/lanka-de-silva
4200,Phil Simmons,10,/profiles/4200/phil-simmons
4201,David Williams,10,/profiles/4201/david-williams
4208,Philo Wallace,10,/profiles/4208/philo-wallace
3536,Don Anurasiri,5,/profiles/3536/don-anurasiri
4058,Mark Priest,13,/profiles/4058/mark-priest
4583,Andrew Hudson,11,/profiles/4583/andrew-hudson
4608,HD Ackerman,11,/profiles/4608/hd-ackerman
4600,Fanie de Villiers,11,/profiles/4600/fanie-de-villiers
5384,Angus Fraser,9,/profiles/5384/angus-fraser
4209,Kenny Benjamin,10,/profiles/4209/kenny-benjamin
5383,Jack Russell,9,/profiles/5383/jack-russell
3379,Clayton Lambert,10,/profiles/3379/clayton-lambert
4741,Gavin Robertson,4,/profiles/4741/gavin-robertson
4758,Paul Wilson,4,/profiles/4758/paul-wilson
4754,Adam Dale,4,/profiles/4754/adam-dale
4609,Gerhardus Liebenberg,11,/profiles/4609/gerhardus-liebenberg
3560,Ruwan Kalpage,5,/profiles/3560/ruwan-kalpage
5435,Steve James,9,/profiles/5435/steve-james
3884,Robin Singh,2,/profiles/3884/robin-singh
3673,Saleem Malik,3,/profiles/3673/saleem-malik
3753,Mohammad Hussain,3,/profiles/3753/mohammad-hussain
5818,Shakeel Ahmed,3,/profiles/5818/shakeel-ahmed
3702,Aaqib Javed,3,/profiles/3702/aaqib-javed
11124,Benjamin White,27,/profiles/11124/benjamin-white
39289,Murray Commins,27,/profiles/39289/murray-commins
6077,Matthew Nicholson,4,/profiles/6077/matthew-nicholson
5438,Warren Hegg,9,/profiles/5438/warren-hegg
5624,Robin Singh,2,/profiles/5624/robin-singh
4220,Ottis Gibson,10,/profiles/4220/ottis-gibson
3726,Nadeem Khan,3,/profiles/3726/nadeem-khan
3559,Chandika Hathurusingha,5,/profiles/3559/chandika-hathurusingha
6229,Suruj Ragoonath,10,/profiles/6229/suruj-ragoonath
6228,Dave Joseph,10,/profiles/6228/dave-joseph
6230,Lincoln Roberts,10,/profiles/6230/lincoln-roberts
5308,Graham Gooch,9,/profiles/5308/graham-gooch
5377,Robin Smith,9,/profiles/5377/robin-smith
5413,Steve Rhodes,9,/profiles/5413/steve-rhodes
5369,Phil DeFreitas,9,/profiles/5369/phil-defreitas
4071,Blair Hartland,13,/profiles/4071/blair-hartland
4041,Ken Rutherford,13,/profiles/4041/ken-rutherford
4031,Martin Crowe,13,/profiles/4031/martin-crowe
4057,Shane Thomson,13,/profiles/4057/shane-thomson
4055,Gavin Larsen,13,/profiles/4055/gavin-larsen
4078,Matthew Hart,13,/profiles/4078/matthew-hart
5404,Paul Taylor,9,/profiles/5404/paul-taylor
4059,Chris Pringle,13,/profiles/4059/chris-pringle
4075,Michael Owens,13,/profiles/4075/michael-owens
4051,Mark Greatbatch,13,/profiles/4051/mark-greatbatch
4590,Kepler Wessels,11,/profiles/4590/kepler-wessels
4584,Peter Kirsten,11,/profiles/4584/peter-kirsten
4596,Craig Matthews,11,/profiles/4596/craig-matthews
5416,Joey Benjamin,9,/profiles/5416/joey-benjamin
3535,Asanka Gurusinha,5,/profiles/3535/asanka-gurusinha
3565,Pubudu Dassanayake,5,/profiles/3565/pubudu-dassanayake
3556,Jayananda Warnaweera,5,/profiles/3556/jayananda-warnaweera
3694,Asif Mujtaba,3,/profiles/3694/asif-mujtaba
3724,Basit Ali,3,/profiles/3724/basit-ali
3708,Akram Raza,3,/profiles/3708/akram-raza
3567,Dulip Samaraweera,5,/profiles/3567/dulip-samaraweera
3730,Kabir Khan,3,/profiles/3730/kabir-khan
3414,Mark Dekker,12,/profiles/3414/mark-dekker
3407,Wayne James,12,/profiles/3407/wayne-james
3415,Stephen Peall,12,/profiles/3415/stephen-peall
3410,David Brain,12,/profiles/3410/david-brain
3402,Malcolm Jarvis,12,/profiles/3402/malcolm-jarvis
3713,Zahid Fazal,3,/profiles/3713/zahid-fazal
4702,David Boon,4,/profiles/4702/david-boon
4740,Jo Angel,4,/profiles/4740/jo-angel
4721,Tim May,4,/profiles/4721/tim-may
3700,Aamer Malik,3,/profiles/3700/aamer-malik
3689,Mohsin Kamal,3,/profiles/3689/mohsin-kamal
4704,Craig McDermott,4,/profiles/4704/craig-mcdermott
4742,Phil Emery,4,/profiles/4742/phil-emery
3860,Manoj Prabhakar,2,/profiles/3860/manoj-prabhakar
3893,Vinod Kambli,2,/profiles/3893/vinod-kambli
3879,Sanjay Manjrekar,2,/profiles/3879/sanjay-manjrekar
4204,Keith Arthurton,10,/profiles/4204/keith-arthurton
4218,Rajindra Dhanraj,10,/profiles/4218/rajindra-dhanraj
683,Anderson Cummins,10,/profiles/683/anderson-cummins
3905,Aashish Kapoor,2,/profiles/3905/aashish-kapoor
4589,Richard Snell,11,/profiles/4589/richard-snell
4082,Darrin Murray,13,/profiles/4082/darrin-murray
4077,Richard de Groen,13,/profiles/4077/richard-de-groen
4602,John Commins,11,/profiles/4602/john-commins
4603,Steven Jack,11,/profiles/4603/steven-jack
4049,Danny Morrison,13,/profiles/4049/danny-morrison
4604,Rudi Steyn,11,/profiles/4604/rudi-steyn
3725,Aamer Nazir,3,/profiles/3725/aamer-nazir
5324,Mike Gatting,9,/profiles/5324/mike-gatting
5410,Martin McCague,9,/profiles/5410/martin-mccague
6073,Peter McIntyre,4,/profiles/6073/peter-mcintyre
5391,Chris Lewis,9,/profiles/5391/chris-lewis
4048,Andrew Jones,13,/profiles/4048/andrew-jones
4198,Winston Benjamin,10,/profiles/4198/winston-benjamin
4067,Murphy Sua,13,/profiles/4067/murphy-sua
3731,Shakeel Ahmed,3,/profiles/3731/shakeel-ahmed
3684,Manzoor Elahi,3,/profiles/3684/manzoor-elahi
3387,Iain Butchart,12,/profiles/3387/iain-butchart
4047,Dipak Patel,13,/profiles/4047/dipak-patel
3580,Chamara Dunusinghe,5,/profiles/3580/chamara-dunusinghe
4190,Richie Richardson,10,/profiles/4190/richie-richardson
4734,Brendon Julian,4,/profiles/4734/brendon-julian
5398,Richard Illingworth,9,/profiles/5398/richard-illingworth
5419,Jason Gallian,9,/profiles/5419/jason-gallian
5421,Mike Watkinson,9,/profiles/5421/mike-watkinson
5327,John Emburey,9,/profiles/5327/john-emburey
5422,Alan Wells,9,/profiles/5422/alan-wells
3691,Ramiz Raja,3,/profiles/3691/ramiz-raja
3687,Shoaib Mohammad,3,/profiles/3687/shoaib-mohammad
3752,Ijaz Ahmed,3,/profiles/3752/ijaz-ahmed
3721,Ata-ur-Rehman,3,/profiles/3721/ata-ur-rehman
3429,Charlie Lock,12,/profiles/3429/charlie-lock
4083,Lee Germon,13,/profiles/4083/lee-germon
4073,Mark Haslam,13,/profiles/4073/mark-haslam
3880,Narendra Hirwani,2,/profiles/3880/narendra-hirwani
4586,Meyrick Pringle,11,/profiles/4586/meyrick-pringle
5408,Mark Ilott,9,/profiles/5408/mark-ilott
5753,Greg Loveridge,13,/profiles/5753/greg-loveridge
4088,Robert Kennedy,13,/profiles/4088/robert-kennedy
4743,Stuart Law,4,/profiles/4743/stuart-law
4226,Robert Samuels,10,/profiles/4226/robert-samuels
4228,Patterson Thompson,10,/profiles/4228/patterson-thompson
4072,Justin Vaughan,13,/profiles/4072/justin-vaughan
5425,Min Patel,9,/profiles/5425/min-patel
3909,Vikram Rathour,2,/profiles/3909/vikram-rathour
3910,Paras Mhambrey,2,/profiles/3910/paras-mhambrey
5427,Simon Brown,9,/profiles/5427/simon-brown
3393,Ali Shah,12,/profiles/3393/ali-shah
2148,David Johnson,2,/profiles/2148/david-johnson
3747,Azam Khan,3,/profiles/3747/azam-khan
3748,Zahoor Elahi,3,/profiles/3748/zahoor-elahi
35640,Dushan Hemantha,5,
3876,Woorkeri Raman,2,/profiles/3876/woorkeri-raman
3401,Andy Waller,12,/profiles/3401/andy-waller
3915,Dodda Ganesh,2,/profiles/3915/dodda-ganesh
5341,Allan Lamb,9,/profiles/5341/allan-lamb
5342,Derek Pringle,9,/profiles/5342/derek-pringle
5397,Steve Watkin,9,/profiles/5397/steve-watkin
4174,Desmond Haynes,10,/profiles/4174/desmond-haynes
4163,Sir Viv Richards,10,/profiles/4163/sir-viv-richards
4186,Gus Logie,10,/profiles/4186/gus-logie
4185,Jeff Dujon,10,/profiles/4185/jeff-dujon
4182,Malcolm Marshall,10,/profiles/4182/malcolm-marshall
4196,Patrick Patterson,10,/profiles/4196/patrick-patterson
6227,Ian Allen,10,/profiles/6227/ian-allen
5381,David Lawrence,9,/profiles/5381/david-lawrence
5399,Hugh Morris,9,/profiles/5399/hugh-morris
5321,Sir Ian Botham,9,/profiles/5321/sir-ian-botham
3528,Brendon Kuruppu,5,/profiles/3528/brendon-kuruppu
3521,Rumesh Ratnayake,5,/profiles/3521/rumesh-ratnayake
3542,Champaka Ramanayake,5,/profiles/3542/champaka-ramanayake
3549,Kapila Wijegunawardene,5,/profiles/3549/kapila-wijegunawardene
3664,Javed Miandad,3,/profiles/3664/javed-miandad
3647,Imran Khan,3,/profiles/3647/imran-khan
3529,Athula Samarasekera,5,/profiles/3529/athula-samarasekera
3693,Saleem Jaffar,3,/profiles/3693/saleem-jaffar
4713,Geoff Marsh,4,/profiles/4713/geoff-marsh
4672,Allan Border,4,/profiles/4672/allan-border
4701,Dean Jones,4,/profiles/4701/dean-jones
4718,Peter Taylor,4,/profiles/4718/peter-taylor
4726,Merv Hughes,4,/profiles/4726/merv-hughes
4698,Mike Whitney,4,/profiles/4698/mike-whitney
3849,Ravi Shastri,2,/profiles/3849/ravi-shastri
3850,Kris Srikkanth,2,/profiles/3850/kris-srikkanth
3832,Dilip Vengsarkar,2,/profiles/3832/dilip-vengsarkar
3838,Kapil Dev,2,/profiles/3838/kapil-dev
3863,Kiran More,2,/profiles/3863/kiran-more
4711,Bruce Reid,4,/profiles/4711/bruce-reid
3870,Chandrakant Pandit,2,/profiles/3870/chandrakant-pandit
3896,Subroto Banerjee,2,/profiles/3896/subroto-banerjee
6072,Wayne Phillips,4,/profiles/6072/wayne-phillips
4720,Tom Moody,4,/profiles/4720/tom-moody
4019,John Wright,13,/profiles/4019/john-wright
4029,Ian Smith,13,/profiles/4029/ian-smith
5400,Dermot Reeve,9,/profiles/5400/dermot-reeve
4045,Willie Watson,13,/profiles/4045/willie-watson
4064,Rod Latham,13,/profiles/4064/rod-latham
4588,Mark Rushmere,11,/profiles/4588/mark-rushmere
4585,Adrian Kuiper,11,/profiles/4585/adrian-kuiper
4580,Tertius Bosch,11,/profiles/4580/tertius-bosch
5326,David Gower,9,/profiles/5326/david-gower
5402,Tim Munton,9,/profiles/5402/tim-munton
5403,Neil Mallender,9,/profiles/5403/neil-mallender
3548,Ranjith Madurasinghe,5,/profiles/3548/ranjith-madurasinghe
4700,Greg Matthews,4,/profiles/4700/greg-matthews
4723,Tony Dodemaide,4,/profiles/4723/tony-dodemaide
3403,Kevin Arnott,12,/profiles/3403/kevin-arnott
3395,Andy Pycroft,12,/profiles/3395/andy-pycroft
3409,Mark Burmester,12,/profiles/3409/mark-burmester
3411,Gary Crocker,12,/profiles/3411/gary-crocker
3397,John Traicos,12,/profiles/3397/john-traicos
3562,Gamini Wickremasinghe,5,/profiles/3562/gamini-wickremasinghe
4591,Jimmy Cook,11,/profiles/4591/jimmy-cook
4592,Omar Henry,11,/profiles/4592/omar-henry
3895,Pravin Amre,2,/profiles/3895/pravin-amre
5372,Neil Fairbrother,9,/profiles/5372/neil-fairbrother
5374,Paul Jarvis,9,/profiles/5374/paul-jarvis
5405,Richard Blakey,9,/profiles/5405/richard-blakey
4044,Tony Blain,13,/profiles/4044/tony-blain
3899,Vijay Yadav,2,/profiles/3899/vijay-yadav
3856,Maninder Singh,2,/profiles/3856/maninder-singh
3418,Gavin Briant,12,/profiles/3418/gavin-briant
3417,Ujesh Ranchod,12,/profiles/3417/ujesh-ranchod
3537,Ashley de Silva,5,/profiles/3537/ashley-de-silva
5349,Neil Foster,9,/profiles/5349/neil-foster
5409,Mark Lathwell,9,/profiles/5409/mark-lathwell
5379,Matthew Maynard,9,/profiles/5379/matthew-maynard
5633,Piyal Wijetunge,5,/profiles/5633/piyal-wijetunge
4189,Roger Harper,10,/profiles/4189/roger-harper
15814,Kirk McKenzie,10,/profiles/15814/kirk-mckenzie
44123,Zachary McCaskie,10,
3676,Tauseef Ahmed,3,/profiles/3676/tauseef-ahmed
3422,Glen Bruk-Jackson,12,/profiles/3422/glen-bruk-jackson
3729,Ashfaq Ahmed,3,/profiles/3729/ashfaq-ahmed
5814,Atif Rauf,3,/profiles/5814/atif-rauf
5387,Alan Igglesden,9,/profiles/5387/alan-igglesden
14211,Shahadat Hossain,6,
22781,Musfik Hasan,6,
12320,Mohammad Ibrahim,96,
21781,Izharulhaq Naveed,96,
11813,Ruturaj Gaikwad,2,
10754,Mukesh Kumar,2,
5358,Tim Robinson,9,/profiles/5358/tim-robinson
5335,Paul Downton,9,/profiles/5335/paul-downton
5356,Richard Ellison,9,/profiles/5356/richard-ellison
5330,Graham Dilley,9,/profiles/5330/graham-dilley
5311,Phil Edmonds,9,/profiles/5311/phil-edmonds
3817,Sunil Gavaskar,2,/profiles/3817/sunil-gavaskar
3827,Mohinder Amarnath,2,/profiles/3827/mohinder-amarnath
3843,Roger Binny,2,/profiles/3843/roger-binny
3858,Chetan Sharma,2,/profiles/3858/chetan-sharma
5363,Wilf Slack,9,/profiles/5363/wilf-slack
5350,Chris Smith,9,/profiles/5350/chris-smith
5334,Bill Athey,9,/profiles/5334/bill-athey
5364,Bruce French,9,/profiles/5364/bruce-french
5318,John Lever,9,/profiles/5318/john-lever
3818,Madan Lal,2,/profiles/3818/madan-lal
5365,Mark Benson,9,/profiles/5365/mark-benson
5366,Neal Radford,9,/profiles/5366/neal-radford
5367,Martyn Moxon,9,/profiles/5367/martyn-moxon
5315,Peter Willey,9,/profiles/5315/peter-willey
4021,Bruce Edgar,13,/profiles/4021/bruce-edgar
4033,Jeff Crowe,13,/profiles/4033/jeff-crowe
4022,Jeremy Coney,13,/profiles/4022/jeremy-coney
4039,Evan Gray,13,/profiles/4039/evan-gray
3997,Sir Richard Hadlee,13,/profiles/3997/sir-richard-hadlee
4037,John Bracewell,13,/profiles/4037/john-bracewell
5362,Greg Thomas,9,/profiles/5362/greg-thomas
5368,Gladstone Small,9,/profiles/5368/gladstone-small
4038,Derek Stirling,13,/profiles/4038/derek-stirling
4025,Ewen Chatfield,13,/profiles/4025/ewen-chatfield
3869,Shivlal Yadav,2,/profiles/3869/shivlal-yadav
4642,Ray Bright,4,/profiles/4642/ray-bright
4691,Greg Ritchie,4,/profiles/4691/greg-ritchie
4715,Tim Zoehrer,4,/profiles/4715/tim-zoehrer
4710,Dave Gilbert,4,/profiles/4710/dave-gilbert
3859,Raju Kulkarni,2,/profiles/3859/raju-kulkarni
3651,Mohsin Khan,3,/profiles/3651/mohsin-khan
3655,Mudassar Nazar,3,/profiles/3655/mudassar-nazar
3680,Qasim Umar,3,/profiles/3680/qasim-umar
3678,Abdul Qadir,3,/profiles/3678/abdul-qadir
3675,Saleem Yousuf,3,/profiles/3675/saleem-yousuf
4165,Sir Gordon Greenidge,10,/profiles/4165/sir-gordon-greenidge
4177,Larry Gomes,10,/profiles/4177/larry-gomes
4195,Tony Gray,10,/profiles/4195/tony-gray
3672,Rizwan-uz-Zaman,3,/profiles/3672/rizwan-uz-zaman
6226,Clyde Butts,10,/profiles/6226/clyde-butts
3871,Raman Lamba,2,/profiles/3871/raman-lamba
3873,Bharat Arun,2,/profiles/3873/bharat-arun
3516,Sidath Wettimuny,5,/profiles/3516/sidath-wettimuny
3518,Ravi Ratnayeke,5,/profiles/3518/ravi-ratnayeke
3509,Roy Dias,5,/profiles/3509/roy-dias
3499,Duleep Mendis,5,/profiles/3499/duleep-mendis
3522,Guy de Alwis,5,/profiles/3522/guy-de-alwis
3514,Ashantha de Mel,5,/profiles/3514/ashantha-de-mel
3545,Asoka De Silva,5,/profiles/3545/asoka-de-silva
3543,Graeme Labrooy,5,/profiles/3543/graeme-labrooy
5631,Roshan Jurangpathy,5,/profiles/5631/roshan-jurangpathy
6070,Chris Matthews,4,/profiles/6070/chris-matthews
5353,Chris Broad,9,/profiles/5353/chris-broad
5370,Jack Richards,9,/profiles/5370/jack-richards
4686,Geoff Lawson,4,/profiles/4686/geoff-lawson
6069,Peter Sleep,4,/profiles/6069/peter-sleep
4716,Greg Dyer,4,/profiles/4716/greg-dyer
5371,James Whitaker,9,/profiles/5371/james-whitaker
4690,Dirk Wellham,4,/profiles/4690/dirk-wellham
4018,Stephen Boock,13,/profiles/4018/stephen-boock
4167,Michael Holding,10,/profiles/4167/michael-holding
4170,Joel Garner,10,/profiles/4170/joel-garner
4046,Phil Horne,13,/profiles/4046/phil-horne
4028,Martin Snedden,13,/profiles/4028/martin-snedden
3852,Arun Lal,2,/profiles/3852/arun-lal
3868,Gopal Sharma,2,/profiles/3868/gopal-sharma
3696,Younis Ahmed,3,/profiles/3696/younis-ahmed
3658,Iqbal Qasim,3,/profiles/3658/iqbal-qasim
3668,Ijaz Faqih,3,/profiles/3668/ijaz-faqih
3513,Ranjan Madugalle,5,/profiles/3513/ranjan-madugalle
5632,Kosala Kuruppuarachchi,5,/profiles/5632/kosala-kuruppuarachchi
3663,Mansoor Akhtar,3,/profiles/3663/mansoor-akhtar
5373,David Capel,9,/profiles/5373/david-capel
3667,Ashraf Ali,3,/profiles/3667/ashraf-ali
5348,Nick Cook,9,/profiles/5348/nick-cook
5344,Eddie Hemmings,9,/profiles/5344/eddie-hemmings
4719,Mike Veletta,4,/profiles/4719/mike-veletta
3875,Arshad Ayub,2,/profiles/3875/arshad-ayub
4187,Winston Davis,10,/profiles/4187/winston-davis
3877,Ajay Sharma,2,/profiles/3877/ajay-sharma
3547,Sanath Kaluperuma,5,/profiles/3547/sanath-kaluperuma
3541,Kaushik Amalean,5,/profiles/3541/kaushik-amalean
4036,Trevor Franklin,13,/profiles/4036/trevor-franklin
4054,Bert Vance,13,/profiles/4054/bert-vance
5375,John Childs,9,/profiles/5375/john-childs
5376,Tim Curtis,9,/profiles/5376/tim-curtis
5357,Chris Cowdrey,9,/profiles/5357/chris-cowdrey
5378,Rob Bailey,9,/profiles/5378/rob-bailey
5380,Kim Barnett,9,/profiles/5380/kim-barnett
5382,Phil Newport,9,/profiles/5382/phil-newport
3533,Amal Silva,5,/profiles/3533/amal-silva
4669,Graeme Wood,4,/profiles/4669/graeme-wood
4052,Chris Kuggeleijn,13,/profiles/4052/chris-kuggeleijn
3882,Rashid Patel,2,/profiles/3882/rashid-patel
3878,Sanjeev Sharma,2,/profiles/3878/sanjeev-sharma
4689,Terry Alderman,4,/profiles/4689/terry-alderman
6071,Trevor Hohns,4,/profiles/6071/trevor-hohns
3883,Margashayam Venkataramana,2,/profiles/3883/margashayam-venkataramana
4728,Greg Campbell,4,/profiles/4728/greg-campbell
5333,Chris Tavare,9,/profiles/5333/chris-tavare
5388,John Stephenson,9,/profiles/5388/john-stephenson
4693,Carl Rackemann,4,/profiles/4693/carl-rackemann
3705,Shahid Saeed,3,/profiles/3705/shahid-saeed
3885,Salil Ankola,2,/profiles/3885/salil-ankola
3683,Naved Anjum,3,/profiles/3683/naved-anjum
5812,Nadeem Abbasi,3,/profiles/5812/nadeem-abbasi
3886,Vivek Razdan,2,/profiles/3886/vivek-razdan
3677,Shahid Mahboob,3,/profiles/3677/shahid-mahboob
3686,Zakir Khan,3,/profiles/3686/zakir-khan
3554,Dammika Ranatunga,5,/profiles/3554/dammika-ranatunga
3710,Nadeem Ghauri,3,/profiles/3710/nadeem-ghauri
3889,Atul Wassan,2,/profiles/3889/atul-wassan
3890,Gursharan Singh,2,/profiles/3890/gursharan-singh
4197,Carlisle Best,10,/profiles/4197/carlisle-best
5331,Wayne Larkins,9,/profiles/5331/wayne-larkins
4206,Ezra Moseley,10,/profiles/4206/ezra-moseley
4188,Eldine Baptiste,10,/profiles/4188/eldine-baptiste
5392,John Morris,9,/profiles/5392/john-morris
5393,Neil Williams,9,/profiles/5393/neil-williams
4060,David White,13,/profiles/4060/david-white
5813,Masood Anwar,3,/profiles/5813/masood-anwar
3557,Charith Senanayake,5,/profiles/3557/charith-senanayake
13330,Dillon Pennington,9,
11447,Jeremiah Louis,10,
10471,Nisala Tharaka,5,
42740,Josh Hull,9,
47668,Harry Singh,9,
5269,Sir Geoff Boycott,9,/profiles/5269/sir-geoff-boycott
5310,Bob Woolmer,9,/profiles/5310/bob-woolmer
5295,Bob Willis,9,/profiles/5295/bob-willis
5306,Mike Hendrick,9,/profiles/5306/mike-hendrick
4683,John Dyson,4,/profiles/4683/john-dyson
4670,Graham Yallop,4,/profiles/4670/graham-yallop
4660,Kim Hughes,4,/profiles/4660/kim-hughes
4684,Trevor Chappell,4,/profiles/4684/trevor-chappell
4630,Rod Marsh,4,/profiles/4630/rod-marsh
4636,Dennis Lillee,4,/profiles/4636/dennis-lillee
4676,Rodney Hogg,4,/profiles/4676/rodney-hogg
5296,Bob Taylor,9,/profiles/5296/bob-taylor
5312,Mike Brearley,9,/profiles/5312/mike-brearley
5302,Chris Old,9,/profiles/5302/chris-old
4687,Martin Kent,4,/profiles/4687/martin-kent
5284,Alan Knott,9,/profiles/5284/alan-knott
5338,Paul Allott,9,/profiles/5338/paul-allott
5339,Paul Parker,9,/profiles/5339/paul-parker
4680,Bruce Laird,4,/profiles/4680/bruce-laird
4624,Greg Chappell,4,/profiles/4624/greg-chappell
4671,Bruce Yardley,4,/profiles/4671/bruce-yardley
4651,Jeff Thomson,4,/profiles/4651/jeff-thomson
3639,Majid Khan,3,/profiles/3639/majid-khan
3646,Wasim Raja,3,/profiles/3646/wasim-raja
3644,Sarfraz Nawaz,3,/profiles/3644/sarfraz-nawaz
3645,Wasim Bari,3,/profiles/3645/wasim-bari
3659,Sikander Bakht,3,/profiles/3659/sikander-bakht
3648,Zaheer Abbas,3,/profiles/3648/zaheer-abbas
4172,Faoud Bacchus,10,/profiles/4172/faoud-bacchus
4169,Colin Croft,10,/profiles/4169/colin-croft
4158,Sir Clive Lloyd,10,/profiles/4158/sir-clive-lloyd
4162,David Murray,10,/profiles/4162/david-murray
4164,Sir Andy Roberts,10,/profiles/4164/sir-andy-roberts
4176,Sylvester Clarke,10,/profiles/4176/sylvester-clarke
4658,Len Pascoe,4,/profiles/4658/len-pascoe
3823,Gundappa Viswanath,2,/profiles/3823/gundappa-viswanath
3845,Sandeep Patil,2,/profiles/3845/sandeep-patil
3842,Kirti Azad,2,/profiles/3842/kirti-azad
3830,Syed Kirmani,2,/profiles/3830/syed-kirmani
3844,Dilip Doshi,2,/profiles/3844/dilip-doshi
5286,Keith Fletcher,9,/profiles/5286/keith-fletcher
5280,Derek Underwood,9,/profiles/5280/derek-underwood
5620,Pranab Roy,2,/profiles/5620/pranab-roy
3839,Yashpal Sharma,2,/profiles/3839/yashpal-sharma
3853,Ashok Malhotra,2,/profiles/3853/ashok-malhotra
3505,Bandula Warnapura,5,/profiles/3505/bandula-warnapura
3495,Somachandra De Silva,5,/profiles/3495/somachandra-de-silva
3498,Lalith Kaluperuma,5,/profiles/3498/lalith-kaluperuma
3530,Mahes Goonatilleke,5,/profiles/3530/mahes-goonatilleke
3507,Ajit de Silva,5,/profiles/3507/ajit-de-silva
5340,Geoff Cook,9,/profiles/5340/geoff-cook
4011,John Morrison,13,/profiles/4011/john-morrison
4010,Geoff Howarth,13,/profiles/4010/geoff-howarth
4006,Lance Cairns,13,/profiles/4006/lance-cairns
4017,Gary Troup,13,/profiles/4017/gary-troup
3657,Haroon Rasheed,3,/profiles/3657/haroon-rasheed
3671,Tahir Naqqash,3,/profiles/3671/tahir-naqqash
3669,Rashid Khan,3,/profiles/3669/rashid-khan
3502,Anura Ranasinghe,5,/profiles/3502/anura-ranasinghe
3515,Rohan Jayasekera,5,/profiles/3515/rohan-jayasekera
3519,Roger Wijesuriya,5,/profiles/3519/roger-wijesuriya
5319,Derek Randall,9,/profiles/5319/derek-randall
3854,Ghulam Parkar,2,/profiles/3854/ghulam-parkar
5316,Geoff Miller,9,/profiles/5316/geoff-miller
3851,Suru Nayak,2,/profiles/3851/suru-nayak
5343,Ian Greig,9,/profiles/5343/ian-greig
5337,Robin Jackman,9,/profiles/5337/robin-jackman
5345,Graeme Fowler,9,/profiles/5345/graeme-fowler
5346,Vic Marks,9,/profiles/5346/vic-marks
5810,Ehteshamuddin,3,/profiles/5810/ehteshamuddin
5621,Rakesh Shukla,2,/profiles/5621/rakesh-shukla
3674,Jalal-ud-Din,3,/profiles/3674/jalal-ud-din
4655,David Hookes,4,/profiles/4655/david-hookes
5347,Norman Cowans,9,/profiles/5347/norman-cowans
13630,Nandre Burger,11,/profiles/13630/nandre-burger
9781,Avesh Khan,2,
3855,Balwinder Sandhu,2,/profiles/3855/balwinder-sandhu
3857,Thirumalai Sekhar,2,/profiles/3857/thirumalai-sekhar
4000,Glenn Turner,13,/profiles/4000/glenn-turner
4023,Warren Lees,13,/profiles/4023/warren-lees
3525,Mithra Wettimuny,5,/profiles/3525/mithra-wettimuny
3523,Susil Fernando,5,/profiles/3523/susil-fernando
3524,Yohan Goonasekera,5,/profiles/3524/yohan-goonasekera
3526,Sridharan Jeganathan,5,/profiles/3526/sridharan-jeganathan
3520,Vinothen John,5,/profiles/3520/vinothen-john
5628,Roshan Guneratne,5,/profiles/5628/roshan-guneratne
4699,Roger Woolley,4,/profiles/4699/roger-woolley
4695,Tom Hogan,4,/profiles/4695/tom-hogan
3828,Anshuman Gaekwad,2,/profiles/3828/anshuman-gaekwad
3822,Srinivas Venkataraghavan,2,/profiles/3822/srinivas-venkataraghavan
3867,Laxman Sivaramakrishnan,2,/profiles/3867/laxman-sivaramakrishnan
3679,Azeem Hafeez,3,/profiles/3679/azeem-hafeez
3665,Mohammad Nazir,3,/profiles/3665/mohammad-nazir
14308,Neil Brand,11,/profiles/14308/neil-brand
9763,Edward Moore,11,/profiles/9763/edward-moore
15852,Ruan de Swardt,11,/profiles/15852/ruan-de-swardt
9580,Clyde Fortuin,11,/profiles/9580/clyde-fortuin
10679,Tshepo Moreki,11,/profiles/10679/tshepo-moreki
17026,Mihlali Mpongwana,11,
5622,Raghuram Bhat,2,/profiles/5622/raghuram-bhat
4173,Wayne Daniel,10,/profiles/4173/wayne-daniel
4692,Wayne Phillips,4,/profiles/4692/wayne-phillips
4694,John Maguire,4,/profiles/4694/john-maguire
5351,Tony Pigott,9,/profiles/5351/tony-pigott
3682,Anil Dalpat,3,/profiles/3682/anil-dalpat
5629,Jayantha Amerasinghe,5,/profiles/5629/jayantha-amerasinghe
4027,John Reid,13,/profiles/4027/john-reid
4697,Steve Smith,4,/profiles/4697/steve-smith
4192,Milton Small,10,/profiles/4192/milton-small
5352,Andy Lloyd,9,/profiles/5352/andy-lloyd
5354,Paul Terry,9,/profiles/5354/paul-terry
5285,Pat Pocock,9,/profiles/5285/pat-pocock
5355,Jonathan Agnew,9,/profiles/5355/jonathan-agnew
4026,Paul McEwan,13,/profiles/4026/paul-mcewan
4706,Bob Holland,4,/profiles/4706/bob-holland
4666,Steve Rixon,4,/profiles/4666/steve-rixon
4675,Andrew Hilditch,4,/profiles/4675/andrew-hilditch
4703,Murray Bennett,4,/profiles/4703/murray-bennett
4020,Brendon Bracewell,13,/profiles/4020/brendon-bracewell
10636,Rajat Patidar,2,
18199,Tom Hartley,9,/profiles/18199/tom-hartley
4705,Simon ODonnell,4,/profiles/4705/simon-odonnell
5359,Arnie Sidebottom,9,/profiles/5359/arnie-sidebottom
5360,Les Taylor,9,/profiles/5360/les-taylor
3546,Saliya Ahangama,5,/profiles/3546/saliya-ahangama
3866,Lalchand Rajput,2,/profiles/3866/lalchand-rajput
3865,Sadanand Viswanath,2,/profiles/3865/sadanand-viswanath
5630,Sanjeewa Weerasinghe,5,/profiles/5630/sanjeewa-weerasinghe
4050,Vaughan Brown,13,/profiles/4050/vaughan-brown
4708,Robbie Kerr,4,/profiles/4708/robbie-kerr
4043,Stu Gillespie,13,/profiles/4043/stu-gillespie
4709,Simon Davis,4,/profiles/4709/simon-davis
4030,Gary Robertson,13,/profiles/4030/gary-robertson
3692,Zulqarnain,3,/profiles/3692/zulqarnain
5361,David Smith,9,/profiles/5361/david-smith
4193,Thelston Payne,10,/profiles/4193/thelston-payne
5262,John Edrich,9,/profiles/5262/john-edrich
5292,Brian Luckhurst,9,/profiles/5292/brian-luckhurst
5226,Sir Colin Cowdrey,9,/profiles/5226/sir-colin-cowdrey
5281,Dennis Amiss,9,/profiles/5281/dennis-amiss
5279,Basil D Oliveira,9,/profiles/5279/basil-d-oliveira
5236,Ray Illingworth,9,/profiles/5236/ray-illingworth
5294,Peter Lever,9,/profiles/5294/peter-lever
5293,Ken Shuttleworth,9,/profiles/5293/ken-shuttleworth
5290,Alan Ward,9,/profiles/5290/alan-ward
5803,Aftab Gul,3,/profiles/5803/aftab-gul
3642,Sadiq Mohammad,3,/profiles/3642/sadiq-mohammad
3640,Mushtaq Mohammad,3,/profiles/3640/mushtaq-mohammad
3636,Asif Iqbal,3,/profiles/3636/asif-iqbal
3638,Intikhab Alam,3,/profiles/3638/intikhab-alam
3637,Asif Masood,3,/profiles/3637/asif-masood
5793,Pervez Sajjad,3,/profiles/5793/pervez-sajjad
5297,Richard Hutton,9,/profiles/5297/richard-hutton
5270,Norman Gifford,9,/profiles/5270/norman-gifford
5268,John Price,9,/profiles/5268/john-price
3643,Saleem Altaf,3,/profiles/3643/saleem-altaf
5282,Robin Hobbs,9,/profiles/5282/robin-hobbs
5779,Saeed Ahmed,3,/profiles/5779/saeed-ahmed
5275,John Snow,9,/profiles/5275/john-snow
3826,Ashok Mankad,2,/profiles/3826/ashok-mankad
3824,Ajit Wadekar,2,/profiles/3824/ajit-wadekar
5601,Dilip Sardesai,2,/profiles/5601/dilip-sardesai
3816,Farokh Engineer,2,/profiles/3816/farokh-engineer
3821,Eknath Solkar,2,/profiles/3821/eknath-solkar
3814,Syed Abid Ali,2,/profiles/3814/syed-abid-ali
3815,Bishan Bedi,2,/profiles/3815/bishan-bedi
3833,Bhagwath Chandrasekhar,2,/profiles/3833/bhagwath-chandrasekhar
5298,John Jameson,9,/profiles/5298/john-jameson
4152,Roy Fredericks,10,/profiles/4152/roy-fredericks
6201,Joey Carew,10,/profiles/6201/joey-carew
4166,Lawrence Rowe,10,/profiles/4166/lawrence-rowe
6206,Charlie Davis,10,/profiles/6206/charlie-davis
4151,Maurice Foster,10,/profiles/4151/maurice-foster
4160,Sir Garry Sobers,10,/profiles/4160/sir-garry-sobers
6204,David Holford,10,/profiles/6204/david-holford
6209,Mike Findlay,10,/profiles/6209/mike-findlay
4153,Lance Gibbs,10,/profiles/4153/lance-gibbs
6210,Grayson Shillingford,10,/profiles/6210/grayson-shillingford
6215,Uton Dowe,10,/profiles/6215/uton-dowe
5731,Graham Dowling,13,/profiles/5731/graham-dowling
5742,Terry Jarvis,13,/profiles/5742/terry-jarvis
3992,Mark Burgess,13,/profiles/3992/mark-burgess
3995,Bev Congdon,13,/profiles/3995/bev-congdon
3998,Brian Hastings,13,/profiles/3998/brian-hastings
4002,Ken Wadsworth,13,/profiles/4002/ken-wadsworth
5739,Bob Cunis,13,/profiles/5739/bob-cunis
3999,Hedley Howarth,13,/profiles/3999/hedley-howarth
5709,Jack Alabaster,13,/profiles/5709/jack-alabaster
5749,Murray Webb,13,/profiles/5749/murray-webb
6214,Inshan Ali,10,/profiles/6214/inshan-ali
4154,Vanburn Holder,10,/profiles/4154/vanburn-holder
4001,Graham Vivian,13,/profiles/4001/graham-vivian
4005,Bruce Taylor,13,/profiles/4005/bruce-taylor
19771,James Rew,9,
5740,Ross Morgan,13,/profiles/5740/ross-morgan
6216,Geoff Greenidge,10,/profiles/6216/geoff-greenidge
4156,Alvin Kallicharran,10,/profiles/4156/alvin-kallicharran
6217,Tony Howard,10,/profiles/6217/tony-howard
6218,Raphick Jumadeen,10,/profiles/6218/raphick-jumadeen
5233,Mike Smith,9,/profiles/5233/mike-smith
5299,Tony Greig,9,/profiles/5299/tony-greig
5283,Geoff Arnold,9,/profiles/5283/geoff-arnold
4632,Keith Stackpole,4,/profiles/4632/keith-stackpole
6061,Bruce Francis,4,/profiles/6061/bruce-francis
4625,Ian Chappell,4,/profiles/4625/ian-chappell
4639,Graeme Watson,4,/profiles/4639/graeme-watson
4634,Doug Walters,4,/profiles/4634/doug-walters
6057,John Inverarity,4,/profiles/6057/john-inverarity
4640,David Colley,4,/profiles/4640/david-colley
6054,John Gleeson,4,/profiles/6054/john-gleeson
4635,Ross Edwards,4,/profiles/4635/ross-edwards
4637,Bob Massie,4,/profiles/4637/bob-massie
5257,Peter Parfitt,9,/profiles/5257/peter-parfitt
4638,Paul Sheahan,4,/profiles/4638/paul-sheahan
4629,Ashley Mallett,4,/profiles/4629/ashley-mallett
5300,Barry Wood,9,/profiles/5300/barry-wood
5289,John Hampshire,9,/profiles/5289/john-hampshire
4631,Ian Redpath,4,/profiles/4631/ian-redpath
6062,John Benaud,4,/profiles/6062/john-benaud
4657,Kerry OKeeffe,4,/profiles/4657/kerry-okeeffe
5805,Talat Ali,3,/profiles/5805/talat-ali
4646,Max Walker,4,/profiles/4646/max-walker
6063,John Watkins,4,/profiles/6063/john-watkins
3641,Nasim-ul-Ghani,3,/profiles/3641/nasim-ul-ghani
5615,Ramnath Parkar,2,/profiles/5615/ramnath-parkar
5291,Mike Denness,9,/profiles/5291/mike-denness
5301,Tony Lewis,9,/profiles/5301/tony-lewis
5288,Bob Cottam,9,/profiles/5288/bob-cottam
5594,Salim Durani,2,/profiles/5594/salim-durani
5603,Erapalli Prasanna,2,/profiles/5603/erapalli-prasanna
3837,Chetan Chauhan,2,/profiles/3837/chetan-chauhan
5602,Nawab of Pataudi,2,/profiles/5602/nawab-of-pataudi
5304,Graham Roope,9,/profiles/5304/graham-roope
5303,Jack Birkenshaw,9,/profiles/5303/jack-birkenshaw
3993,Richard Collinge,13,/profiles/3993/richard-collinge
4008,John Parker,13,/profiles/4008/john-parker
4003,Vic Pollard,13,/profiles/4003/vic-pollard
3996,Dayle Hadlee,13,/profiles/3996/dayle-hadlee
4007,David OSullivan,13,/profiles/4007/david-osullivan
4004,Rodney Redmond,13,/profiles/4004/rodney-redmond
4157,Rohan Kanhai,10,/profiles/4157/rohan-kanhai
4641,Jeff Hammond,4,/profiles/4641/jeff-hammond
4159,Deryck Murray,10,/profiles/4159/deryck-murray
4150,Keith Boyce,10,/profiles/4150/keith-boyce
6219,Elquemedo Willett,10,/profiles/6219/elquemedo-willett
4650,Terry Jenner,4,/profiles/4650/terry-jenner
5305,Frank Hayes,9,/profiles/5305/frank-hayes
4161,Ron Headley,10,/profiles/4161/ron-headley
4155,Bernard Julien,10,/profiles/4155/bernard-julien
4643,Ian Davis,4,/profiles/4643/ian-davis
4645,Gary Gilmour,4,/profiles/4645/gary-gilmour
6059,Tony Dell,4,/profiles/6059/tony-dell
5735,Mike Shrimpton,13,/profiles/5735/mike-shrimpton
5750,Bryan Andrews,13,/profiles/5750/bryan-andrews
4647,Ashley Woodcock,4,/profiles/4647/ashley-woodcock
4649,Alan Hurst,4,/profiles/4649/alan-hurst
4644,Geoff Dymock,4,/profiles/4644/geoff-dymock
6211,Arthur Barrett,10,/profiles/6211/arthur-barrett
3820,Brijesh Patel,2,/profiles/3820/brijesh-patel
5307,David Lloyd,9,/profiles/5307/david-lloyd
3819,Sudhir Naik,2,/profiles/3819/sudhir-naik
3656,Shafiq Ahmed,3,/profiles/3656/shafiq-ahmed
5616,Hemant Kanitkar,2,/profiles/5616/hemant-kanitkar
3831,Parthasarthi Sharma,2,/profiles/3831/parthasarthi-sharma
3829,Karsan Ghavri,2,/profiles/3829/karsan-ghavri
4648,Wally Edwards,4,/profiles/4648/wally-edwards
5228,Fred Titmus,9,/profiles/5228/fred-titmus
4652,Rick McCosker,4,/profiles/4652/rick-mccosker
5806,Agha Zahid,3,/profiles/5806/agha-zahid
5804,Aftab Baloch,3,/profiles/5804/aftab-baloch
6220,Len Baichan,10,/profiles/6220/len-baichan
3654,Liaqat Ali,3,/profiles/3654/liaqat-ali
4653,Alan Turner,4,/profiles/4653/alan-turner
5309,David Steele,9,/profiles/5309/david-steele
4654,Gary Cosier,4,/profiles/4654/gary-cosier
3836,Surinder Amarnath,2,/profiles/3836/surinder-amarnath
4016,Andy Roberts,13,/profiles/4016/andy-roberts
6221,Imtiaz Ali,10,/profiles/6221/imtiaz-ali
6222,Albert Padmore,10,/profiles/6222/albert-padmore
5191,Brian Close,9,/profiles/5191/brian-close
5313,Mike Selvey,9,/profiles/5313/mike-selvey
4168,Collis King,10,/profiles/4168/collis-king
5314,Chris Balderstone,9,/profiles/5314/chris-balderstone
4014,Robert Anderson,13,/profiles/4014/robert-anderson
5751,Peter Petherick,13,/profiles/5751/peter-petherick
5807,Farrukh Zaman,3,/profiles/5807/farrukh-zaman
5808,Shahid Israr,3,/profiles/5808/shahid-israr
4015,Murray Parker,13,/profiles/4015/murray-parker
5317,Graham Barlow,9,/profiles/5317/graham-barlow
5320,Roger Tolchard,9,/profiles/5320/roger-tolchard
5617,Yajurvindra Singh,2,/profiles/5617/yajurvindra-singh
4013,Jock Edwards,13,/profiles/4013/jock-edwards
4175,Irvine Shillingford,10,/profiles/4175/irvine-shillingford
4661,Richie Robinson,4,/profiles/4661/richie-robinson
4659,Craig Serjeant,4,/profiles/4659/craig-serjeant
4656,Mick Malone,4,/profiles/4656/mick-malone
5323,Brian Rose,9,/profiles/5323/brian-rose
5322,Geoff Cope,9,/profiles/5322/geoff-cope
6064,Paul Hibbert,4,/profiles/6064/paul-hibbert
6066,David Ogilvie,4,/profiles/6066/david-ogilvie
4667,Bob Simpson,4,/profiles/4667/bob-simpson
4668,Peter Toohey,4,/profiles/4668/peter-toohey
6065,Tony Mann,4,/profiles/6065/tony-mann
4663,Wayne Clark,4,/profiles/4663/wayne-clark
6067,Sam Gannon,4,/profiles/6067/sam-gannon
4664,Rick Darling,4,/profiles/4664/rick-darling
4662,Ian Callen,4,/profiles/4662/ian-callen
5325,Clive Radley,9,/profiles/5325/clive-radley
4171,Richard Austin,10,/profiles/4171/richard-austin
4179,Derick Parry,10,/profiles/4179/derick-parry
6068,Jim Higgs,4,/profiles/6068/jim-higgs
4178,Alvin Greenidge,10,/profiles/4178/alvin-greenidge
6223,Basil Williams,10,/profiles/6223/basil-williams
4181,Sew Shivnarine,10,/profiles/4181/sew-shivnarine
4180,Norbert Phillip,10,/profiles/4180/norbert-phillip
4665,Trevor Laughlin,4,/profiles/4665/trevor-laughlin
5618,Bobjee Narasimha Rao,2,/profiles/5618/bobjee-narasimha-rao
5619,Dhiraj Parsana,2,/profiles/5619/dhiraj-parsana
6224,Herbert Chang,10,/profiles/6224/herbert-chang
4674,John Maclean,4,/profiles/4674/john-maclean
4673,Phil Carlson,4,/profiles/4673/phil-carlson
4677,Kevin Wright,4,/profiles/4677/kevin-wright
5809,Anwar Khan,3,/profiles/5809/anwar-khan
4682,Dav Whatmore,4,/profiles/4682/dav-whatmore
4678,Jeff Moss,4,/profiles/4678/jeff-moss
3840,Bharath Reddy,2,/profiles/3840/bharath-reddy
5329,Alan Butcher,9,/profiles/5329/alan-butcher
5328,David Bairstow,9,/profiles/5328/david-bairstow
4681,Julien Wiener,4,/profiles/4681/julien-wiener
3666,Taslim Arif,3,/profiles/3666/taslim-arif
5332,Graham Stevenson,9,/profiles/5332/graham-stevenson
4034,Peter Webb,13,/profiles/4034/peter-webb
4688,Graeme Beard,4,/profiles/4688/graeme-beard
3662,Azmat Rana,3,/profiles/3662/azmat-rana
5811,Azhar Khan,3,/profiles/5811/azhar-khan
6225,Rangy Nanan,10,/profiles/6225/rangy-nanan
3847,Yograj Singh,2,/profiles/3847/yograj-singh
3846,Tirumalai Srinivasan,2,/profiles/3846/tirumalai-srinivasan
4184,Everton Mattis,10,/profiles/4184/everton-mattis
5336,Roland Butcher,9,/profiles/5336/roland-butcher
5141,Sir Leonard Hutton,9,/profiles/5141/sir-leonard-hutton
5159,Jack Ikin,9,/profiles/5159/jack-ikin
5188,Reg Simpson,9,/profiles/5188/reg-simpson
5144,Denis Compton,9,/profiles/5144/denis-compton
5204,Willie Watson,9,/profiles/5204/willie-watson
5108,Freddie Brown,9,/profiles/5108/freddie-brown
5162,Godfrey Evans,9,/profiles/5162/godfrey-evans
5180,Johnny Wardle,9,/profiles/5180/johnny-wardle
5189,Trevor Bailey,9,/profiles/5189/trevor-bailey
5158,Sir Alec Bedser,9,/profiles/5158/sir-alec-bedser
5202,Roy Tattersall,9,/profiles/5202/roy-tattersall
4486,Eric Rowan,11,/profiles/4486/eric-rowan
4526,John Waite,11,/profiles/4526/john-waite
4524,Jackie McGlew,11,/profiles/4524/jackie-mcglew
4485,Dudley Nourse,11,/profiles/4485/dudley-nourse
4516,Jack Cheetham,11,/profiles/4516/jack-cheetham
4510,George Fullerton,11,/profiles/4510/george-fullerton
4525,Clive van Ryneveld,11,/profiles/4525/clive-van-ryneveld
4505,Athol Rowan,11,/profiles/4505/athol-rowan
4504,Tufty Mann,11,/profiles/4504/tufty-mann
4523,Geoff Chubb,11,/profiles/4523/geoff-chubb
4512,Cuan McCarthy,11,/profiles/4512/cuan-mccarthy
5203,Brian Statham,9,/profiles/5203/brian-statham
5205,Tom Graveney,9,/profiles/5205/tom-graveney
5175,Jim Laker,9,/profiles/5175/jim-laker
4527,Roy McLean,11,/profiles/4527/roy-mclean
5207,Frank Lowson,9,/profiles/5207/frank-lowson
5208,Peter May,9,/profiles/5208/peter-may
5206,Don Brennan,9,/profiles/5206/don-brennan
5198,Malcolm Hilton,9,/profiles/5198/malcolm-hilton
4528,Percy Mansell,11,/profiles/4528/percy-mansell
5197,Derek Shackleton,9,/profiles/5197/derek-shackleton
4529,Russell Endean,11,/profiles/4529/russell-endean
4521,Michael Melle,11,/profiles/4521/michael-melle
6007,Ken Archer,4,/profiles/6007/ken-archer
5992,Arthur Morris,4,/profiles/5992/arthur-morris
5982,Lindsay Hassett,4,/profiles/5982/lindsay-hassett
5999,Neil Harvey,4,/profiles/5999/neil-harvey
5989,Keith Miller,4,/profiles/5989/keith-miller
6009,Graeme Hole,4,/profiles/6009/graeme-hole
5986,Ray Lindwall,4,/profiles/5986/ray-lindwall
5985,Ian Johnson,4,/profiles/5985/ian-johnson
6002,Doug Ring,4,/profiles/6002/doug-ring
6010,Gil Langley,4,/profiles/6010/gil-langley
5998,Bill Johnston,4,/profiles/5998/bill-johnston
6154,Allan Rae,10,/profiles/6154/allan-rae
6132,Jeffrey Stollmeyer,10,/profiles/6132/jeffrey-stollmeyer
6146,Sir Frank Worrell,10,/profiles/6146/sir-frank-worrell
6144,Sir Everton Weekes,10,/profiles/6144/sir-everton-weekes
6138,Robert Christiani,10,/profiles/6138/robert-christiani
6143,Sir Clyde Walcott,10,/profiles/6143/sir-clyde-walcott
6157,Roy Marshall,10,/profiles/6157/roy-marshall
6134,Gerry Gomez,10,/profiles/6134/gerry-gomez
6141,John Goddard,10,/profiles/6141/john-goddard
6155,Sonny Ramadhin,10,/profiles/6155/sonny-ramadhin
6156,Alf Valentine,10,/profiles/6156/alf-valentine
6142,Prior Jones,10,/profiles/6142/prior-jones
6008,Jim Burke,4,/profiles/6008/jim-burke
6005,Geff Noblet,4,/profiles/6005/geff-noblet
5716,Sammy Guillen,10,/profiles/5716/sammy-guillen
6152,Denis Atkinson,10,/profiles/6152/denis-atkinson
6004,Jack Moroney,4,/profiles/6004/jack-moroney
6151,Kenneth Rickards,10,/profiles/6151/kenneth-rickards
6148,John Trim,10,/profiles/6148/john-trim
6012,Colin McDonald,4,/profiles/6012/colin-mcdonald
6013,George Thoms,4,/profiles/6013/george-thoms
6011,Richie Benaud,4,/profiles/6011/richie-benaud
5516,Vijay Merchant,2,/profiles/5516/vijay-merchant
5553,Pankaj Roy,2,/profiles/5553/pankaj-roy
5546,Polly Umrigar,2,/profiles/5546/polly-umrigar
5528,Vijay Hazare,2,/profiles/5528/vijay-hazare
5540,Dattu Phadkar,2,/profiles/5540/dattu-phadkar
5530,Vinoo Mankad,2,/profiles/5530/vinoo-mankad
5531,Rusi Modi,2,/profiles/5531/rusi-modi
5535,Hemu Adhikari,2,/profiles/5535/hemu-adhikari
5532,Sadu Shinde,2,/profiles/5532/sadu-shinde
5552,Nana Joshi,2,/profiles/5552/nana-joshi
5549,Nirode Chowdhury,2,/profiles/5549/nirode-chowdhury
5173,Jack Robertson,9,/profiles/5173/jack-robertson
5211,Don Kenyon,9,/profiles/5211/don-kenyon
5209,Donald Carr,9,/profiles/5209/donald-carr
5185,Allan Watkins,9,/profiles/5185/allan-watkins
5213,Dick Spooner,9,/profiles/5213/dick-spooner
5210,Nigel Howard,9,/profiles/5210/nigel-howard
5212,Fred Ridgway,9,/profiles/5212/fred-ridgway
5555,M.K.Mantri,2,/profiles/5555/mkmantri
5513,Lala Amarnath,2,/profiles/5513/lala-amarnath
5533,Chandu Sarwate,2,/profiles/5533/chandu-sarwate
5554,Coimbatarao Gopinath,2,/profiles/5554/coimbatarao-gopinath
5534,Ranga Sohoni,2,/profiles/5534/ranga-sohoni
5214,Eddie Leadbeater,9,/profiles/5214/eddie-leadbeater
5558,Vijay Manjrekar,2,/profiles/5558/vijay-manjrekar
5556,Buck Divecha,2,/profiles/5556/buck-divecha
5557,Subhash Gupte,2,/profiles/5557/subhash-gupte
5542,Khokhan Sen,2,/profiles/5542/khokhan-sen
5215,Cyril Poole,9,/profiles/5215/cyril-poole
5521,C.S. Nayudu,2,/profiles/5521/cs-nayudu
5548,Ghulam Ahmed,2,/profiles/5548/ghulam-ahmed
5520,Mushtaq Ali,2,/profiles/5520/mushtaq-ali
5686,Geoff Rabone,13,/profiles/5686/geoff-rabone
5693,Ray Emery,13,/profiles/5693/ray-emery
5677,Verdun Scott,13,/profiles/5677/verdun-scott
5682,Bert Sutcliffe,13,/profiles/5682/bert-sutcliffe
5687,John Reid,13,/profiles/5687/john-reid
5680,Brun Smith,13,/profiles/5680/brun-smith
5685,Frank Mooney,13,/profiles/5685/frank-mooney
5678,Tom Burtt,13,/profiles/5678/tom-burtt
5691,Alex Moir,13,/profiles/5691/alex-moir
5692,Don Beard,13,/profiles/5692/don-beard
5689,Johnny Hayes,13,/profiles/5689/johnny-hayes
5694,Gordon Leggat,13,/profiles/5694/gordon-leggat
5186,Roly Jenkins,9,/profiles/5186/roly-jenkins
5216,Fred Trueman,9,/profiles/5216/fred-trueman
5559,Datta Gaekwad,2,/profiles/5559/datta-gaekwad
5560,Gulabrai Ramchand,2,/profiles/5560/gulabrai-ramchand
5200,David Sheppard,9,/profiles/5200/david-sheppard
5217,Tony Lock,9,/profiles/5217/tony-lock
5527,Gul Mohammad,2,/profiles/5527/gul-mohammad
5764,Nazar Mohammad,3,/profiles/5764/nazar-mohammad
5759,Hanif Mohammad,3,/profiles/5759/hanif-mohammad
5761,Israr Ali,3,/profiles/5761/israr-ali
5760,Imtiaz Ahmed,3,/profiles/5760/imtiaz-ahmed
5763,Maqsood Ahmed,3,/profiles/5763/maqsood-ahmed
5529,Abdul Kardar,3,/profiles/5529/abdul-kardar
5757,Anwar Hussain,3,/profiles/5757/anwar-hussain
5765,Waqar Hasan,3,/profiles/5765/waqar-hasan
5758,Fazal Mahmood,3,/profiles/5758/fazal-mahmood
5762,Khan Mohammad,3,/profiles/5762/khan-mohammad
5539,Amir Elahi,3,/profiles/5539/amir-elahi
5537,Gogumal Kishenchand,2,/profiles/5537/gogumal-kishenchand
5561,Hiralal Gaekwad,2,/profiles/5561/hiralal-gaekwad
5562,Shah Nyalchand,2,/profiles/5562/shah-nyalchand
5767,Zulfiqar Ahmed,3,/profiles/5767/zulfiqar-ahmed
5766,Mahmood Hussain,3,/profiles/5766/mahmood-hussain
5563,Madhav Apte,2,/profiles/5563/madhav-apte
5564,Bal Dani,2,/profiles/5564/bal-dani
5565,Rajindernath,2,/profiles/5565/rajindernath
5768,Wazir Mohammad,3,/profiles/5768/wazir-mohammad
5566,Ebrahim Maka,2,/profiles/5566/ebrahim-maka
5567,Deepak Shodhan,2,/profiles/5567/deepak-shodhan
4530,Ken Funston,11,/profiles/4530/ken-funston
4519,John Watkins,11,/profiles/4519/john-watkins
4531,Anton Murray,11,/profiles/4531/anton-murray
4518,Hugh Tayfield,11,/profiles/4518/hugh-tayfield
4532,Eddie Fuller,11,/profiles/4532/eddie-fuller
6015,Ian Craig,4,/profiles/6015/ian-craig
6014,Ron Archer,4,/profiles/6014/ron-archer
4533,Headley Keith,11,/profiles/4533/headley-keith
5696,Eric Fisher,13,/profiles/5696/eric-fisher
5670,Merv Wallace,13,/profiles/5670/merv-wallace
5697,Ted Meuli,13,/profiles/5697/ted-meuli
5698,Lawrie Miller,13,/profiles/5698/lawrie-miller
5695,Bob Blair,13,/profiles/5695/bob-blair
5699,Murray Chapple,13,/profiles/5699/murray-chapple
5701,Matt Poore,13,/profiles/5701/matt-poore
5690,Tony MacGibbon,13,/profiles/5690/tony-macgibbon
5700,Eric Dempster,13,/profiles/5700/eric-dempster
6160,Bruce Pairaudeau,10,/profiles/6160/bruce-pairaudeau
6158,Alfie Binns,10,/profiles/6158/alfie-binns
6159,Frank King,10,/profiles/6159/frank-king
5568,Chandrasekhar Gadkari,2,/profiles/5568/chandrasekhar-gadkari
6161,Ralph Legall,10,/profiles/6161/ralph-legall
5569,Jayasinghrao Ghorpade,2,/profiles/5569/jayasinghrao-ghorpade
6163,Leslie Wight,10,/profiles/6163/leslie-wight
6162,Roy Miller,10,/profiles/6162/roy-miller
6164,Alfred Scott,10,/profiles/6164/alfred-scott
6016,Alan Davidson,4,/profiles/6016/alan-davidson
5990,Don Tallon,4,/profiles/5990/don-tallon
6017,Jack Hill,4,/profiles/6017/jack-hill
5147,Bill Edrich,9,/profiles/5147/bill-edrich
6018,Jim de Courcy,4,/profiles/6018/jim-de-courcy
4534,Neil Adcock,11,/profiles/4534/neil-adcock
5702,Guy Overton,13,/profiles/5702/guy-overton
4535,David Ironside,11,/profiles/4535/david-ironside
5703,John Beck,13,/profiles/5703/john-beck
4536,Dick Westcott,11,/profiles/4536/dick-westcott
5705,Ian Leggat,13,/profiles/5705/ian-leggat
5704,Bill Bell,13,/profiles/5704/bill-bell
6165,Michael Frederick,10,/profiles/6165/michael-frederick
6166,John Holt,10,/profiles/6166/john-holt
6102,George Headley,10,/profiles/6102/george-headley
6167,Clifford McWatt,10,/profiles/6167/clifford-mcwatt
6150,Esmond Kentish,10,/profiles/6150/esmond-kentish
5218,Alan Moss,9,/profiles/5218/alan-moss
5219,Charles Palmer,9,/profiles/5219/charles-palmer
6139,Wilf Ferguson,10,/profiles/6139/wilf-ferguson
5769,Alimuddin,3,/profiles/5769/alimuddin
5770,Khalid Wazir,3,/profiles/5770/khalid-wazir
5771,Shujauddin,3,/profiles/5771/shujauddin
5220,Bob Appleyard,9,/profiles/5220/bob-appleyard
5772,Ebbu Ghazali,3,/profiles/5772/ebbu-ghazali
5774,Aslam Khokhar,3,/profiles/5774/aslam-khokhar
5773,Khalid Hasan,3,/profiles/5773/khalid-hasan
5222,Jim Parks,9,/profiles/5222/jim-parks
5221,Jim McConnon,9,/profiles/5221/jim-mcconnon
5224,Frank Tyson,9,/profiles/5224/frank-tyson
5223,Peter Loader,9,/profiles/5223/peter-loader
5570,Pananmal Punjabi,2,/profiles/5570/pananmal-punjabi
5571,Naren Tamhane,2,/profiles/5571/naren-tamhane
5775,Miran Bakhsh,3,/profiles/5775/miran-bakhsh
8868,Prakash Bhandari,2,/profiles/8868/prakash-bhandari
5573,Jasubhai Patel,2,/profiles/5573/jasubhai-patel
6019,Les Favell,4,/profiles/6019/les-favell
5225,Keith Andrew,9,/profiles/5225/keith-andrew
6020,Len Maddocks,4,/profiles/6020/len-maddocks
6022,Bill Watson,4,/profiles/6022/bill-watson
6021,Peter Burge,4,/profiles/6021/peter-burge
5707,Noel McGregor,13,/profiles/5707/noel-mcgregor
5708,Les Watt,13,/profiles/5708/les-watt
5684,Harry Cave,13,/profiles/5684/harry-cave
5706,Ian Colquhoun,13,/profiles/5706/ian-colquhoun
6168,Glendon Gibbs,10,/profiles/6168/glendon-gibbs
6169,Collie Smith,10,/profiles/6169/collie-smith
6170,Bunny Butler,10,/profiles/6170/bunny-butler
6171,Clairmonte Depeiaza,10,/profiles/6171/clairmonte-depeiaza
6172,Norman Marshall,10,/profiles/6172/norman-marshall
6173,Tom Dewdney,10,/profiles/6173/tom-dewdney
6174,Hammond Furlonge,10,/profiles/6174/hammond-furlonge
5227,Ken Barrington,9,/profiles/5227/ken-barrington
4537,Trevor Goddard,11,/profiles/4537/trevor-goddard
4522,Paul Winslow,11,/profiles/4522/paul-winslow
4506,Ian Smith,11,/profiles/4506/ian-smith
4538,Peter Heine,11,/profiles/4538/peter-heine
5196,Doug Insole,9,/profiles/5196/doug-insole
5199,Arthur McIntyre,9,/profiles/5199/arthur-mcintyre
5710,Zin Harris,13,/profiles/5710/zin-harris
5711,Trevor McMahon,13,/profiles/5711/trevor-mcmahon
5712,Noel Harford,13,/profiles/5712/noel-harford
5713,Eric Petrie,13,/profiles/5713/eric-petrie
5777,Wallis Mathias,3,/profiles/5777/wallis-mathias
5776,Agha Saadat Ali,3,/profiles/5776/agha-saadat-ali
5714,John Guy,13,/profiles/5714/john-guy
5574,AG Kripal Singh,2,/profiles/5574/ag-kripal-singh
5575,Narain Swamy,2,/profiles/5575/narain-swamy
5577,Vijay Mehra,2,/profiles/5577/vijay-mehra
5576,Nari Contractor,2,/profiles/5576/nari-contractor
5578,Sadashiv Patil,2,/profiles/5578/sadashiv-patil
5579,Bapu Nadkarni,2,/profiles/5579/bapu-nadkarni
5580,Gundibail Sunderam,2,/profiles/5580/gundibail-sunderam
5581,Chandrakant Patankar,2,/profiles/5581/chandrakant-patankar
5715,Allen Lissette,13,/profiles/5715/allen-lissette
5717,Ian Sinclair,13,/profiles/5717/ian-sinclair
5683,Don Taylor,13,/profiles/5683/don-taylor
5718,Trevor Barber,13,/profiles/5718/trevor-barber
6175,Alphonso Roberts,10,/profiles/6175/alphonso-roberts
5229,Peter Richardson,9,/profiles/5229/peter-richardson
6024,Ken Mackay,4,/profiles/6024/ken-mackay
6023,Pat Crawford,4,/profiles/6023/pat-crawford
5230,Alan Oakman,9,/profiles/5230/alan-oakman
5146,Cyril Washbrook,9,/profiles/5146/cyril-washbrook
6025,Jack Rutherford,4,/profiles/6025/jack-rutherford
6026,Jack Wilson,4,/profiles/6026/jack-wilson
4539,Scotch Taylor,11,/profiles/4539/scotch-taylor
4540,Tony Pithey,11,/profiles/4540/tony-pithey
4541,Chris Duckworth,11,/profiles/4541/chris-duckworth
6176,Roy Gilchrist,10,/profiles/6176/roy-gilchrist
5231,Don Smith,9,/profiles/5231/don-smith
6177,Nyron Asgarali,10,/profiles/6177/nyron-asgarali
5232,Dick Richardson,9,/profiles/5232/dick-richardson
6178,Gerry Alexander,10,/profiles/6178/gerry-alexander
4517,Jack Nel,11,/profiles/4517/jack-nel
6027,Wally Grout,4,/profiles/6027/wally-grout
6029,Ian Meckiff,4,/profiles/6029/ian-meckiff
6028,Lindsay Kline,4,/profiles/6028/lindsay-kline
6030,Ron Gaunt,4,/profiles/6030/ron-gaunt
4542,Chris Burger,11,/profiles/4542/chris-burger
4543,Peter Carlstein,11,/profiles/4543/peter-carlstein
6180,Sir Conrad Hunte,10,/profiles/6180/sir-conrad-hunte
6179,Eric Atkinson,10,/profiles/6179/eric-atkinson
5778,Haseeb Ahsan,3,/profiles/5778/haseeb-ahsan
6181,Easton McMorris,10,/profiles/6181/easton-mcmorris
6182,Ivan Madray,10,/profiles/6182/ivan-madray
5780,Fazal-ur-Rehman,3,/profiles/5780/fazal-ur-rehman
6183,Jaswick Taylor,10,/profiles/6183/jaswick-taylor
5719,John DArcy,13,/profiles/5719/john-darcy
5721,Bill Playle,13,/profiles/5721/bill-playle
5720,Trevor Meale,13,/profiles/5720/trevor-meale
5234,Arthur Milton,9,/profiles/5234/arthur-milton
5722,John Sparling,13,/profiles/5722/john-sparling
5237,Raman Subba Row,9,/profiles/5237/raman-subba-row
5235,Ted Dexter,9,/profiles/5235/ted-dexter
5584,Manohar Hardikar,2,/profiles/5584/manohar-hardikar
5582,Chandu Borde,2,/profiles/5582/chandu-borde
5583,Ghulam Guard,2,/profiles/5583/ghulam-guard
6184,Basil Butcher,10,/profiles/6184/basil-butcher
6185,Sir Wesley Hall,10,/profiles/6185/sir-wesley-hall
5585,Vasant Ranjane,2,/profiles/5585/vasant-ranjane
6186,Joe Solomon,10,/profiles/6186/joe-solomon
5586,Ramnath Kenny,2,/profiles/5586/ramnath-kenny
5587,Surendranath,2,/profiles/5587/surendranath
5588,AK Sengupta,2,/profiles/5588/ak-sengupta
5589,Ramakant Desai,2,/profiles/5589/ramakant-desai
6031,Norm ONeill,4,/profiles/6031/norm-oneill
6032,Keith Slater,4,/profiles/6032/keith-slater
5238,Roy Swetman,9,/profiles/5238/roy-swetman
6033,Gordon Rorke,4,/profiles/6033/gordon-rorke
5239,John Mortimore,9,/profiles/5239/john-mortimore
5723,Bruce Bolton,13,/profiles/5723/bruce-bolton
5724,Roger Harris,13,/profiles/5724/roger-harris
5725,Ken Hough,13,/profiles/5725/ken-hough
5782,Ijaz Butt,3,/profiles/5782/ijaz-butt
5781,Antao DSouza,3,/profiles/5781/antao-dsouza
6187,Robin Bynoe,10,/profiles/6187/robin-bynoe
5242,Ken Taylor,9,/profiles/5242/ken-taylor
5241,Martin Horton,9,/profiles/5241/martin-horton
5240,Tommy Greenhough,9,/profiles/5240/tommy-greenhough
5590,Motganhalli Jaisimha,2,/profiles/5590/motganhalli-jaisimha
5195,Gilbert Parkhouse,9,/profiles/5195/gilbert-parkhouse
5243,Geoff Pullar,9,/profiles/5243/geoff-pullar
5244,Dusty Rhodes,9,/profiles/5244/dusty-rhodes
5591,Arvind Apte,2,/profiles/5591/arvind-apte
5592,Abbas Ali Baig,2,/profiles/5592/abbas-ali-baig
5783,Duncan Sharpe,3,/profiles/5783/duncan-sharpe
5784,Mohammad Munaf,3,/profiles/5784/mohammad-munaf
6034,Gavin Stevens,4,/profiles/6034/gavin-stevens
5785,Munir Malik,3,/profiles/5785/munir-malik
5593,Venatappa Muddiah,2,/profiles/5593/venatappa-muddiah
6035,Barry Jarman,4,/profiles/6035/barry-jarman
5595,Budhi Kunderan,2,/profiles/5595/budhi-kunderan
5596,AG Milkha Singh,2,/profiles/5596/ag-milkha-singh
5597,Man Sood,2,/profiles/5597/man-sood
6188,Reg Scarlett,10,/profiles/6188/reg-scarlett
6189,Chester Watson,10,/profiles/6189/chester-watson
5245,David Allen,9,/profiles/5245/david-allen
6190,Charran Singh,10,/profiles/6190/charran-singh
6191,Seymour Nurse,10,/profiles/6191/seymour-nurse
6192,Charlie Griffith,10,/profiles/6192/charlie-griffith
5246,Bob Barber,9,/profiles/5246/bob-barber
5247,Peter Walker,9,/profiles/5247/peter-walker
4546,Sid OLinn,11,/profiles/4546/sid-olinn
4544,Pom Pom Fellows-Smith,11,/profiles/4544/pom-pom-fellows-smith
4545,Geoff Griffin,11,/profiles/4545/geoff-griffin
4547,Tich Wesley,11,/profiles/4547/tich-wesley
4548,Jim Pothecary,11,/profiles/4548/jim-pothecary
5248,Doug Padgett,9,/profiles/5248/doug-padgett
4549,Atholl McKinnon,11,/profiles/4549/atholl-mckinnon
5598,Rusi Surti,2,/profiles/5598/rusi-surti
5786,Javed Burki,3,/profiles/5786/javed-burki
5787,Mohammad Farooq,3,/profiles/5787/mohammad-farooq
5599,Baloo Gupte,2,/profiles/5599/baloo-gupte
5600,Vaman Kumar,2,/profiles/5600/vaman-kumar
6194,Cammie Smith,10,/profiles/6194/cammie-smith
6193,Peter Lashley,10,/profiles/6193/peter-lashley
6036,Johnny Martin,4,/profiles/6036/johnny-martin
6037,Frank Misson,4,/profiles/6037/frank-misson
6038,Des Hoare,4,/profiles/6038/des-hoare
5249,John Murray,9,/profiles/5249/john-murray
4627,Bill Lawry,4,/profiles/4627/bill-lawry
4628,Garth McKenzie,4,/profiles/4628/garth-mckenzie
5192,Les Jackson,9,/profiles/5192/les-jackson
5250,Jack Flavell,9,/profiles/5250/jack-flavell
6039,Brian Booth,4,/profiles/6039/brian-booth
5254,David Smith,9,/profiles/5254/david-smith
5251,Alan Brown,9,/profiles/5251/alan-brown
5255,Barry Knight,9,/profiles/5255/barry-knight
5252,Eric Russell,9,/profiles/5252/eric-russell
5256,Geoff Millman,9,/profiles/5256/geoff-millman
5788,Afaq Hussain,3,/profiles/5788/afaq-hussain
5253,Butch White,9,/profiles/5253/butch-white
4550,Eddie Barlow,11,/profiles/4550/eddie-barlow
4551,Colin Bland,11,/profiles/4551/colin-bland
4553,Kim Elgie,11,/profiles/4553/kim-elgie
4555,Peter Pollock,11,/profiles/4555/peter-pollock
4554,Goofy Lawrence,11,/profiles/4554/goofy-lawrence
4556,Kenneth Walter,11,/profiles/4556/kenneth-walter
4552,Harry Bromfield,11,/profiles/4552/harry-bromfield
5727,Paul Barton,13,/profiles/5727/paul-barton
5729,Artie Dick,13,/profiles/5729/artie-dick
5730,Dick Motz,13,/profiles/5730/dick-motz
5726,Gary Bartlett,13,/profiles/5726/gary-bartlett
5728,Frank Cameron,13,/profiles/5728/frank-cameron
4558,Buster Farrer,11,/profiles/4558/buster-farrer
4557,Sydney Burke,11,/profiles/4557/sydney-burke
4559,Tiger Lance,11,/profiles/4559/tiger-lance
6196,Charlie Stayers,10,/profiles/6196/charlie-stayers
6195,Jackie Hendriks,10,/profiles/6195/jackie-hendriks
6198,Willie Rodriguez,10,/profiles/6198/willie-rodriguez
6197,Ivor Mendonca,10,/profiles/6197/ivor-mendonca
6199,David Allan,10,/profiles/6199/david-allan
6200,Lester King,10,/profiles/6200/lester-king
5259,Micky Stewart,9,/profiles/5259/micky-stewart
5258,Len Coldwell,9,/profiles/5258/len-coldwell
5789,Javed Akhtar,3,/profiles/5789/javed-akhtar
5790,Shahid Mahmood,3,/profiles/5790/shahid-mahmood
5260,David Larter,9,/profiles/5260/david-larter
5261,Alan Smith,9,/profiles/5261/alan-smith
6041,Barry Shepherd,4,/profiles/6041/barry-shepherd
6040,Colin Guest,4,/profiles/6040/colin-guest
6042,Neil Hawke,4,/profiles/6042/neil-hawke
5732,Barry Sinclair,13,/profiles/5732/barry-sinclair
5733,Bryan Yuile,13,/profiles/5733/bryan-yuile
5734,Bruce Morrison,13,/profiles/5734/bruce-morrison
5263,Phil Sharpe,9,/profiles/5263/phil-sharpe
5264,Brian Bolus,9,/profiles/5264/brian-bolus
6043,Tom Veivers,4,/profiles/6043/tom-veivers
4626,Alan Connolly,4,/profiles/4626/alan-connolly
4563,Graeme Pollock,11,/profiles/4563/graeme-pollock
4560,Denis Lindsay,11,/profiles/4560/denis-lindsay
4565,Peter van der Merwe,11,/profiles/4565/peter-van-der-merwe
4562,David Pithey,11,/profiles/4562/david-pithey
4564,Kelly Seymour,11,/profiles/4564/kelly-seymour
4561,Joe Partridge,11,/profiles/4561/joe-partridge
4566,Clive Halse,11,/profiles/4566/clive-halse
5265,Don Wilson,9,/profiles/5265/don-wilson
5604,Rajinder Pal,2,/profiles/5604/rajinder-pal
5266,Jimmy Binks,9,/profiles/5266/jimmy-binks
5267,Jeff Jones,9,/profiles/5267/jeff-jones
5605,Hanumant Singh,2,/profiles/5605/hanumant-singh
5736,Graham Gedye,13,/profiles/5736/graham-gedye
5737,John Ward,13,/profiles/5737/john-ward
5738,Wynne Bradburn,13,/profiles/5738/wynne-bradburn
6044,Grahame Corling,4,/profiles/6044/grahame-corling
6045,Bob Cowper,4,/profiles/6045/bob-cowper
5271,Tom Cartwright,9,/profiles/5271/tom-cartwright
5272,Fred Rumsey,9,/profiles/5272/fred-rumsey
5606,Prince Indrajitsinhji,2,/profiles/5606/prince-indrajitsinhji
6046,Rex Sellers,4,/profiles/6046/rex-sellers
5792,Billy Ibadulla,3,/profiles/5792/billy-ibadulla
2131,Abdul Kadir,3,/profiles/2131/abdul-kadir
5794,Shafqat Rana,3,/profiles/5794/shafqat-rana
6047,David Sincock,4,/profiles/6047/david-sincock
5797,Mohammad Ilyas,3,/profiles/5797/mohammad-ilyas
5795,Arif Butt,3,/profiles/5795/arif-butt
5796,Farooq Hamid,3,/profiles/5796/farooq-hamid
5798,Naushad Ali,3,/profiles/5798/naushad-ali
5741,Peter Truscott,13,/profiles/5741/peter-truscott
5799,Mufasir-ul-Haq,3,/profiles/5799/mufasir-ul-haq
4567,Derek Varnals,11,/profiles/4567/derek-varnals
5273,Ian Thomson,9,/profiles/5273/ian-thomson
4568,Glen Hall,11,/profiles/4568/glen-hall
4569,Mike Macaulay,11,/profiles/4569/mike-macaulay
5274,Ken Palmer,9,/profiles/5274/ken-palmer
5607,Venkataraman Subramanya,2,/profiles/5607/venkataraman-subramanya
5800,Salahuddin,3,/profiles/5800/salahuddin
6202,Tony White,10,/profiles/6202/tony-white
6050,Grahame Thomas,4,/profiles/6050/grahame-thomas
6049,Peter Philpott,4,/profiles/6049/peter-philpott
6048,Laurie Mayne,4,/profiles/6048/laurie-mayne
6203,Bryan Davis,10,/profiles/6203/bryan-davis
5276,David Brown,9,/profiles/5276/david-brown
4570,Ali Bacher,11,/profiles/4570/ali-bacher
4572,Richard Dumbrill,11,/profiles/4572/richard-dumbrill
4571,Jackie Botten,11,/profiles/4571/jackie-botten
5277,Ken Higgs,9,/profiles/5277/ken-higgs
6051,Peter Allan,4,/profiles/6051/peter-allan
5743,Grahame Bilby,13,/profiles/5743/grahame-bilby
5744,Tom Puna,13,/profiles/5744/tom-puna
5278,Colin Milburn,9,/profiles/5278/colin-milburn
6053,Brian Taber,4,/profiles/6053/brian-taber
6052,David Renneberg,4,/profiles/6052/david-renneberg
4573,Mike Procter,11,/profiles/4573/mike-procter
4574,Pat Trimborn,11,/profiles/4574/pat-trimborn
4575,Jackie du Preez,11,/profiles/4575/jackie-du-preez
5609,Ramesh Saxena,2,/profiles/5609/ramesh-saxena
5608,Subrata Guha,2,/profiles/5608/subrata-guha
5801,Niaz Ahmed,3,/profiles/5801/niaz-ahmed
5802,Ghulam Abbas,3,/profiles/5802/ghulam-abbas
5610,Umesh Kulkarni,2,/profiles/5610/umesh-kulkarni
6055,Eric Freeman,4,/profiles/6055/eric-freeman
6056,Les Joslin,4,/profiles/6056/les-joslin
5746,Bruce Murray,13,/profiles/5746/bruce-murray
5745,Roy Harford,13,/profiles/5745/roy-harford
5747,Keith Thomson,13,/profiles/5747/keith-thomson
6205,Steve Camacho,10,/profiles/6205/steve-camacho
5287,Roger Prideaux,9,/profiles/5287/roger-prideaux
6207,Prof Edwards,10,/profiles/6207/prof-edwards
5748,Barry Milburn,13,/profiles/5748/barry-milburn
6208,John Shepherd,10,/profiles/6208/john-shepherd
5611,Ajit Pai,2,/profiles/5611/ajit-pai
5612,Ambar Roy,2,/profiles/5612/ambar-roy
5613,Ashok Gandotra,2,/profiles/5613/ashok-gandotra
4579,Barry Richards,11,/profiles/4579/barry-richards
4578,Lee Irvine,11,/profiles/4578/lee-irvine
4577,Dennis Gamsy,11,/profiles/4577/dennis-gamsy
4576,Grahame Chevalier,11,/profiles/4576/grahame-chevalier
4633,Alan Thomson,4,/profiles/4633/alan-thomson
6058,Ross Duncan,4,/profiles/6058/ross-duncan
6060,Ken Eastwood,4,/profiles/6060/ken-eastwood
6212,Jack Noreiga,10,/profiles/6212/jack-noreiga
5614,Kenia Jayantilal,2,/profiles/5614/kenia-jayantilal
3834,Pochiah Krishnamurthy,2,/profiles/3834/pochiah-krishnamurthy
6213,Desmond Lewis,10,/profiles/6213/desmond-lewis
5827,Charles Bannerman,4,/profiles/5827/charles-bannerman
5836,Nat Thomson,4,/profiles/5836/nat-thomson
5834,Tom Horan,4,/profiles/5834/tom-horan
5831,Dave Gregory,4,/profiles/5831/dave-gregory
5829,Bransby Cooper,4,/profiles/5829/bransby-cooper
4880,Billy Midwinter,4,/profiles/4880/billy-midwinter
5832,Ned Gregory,4,/profiles/5832/ned-gregory
5828,Jack Blackham,4,/profiles/5828/jack-blackham
5830,Tom Garrett,4,/profiles/5830/tom-garrett
5835,Tom Kendall,4,/profiles/5835/tom-kendall
5833,John Hodges,4,/profiles/5833/john-hodges
4855,Harry Jupp,9,/profiles/4855/harry-jupp
4857,John Selby,9,/profiles/4857/john-selby
4851,Harry Charlwood,9,/profiles/4851/harry-charlwood
4860,George Ulyett,9,/profiles/4860/george-ulyett
4853,Andrew Greenwood,9,/profiles/4853/andrew-greenwood
4850,Tom Armitage,9,/profiles/4850/tom-armitage
4858,Alfred Shaw,9,/profiles/4858/alfred-shaw
4852,Tom Emmett,9,/profiles/4852/tom-emmett
4854,Allen Hill,9,/profiles/4854/allen-hill
4856,James Lillywhite jnr,9,/profiles/4856/james-lillywhite-jnr
4859,James Southerton,9,/profiles/4859/james-southerton
5837,Thomas Kelly,4,/profiles/5837/thomas-kelly
5838,Frederick Spofforth,4,/profiles/5838/frederick-spofforth
4927,Billy Murdoch,4,/profiles/4927/billy-murdoch
5840,Alec Bannerman,4,/profiles/5840/alec-bannerman
5839,Frank Allan,4,/profiles/5839/frank-allan
5841,Harry Boyle,4,/profiles/5841/harry-boyle
4865,Bunny Lucas,9,/profiles/4865/bunny-lucas
4869,Alexander Webbe,9,/profiles/4869/alexander-webbe
4864,Monkey Hornby,9,/profiles/4864/monkey-hornby
4862,Lord Harris,9,/profiles/4862/lord-harris
4867,Vernon Royle,9,/profiles/4867/vernon-royle
4866,Francis MacKinnon,9,/profiles/4866/francis-mackinnon
4861,Charlie Absolom,9,/profiles/4861/charlie-absolom
4863,Leland Hone,9,/profiles/4863/leland-hone
4868,Sandford Schultz,9,/profiles/4868/sandford-schultz
4871,Edward Grace,9,/profiles/4871/edward-grace
4873,W.G. Grace,9,/profiles/4873/wg-grace
4870,Billy Barnes,9,/profiles/4870/billy-barnes
4876,Frank Penn,9,/profiles/4876/frank-penn
4877,Allan Steel,9,/profiles/4877/allan-steel
4874,Alfred Lyttelton,9,/profiles/4874/alfred-lyttelton
4872,Fred Grace,9,/profiles/4872/fred-grace
4875,Fred Morley,9,/profiles/4875/fred-morley
5844,Tom Groube,4,/profiles/5844/tom-groube
5845,Percy McDonnell,4,/profiles/5845/percy-mcdonnell
5848,Jim Slight,4,/profiles/5848/jim-slight
5843,George Bonnor,4,/profiles/5843/george-bonnor
5847,Joey Palmer,4,/profiles/5847/joey-palmer
5842,George Alexander,4,/profiles/5842/george-alexander
5846,William Moule,4,/profiles/5846/william-moule
5852,Hugh Massie,4,/profiles/5852/hugh-massie
5851,George Giffen,4,/profiles/5851/george-giffen
5850,Edwin Evans,4,/profiles/5850/edwin-evans
5849,William Cooper,4,/profiles/5849/william-cooper
4878,Dick Barlow,9,/profiles/4878/dick-barlow
4879,Billy Bates,9,/profiles/4879/billy-bates
4884,Arthur Shrewsbury,9,/profiles/4884/arthur-shrewsbury
4883,William Scotton,9,/profiles/4883/william-scotton
4882,Dick Pilling,9,/profiles/4882/dick-pilling
4881,Ted Peate,9,/profiles/4881/ted-peate
5854,Sammy Jones,4,/profiles/5854/sammy-jones
5853,George Coulthard,4,/profiles/5853/george-coulthard
4886,Charles Studd,9,/profiles/4886/charles-studd
4885,Maurice Read,9,/profiles/4885/maurice-read
4887,Ivo Bligh,9,/profiles/4887/ivo-bligh
4888,Charles Leslie,9,/profiles/4888/charles-leslie
4889,Walter Read,9,/profiles/4889/walter-read
4891,Edmund Tylecote,9,/profiles/4891/edmund-tylecote
4890,George Studd,9,/profiles/4890/george-studd
4892,George Vernon,9,/profiles/4892/george-vernon
4893,Tim O Brien,9,/profiles/4893/tim-o-brien
5855,Tup Scott,4,/profiles/5855/tup-scott
4894,Stanley Christopherson,9,/profiles/4894/stanley-christopherson
4897,Wilf Flowers,9,/profiles/4897/wilf-flowers
4896,Johnny Briggs,9,/profiles/4896/johnny-briggs
4895,William Attewell,9,/profiles/4895/william-attewell
4899,Bobby Peel,9,/profiles/4899/bobby-peel
4898,Joe Hunter,9,/profiles/4898/joe-hunter
5859,Sam Morris,4,/profiles/5859/sam-morris
5863,John Trumble,4,/profiles/5863/john-trumble
5857,Affie Jarvis,4,/profiles/5857/affie-jarvis
5861,Roland Pope,4,/profiles/5861/roland-pope
5858,Alfred Marr,4,/profiles/5858/alfred-marr
5860,Harry Musgrove,4,/profiles/5860/harry-musgrove
5864,Jack Worrall,4,/profiles/5864/jack-worrall
5856,William Bruce,4,/profiles/5856/william-bruce
5862,Digger Robertson,4,/profiles/5862/digger-robertson
5866,Frank Walters,4,/profiles/5866/frank-walters
5865,George McShane,4,/profiles/5865/george-mcshane
4900,George Lohmann,9,/profiles/4900/george-lohmann
5867,John McIlwraith,4,/profiles/5867/john-mcilwraith
5868,Harry Moses,4,/profiles/5868/harry-moses
5869,Charlie Turner,4,/profiles/5869/charlie-turner
4923,J.J. Ferris,4,/profiles/4923/jj-ferris
4901,Billy Gunn,9,/profiles/4901/billy-gunn
4902,Mordecai Sherwin,9,/profiles/4902/mordecai-sherwin
5874,John Lyons,4,/profiles/5874/john-lyons
5873,Walter Giffen,4,/profiles/5873/walter-giffen
5870,Reginald Allen,4,/profiles/5870/reginald-allen
5872,John Cottam,4,/profiles/5872/john-cottam
5871,Fred Burton,4,/profiles/5871/fred-burton
4903,Reg Wood,9,/profiles/4903/reg-wood
4905,Andrew Stoddart,9,/profiles/4905/andrew-stoddart
4904,Billy Newham,9,/profiles/4904/billy-newham
4906,Bobby Abel,9,/profiles/4906/bobby-abel
5876,Harry Trott,4,/profiles/5876/harry-trott
4948,Sammy Woods,4,/profiles/4948/sammy-woods
5875,Jack Edwards,4,/profiles/5875/jack-edwards
4907,John Shuter,9,/profiles/4907/john-shuter
4908,Frank Sugg,9,/profiles/4908/frank-sugg
4909,Henry Wood,9,/profiles/4909/henry-wood
4352,Albert Rose-Innes,11,/profiles/4352/albert-rose-innes
4355,Bernard Tancred,11,/profiles/4355/bernard-tancred
4348,Philip Hutchinson,11,/profiles/4348/philip-hutchinson
4356,Charles Vintcent,11,/profiles/4356/charles-vintcent
4351,Arthur Ochse,11,/profiles/4351/arthur-ochse
4350,William Milton,11,/profiles/4350/william-milton
4346,Owen Dunell,11,/profiles/4346/owen-dunell
4354,Robert Stewart,11,/profiles/4354/robert-stewart
4353,Fred Smith,11,/profiles/4353/fred-smith
4347,Charlie Finlason,11,/profiles/4347/charlie-finlason
4349,Gus Kempis,11,/profiles/4349/gus-kempis
4364,Frank Hearne,9,/profiles/4364/frank-hearne
4910,Monty Bowden,9,/profiles/4910/monty-bowden
4914,Sir Aubrey Smith,9,/profiles/4914/sir-aubrey-smith
4913,Basil Grieve,9,/profiles/4913/basil-grieve
4911,Charles John Coventry,9,/profiles/4911/charles-john-coventry
4912,Arnold Fothergill,9,/profiles/4912/arnold-fothergill
4358,Dicky Richards,11,/profiles/4358/dicky-richards
4359,Nicolaas Theunissen,11,/profiles/4359/nicolaas-theunissen
4357,Gobo Ashley,11,/profiles/4357/gobo-ashley
4915,Joe McMaster,9,/profiles/4915/joe-mcmaster
4916,Gregor MacGregor,9,/profiles/4916/gregor-macgregor
5877,Jack Barrett,4,/profiles/5877/jack-barrett
5880,Syd Gregory,4,/profiles/5880/syd-gregory
5879,Percie Charlton,4,/profiles/5879/percie-charlton
5878,Kenny Burn,4,/profiles/5878/kenny-burn
5881,Hugh Trumble,4,/profiles/5881/hugh-trumble
4917,James Cranston,9,/profiles/4917/james-cranston
4919,John Sharpe,9,/profiles/4919/john-sharpe
4918,Fred Martin,9,/profiles/4918/fred-martin
4932,Arthur Mold,9,/profiles/4932/arthur-mold
4367,Tommy Routledge,11,/profiles/4367/tommy-routledge
4362,Charles Fichardt,11,/profiles/4362/charles-fichardt
4365,Charles Mills,11,/profiles/4365/charles-mills
4363,Barberton Halliwell,11,/profiles/4363/barberton-halliwell
4368,Clarence Wimble,11,/profiles/4368/clarence-wimble
4360,Godfrey Cripps,11,/profiles/4360/godfrey-cripps
4366,Dante Parkin,11,/profiles/4366/dante-parkin
4361,Flooi du Toit,11,/profiles/4361/flooi-du-toit
4922,William Chatterton,9,/profiles/4922/william-chatterton
4924,Alec Hearne,9,/profiles/4924/alec-hearne
4925,George Hearne,9,/profiles/4925/george-hearne
4921,Victor Barton,9,/profiles/4921/victor-barton
4928,Dick Pougher,9,/profiles/4928/dick-pougher
4926,Jack Hearne,9,/profiles/4926/jack-hearne
5883,Harry Donnan,4,/profiles/5883/harry-donnan
5884,Bob McLeod,4,/profiles/5884/bob-mcleod
5882,Sydney Callaway,4,/profiles/5882/sydney-callaway
4920,George Bean,9,/profiles/4920/george-bean
4929,Punch Philipson,9,/profiles/4929/punch-philipson
4930,Stanley Jackson,9,/profiles/4930/stanley-jackson
4933,Ted Wainwright,9,/profiles/4933/ted-wainwright
4931,Bill Lockwood,9,/profiles/4931/bill-lockwood
5885,Harry Graham,4,/profiles/5885/harry-graham
4934,Albert Ward,9,/profiles/4934/albert-ward
4935,Bill Brockwell,9,/profiles/4935/bill-brockwell
4936,Tom Richardson,9,/profiles/4936/tom-richardson
5886,Joe Darling,4,/profiles/5886/joe-darling
5887,Frank Iredale,4,/profiles/5887/frank-iredale
5890,John Reedman,4,/profiles/5890/john-reedman
5889,Charlie McLeod,4,/profiles/5889/charlie-mcleod
5888,Ernie Jones,4,/profiles/5888/ernie-jones
4940,Archie MacLaren,9,/profiles/4940/archie-maclaren
4937,Jack Brown,9,/profiles/4937/jack-brown
4938,Francis Ford,9,/profiles/4938/francis-ford
4939,Leslie Gay,9,/profiles/4939/leslie-gay
5891,Arthur Coningham,4,/profiles/5891/arthur-coningham
5892,John Harry,4,/profiles/5892/john-harry
4962,Albert Trott,4,/profiles/4962/albert-trott
5893,Tom McKibbin,4,/profiles/5893/tom-mckibbin
4373,Robert Poore,11,/profiles/4373/robert-poore
4374,Jimmy Sinclair,11,/profiles/4374/jimmy-sinclair
4371,Charles Hime,11,/profiles/4371/charles-hime
4370,Robert Gleeson,11,/profiles/4370/robert-gleeson
4369,Frederick Cook,11,/profiles/4369/frederick-cook
4372,Bonnor Middleton,11,/profiles/4372/bonnor-middleton
4375,Joseph Willoughby,11,/profiles/4375/joseph-willoughby
4945,Tom Hayward,9,/profiles/4945/tom-hayward
4943,C.B. Fry,9,/profiles/4943/cb-fry
4946,Arthur Hill,9,/profiles/4946/arthur-hill
4941,Hugh Bromley-Davenport,9,/profiles/4941/hugh-bromley-davenport
4944,Lord Hawke,9,/profiles/4944/lord-hawke
4949,Charles Wright,9,/profiles/4949/charles-wright
4947,Audley Miller,9,/profiles/4947/audley-miller
4942,Harry Butt,9,/profiles/4942/harry-butt
4377,Clement Johnson,11,/profiles/4377/clement-johnson
4379,George Shepstone,11,/profiles/4379/george-shepstone
4376,Billy Frank,11,/profiles/4376/billy-frank
4394,Charlie Llewellyn,11,/profiles/4394/charlie-llewellyn
4378,George Rowe,11,/profiles/4378/george-rowe
4950,Christopher Heseltine,9,/profiles/4950/christopher-heseltine
4381,Alfred Richards,11,/profiles/4381/alfred-richards
4382,Arthur Seccull,11,/profiles/4382/arthur-seccull
4380,George Glover,11,/profiles/4380/george-glover
4951,Ted Tyler,9,/profiles/4951/ted-tyler
4952,Dick Lilley,9,/profiles/4952/dick-lilley
5895,Clem Hill,4,/profiles/5895/clem-hill
5894,Charles Eady,4,/profiles/5894/charles-eady
5896,James Kelly,4,/profiles/5896/james-kelly
4953,Ranji,9,/profiles/4953/ranji
4954,Teddy Wynyard,9,/profiles/4954/teddy-wynyard
4956,Jack Mason,9,/profiles/4956/jack-mason
4957,Bill Storer,9,/profiles/4957/bill-storer
4955,Frank Druce,9,/profiles/4955/frank-druce
4973,George Hirst,9,/profiles/4973/george-hirst
5897,Monty Noble,4,/profiles/5897/monty-noble
5898,Bill Howell,4,/profiles/5898/bill-howell
4388,Vincent Tancred,11,/profiles/4388/vincent-tancred
4385,Howard Francis,11,/profiles/4385/howard-francis
4384,Robert Dower,11,/profiles/4384/robert-dower
4383,Murray Bisset,11,/profiles/4383/murray-bisset
4387,William Solomon,11,/profiles/4387/william-solomon
4386,Robert Graham,11,/profiles/4386/robert-graham
4421,Frank Mitchell,9,/profiles/4421/frank-mitchell
4964,Sir Pelham Warner,9,/profiles/4964/sir-pelham-warner
4963,Johnny Tyldesley,9,/profiles/4963/johnny-tyldesley
4965,Clem Wilson,9,/profiles/4965/clem-wilson
4959,Willis Cuttell,9,/profiles/4959/willis-cuttell
4961,Frank Milligan,9,/profiles/4961/frank-milligan
4958,Jack Board,9,/profiles/4958/jack-board
4960,Schofield Haigh,9,/profiles/4960/schofield-haigh
4392,William Shalders,11,/profiles/4392/william-shalders
4390,Albert Powell,11,/profiles/4390/albert-powell
4389,Frederick Kuys,11,/profiles/4389/frederick-kuys
4391,Charles Prince,11,/profiles/4391/charles-prince
4966,Alfred Archer,9,/profiles/4966/alfred-archer
4967,Wilfred Rhodes,9,/profiles/4967/wilfred-rhodes
5900,Victor Trumper,4,/profiles/5900/victor-trumper
5899,Frank Laver,4,/profiles/5899/frank-laver
4970,Charlie Townsend,9,/profiles/4970/charlie-townsend
4968,Gilbert Jessop,9,/profiles/4968/gilbert-jessop
4969,Walter Mead,9,/profiles/4969/walter-mead
4971,Willie Quaife,9,/profiles/4971/willie-quaife
4972,Sailor Young,9,/profiles/4972/sailor-young
4974,Bill Bradley,9,/profiles/4974/bill-bradley
4975,Arthur Jones,9,/profiles/4975/arthur-jones
4978,Len Braund,9,/profiles/4978/len-braund
4979,John Gunn,9,/profiles/4979/john-gunn
4976,Sydney Barnes,9,/profiles/4976/sydney-barnes
4977,Charlie Blythe,9,/profiles/4977/charlie-blythe
5902,Reggie Duff,4,/profiles/5902/reggie-duff
5901,Warwick Armstrong,4,/profiles/5901/warwick-armstrong
5903,Bert Hopkins,4,/profiles/5903/bert-hopkins
5904,Jack Saunders,4,/profiles/5904/jack-saunders
4980,Charlie McGahey,9,/profiles/4980/charlie-mcgahey
5905,Ike Travers,4,/profiles/5905/ike-travers
4981,Lionel Palairet,9,/profiles/4981/lionel-palairet
4982,Fred Tate,9,/profiles/4982/fred-tate
4398,Louis Tancred,11,/profiles/4398/louis-tancred
4393,Maitland Hathorn,11,/profiles/4393/maitland-hathorn
4396,Charlie Smith,11,/profiles/4396/charlie-smith
4397,Henry Taberer,11,/profiles/4397/henry-taberer
4395,Dave Nourse,11,/profiles/4395/dave-nourse
4399,George Thornton,11,/profiles/4399/george-thornton
4400,Biddy Anderson,11,/profiles/4400/biddy-anderson
4401,Johannes Kotze,11,/profiles/4401/johannes-kotze
4402,Percy Twentyman-Jones,11,/profiles/4402/percy-twentyman-jones
4983,Ted Arnold,9,/profiles/4983/ted-arnold
4985,Tip Foster,9,/profiles/4985/tip-foster
4984,Bernard Bosanquet,9,/profiles/4984/bernard-bosanquet
4986,Albert Relf,9,/profiles/4986/albert-relf
4988,Albert Knight,9,/profiles/4988/albert-knight
4987,Arthur Fielder,9,/profiles/4987/arthur-fielder
5907,Peter McAlister,4,/profiles/5907/peter-mcalister
5908,Algy Gehrs,4,/profiles/5908/algy-gehrs
5906,Tibby Cotter,4,/profiles/5906/tibby-cotter
4989,Lucky Denton,9,/profiles/4989/lucky-denton
4990,Arnold Warren,9,/profiles/4990/arnold-warren
4992,Reggie Spooner,9,/profiles/4992/reggie-spooner
4991,Walter Brearley,9,/profiles/4991/walter-brearley
4408,Gordon White,11,/profiles/4408/gordon-white
4406,Tip Snooke,11,/profiles/4406/tip-snooke
4403,Aubrey Faulkner,11,/profiles/4403/aubrey-faulkner
4407,Bert Vogler,11,/profiles/4407/bert-vogler
4404,Reggie Schwarz,11,/profiles/4404/reggie-schwarz
4405,Percy Sherwell,11,/profiles/4405/percy-sherwell
4994,Frederick Fane,9,/profiles/4994/frederick-fane
4995,Ernie Hayes,9,/profiles/4995/ernie-hayes
4993,Jack Crawford,9,/profiles/4993/jack-crawford
4996,Walter Lees,9,/profiles/4996/walter-lees
4997,Leonard Moon,9,/profiles/4997/leonard-moon
4998,John Hartley,9,/profiles/4998/john-hartley
4999,Neville Knox,9,/profiles/4999/neville-knox
4409,Stanley Snooke,11,/profiles/4409/stanley-snooke
5912,Vernon Ransford,4,/profiles/5912/vernon-ransford
5911,Charles Macartney,4,/profiles/5911/charles-macartney
5909,Sammy Carter,4,/profiles/5909/sammy-carter
5910,Gerry Hazlitt,4,/profiles/5910/gerry-hazlitt
5003,Dick Young,9,/profiles/5003/dick-young
5000,George Gunn,9,/profiles/5000/george-gunn
5002,Kenneth Hutchings,9,/profiles/5002/kenneth-hutchings
5001,Joe Hardstaff,9,/profiles/5001/joe-hardstaff
5004,Sir Jack Hobbs,9,/profiles/5004/sir-jack-hobbs
5005,Joe Humphries,9,/profiles/5005/joe-humphries
5913,Roger Hartigan,4,/profiles/5913/roger-hartigan
5914,Jack O Connor,4,/profiles/5914/jack-o-connor
5006,George Thompson,9,/profiles/5006/george-thompson
5915,Warren Bardsley,4,/profiles/5915/warren-bardsley
5916,Bill Whitty,4,/profiles/5916/bill-whitty
5007,John King,9,/profiles/5007/john-king
5008,Jack Sharp,9,/profiles/5008/jack-sharp
5010,Frank Woolley,9,/profiles/5010/frank-woolley
5009,Douglas Carr,9,/profiles/5009/douglas-carr
4413,Billy Zulch,11,/profiles/4413/billy-zulch
4412,Louis Stricker,11,/profiles/4412/louis-stricker
4411,Mick Commaille,11,/profiles/4411/mick-commaille
4410,Tom Campbell,11,/profiles/4410/tom-campbell
5011,Morice Bird,9,/profiles/5011/morice-bird
5012,Claude Buckenham,9,/profiles/5012/claude-buckenham
5013,Sir Henry Leveson Gower,9,/profiles/5013/sir-henry-leveson-gower
5014,George Simpson-Hayward,9,/profiles/5014/george-simpson-hayward
5015,Bert Strudwick,9,/profiles/5015/bert-strudwick
4414,Claude Floquet,11,/profiles/4414/claude-floquet
4415,Sid Pegler,11,/profiles/4415/sid-pegler
4416,Pompey Norton,11,/profiles/4416/pompey-norton
4417,Sivert Samuelson,11,/profiles/4417/sivert-samuelson
5016,Neville Tufnell,9,/profiles/5016/neville-tufnell
5917,Charles Kelleway,4,/profiles/5917/charles-kelleway
4418,Ormy Pearse,11,/profiles/4418/ormy-pearse
5918,Ranji Hordern,4,/profiles/5918/ranji-hordern
5919,Roy Minnett,4,/profiles/5919/roy-minnett
5020,Sep Kinneir,9,/profiles/5020/sep-kinneir
5021,Phil Mead,9,/profiles/5021/phil-mead
5019,Young Jack Hearne,9,/profiles/5019/young-jack-hearne
5018,Frank Foster,9,/profiles/5018/frank-foster
5017,Johnny Douglas,9,/profiles/5017/johnny-douglas
5023,Tiger Smith,9,/profiles/5023/tiger-smith
5022,Bill Hitch,9,/profiles/5022/bill-hitch
5920,Jimmy Matthews,4,/profiles/5920/jimmy-matthews
5024,Joseph Vine,9,/profiles/5024/joseph-vine
4422,Herbie Taylor,11,/profiles/4422/herbie-taylor
4420,Gerald Hartigan,11,/profiles/4420/gerald-hartigan
4429,Philip Hands,11,/profiles/4429/philip-hands
4430,Plum Lewis,11,/profiles/4430/plum-lewis
4427,Alfred Cooper,11,/profiles/4427/alfred-cooper
4431,Dusty Tapscott,11,/profiles/4431/dusty-tapscott
4423,Tommy Ward,11,/profiles/4423/tommy-ward
4425,Harold Baumgartner,11,/profiles/4425/harold-baumgartner
4426,Jimmy Blanckenberg,11,/profiles/4426/jimmy-blanckenberg
4428,Joe Cox,11,/profiles/4428/joe-cox
5027,Lionel Tennyson,9,/profiles/5027/lionel-tennyson
5026,Major Booth,9,/profiles/5026/major-booth
4419,Rolland Beaumont,11,/profiles/4419/rolland-beaumont
4432,Claude Newberry,11,/profiles/4432/claude-newberry
4433,Cec Dixon,11,/profiles/4433/cec-dixon
4434,Len Tuckett,11,/profiles/4434/len-tuckett
4437,Dan Taylor,11,/profiles/4437/dan-taylor
4436,Fred le Roux,11,/profiles/4436/fred-le-roux
4435,Horace Chapman,11,/profiles/4435/horace-chapman
4424,Claude Carter,11,/profiles/4424/claude-carter
4438,Reginald Hands,11,/profiles/4438/reginald-hands
4439,Bill Lundie,11,/profiles/4439/bill-lundie
5927,Herbie Collins,4,/profiles/5927/herbie-collins
5928,Jack Gregory,4,/profiles/5928/jack-gregory
5933,Johnny Taylor,4,/profiles/5933/johnny-taylor
5931,Nip Pellew,4,/profiles/5931/nip-pellew
5932,Jack Ryder,4,/profiles/5932/jack-ryder
5930,Bert Oldfield,4,/profiles/5930/bert-oldfield
5929,Arthur Mailey,4,/profiles/5929/arthur-mailey
5030,Jack Russell,9,/profiles/5030/jack-russell
5028,Patsy Hendren,9,/profiles/5028/patsy-hendren
5031,Abe Waddington,9,/profiles/5031/abe-waddington
5029,Ciss Parkin,9,/profiles/5029/ciss-parkin
5934,Roy Park,4,/profiles/5934/roy-park
5033,Harry Makepeace,9,/profiles/5033/harry-makepeace
5032,Harry Howell,9,/profiles/5032/harry-howell
5935,Ted McDonald,4,/profiles/5935/ted-mcdonald
5034,Percy Fender,9,/profiles/5034/percy-fender
5035,Arthur Dolphin,9,/profiles/5035/arthur-dolphin
5036,Rockley Wilson,9,/profiles/5036/rockley-wilson
5039,Donald Knight,9,/profiles/5039/donald-knight
5037,Percy Holmes,9,/profiles/5037/percy-holmes
5041,Ernest Tyldesley,9,/profiles/5041/ernest-tyldesley
5038,Vallance Jupp,9,/profiles/5038/vallance-jupp
5040,Tich Richmond,9,/profiles/5040/tich-richmond
5936,Tommy Andrews,4,/profiles/5936/tommy-andrews
5937,Stork Hendry,4,/profiles/5937/stork-hendry
5042,Alfred Dipper,9,/profiles/5042/alfred-dipper
5044,John Evans,9,/profiles/5044/john-evans
5045,Nigel Haig,9,/profiles/5045/nigel-haig
5043,Jack Durston,9,/profiles/5043/jack-durston
5048,Wally Hardinge,9,/profiles/5048/wally-hardinge
5047,Andy Ducat,9,/profiles/5047/andy-ducat
5046,George Brown,9,/profiles/5046/george-brown
5049,Jack White,9,/profiles/5049/jack-white
5050,Charlie Hallows,9,/profiles/5050/charlie-hallows
5051,Charlie Parker,9,/profiles/5051/charlie-parker
5052,Andy Sandham,9,/profiles/5052/andy-sandham
4440,Charlie Frank,11,/profiles/4440/charlie-frank
4441,William Ling,11,/profiles/4441/william-ling
4442,Eric Marx,11,/profiles/4442/eric-marx
4443,Buster Nupen,11,/profiles/4443/buster-nupen
4444,Neville Lindsay,11,/profiles/4444/neville-lindsay
5926,Ernie Mayne,4,/profiles/5926/ernie-mayne
4445,Norman Reid,11,/profiles/4445/norman-reid
4448,Bob Catterall,11,/profiles/4448/bob-catterall
4450,George Hearne,11,/profiles/4450/george-hearne
4446,William Brann,11,/profiles/4446/william-brann
4449,Cyril Francois,11,/profiles/4449/cyril-francois
4447,Izak Buys,11,/profiles/4447/izak-buys
5056,Frank Mann,9,/profiles/5056/frank-mann
5053,Arthur Carr,9,/profiles/5053/arthur-carr
5057,Greville Stevens,9,/profiles/5057/greville-stevens
5055,Alex Kennedy,9,/profiles/5055/alex-kennedy
5054,Arthur Gilligan,9,/profiles/5054/arthur-gilligan
4451,Alf Hall,11,/profiles/4451/alf-hall
5058,George Macaulay,9,/profiles/5058/george-macaulay
5059,George Street,9,/profiles/5059/george-street
4452,Doug Meintjes,11,/profiles/4452/doug-meintjes
4453,Doodles Tapscott,11,/profiles/4453/doodles-tapscott
4454,Conky Conyngham,11,/profiles/4454/conky-conyngham
5062,Herbert Sutcliffe,9,/profiles/5062/herbert-sutcliffe
5060,Percy Chapman,9,/profiles/5060/percy-chapman
5061,Roy Kilner,9,/profiles/5061/roy-kilner
5063,Maurice Tate,9,/profiles/5063/maurice-tate
5064,George Wood,9,/profiles/5064/george-wood
4457,Fred Susskind,11,/profiles/4457/fred-susskind
4455,Nummy Deane,11,/profiles/4455/nummy-deane
4456,George Parker,11,/profiles/4456/george-parker
5065,Dick Tyldesley,9,/profiles/5065/dick-tyldesley
5068,Jack MacBryan,9,/profiles/5068/jack-macbryan
5067,George Geary,9,/profiles/5067/george-geary
5066,George Duckworth,9,/profiles/5066/george-duckworth
5938,Bill Ponsford,4,/profiles/5938/bill-ponsford
5939,Arthur Richardson,4,/profiles/5939/arthur-richardson
5940,Vic Richardson,4,/profiles/5940/vic-richardson
5069,Tich Freeman,9,/profiles/5069/tich-freeman
5941,Albert Hartkopf,4,/profiles/5941/albert-hartkopf
5070,Dodger Whysall,9,/profiles/5070/dodger-whysall
5943,Alan Kippax,4,/profiles/5943/alan-kippax
5942,Clarrie Grimmett,4,/profiles/5942/clarrie-grimmett
5071,Fred Root,9,/profiles/5071/fred-root
5944,Bill Woodfull,4,/profiles/5944/bill-woodfull
5072,Harold Larwood,9,/profiles/5072/harold-larwood
4460,Jacobus Duminy,11,/profiles/4460/jacobus-duminy
4461,Denys Morkel,11,/profiles/4461/denys-morkel
4459,Shunter Coen,11,/profiles/4459/shunter-coen
4458,Jock Cameron,11,/profiles/4458/jock-cameron
4463,Cyril Vincent,11,/profiles/4463/cyril-vincent
4462,Henry Promnitz,11,/profiles/4462/henry-promnitz
5074,Wally Hammond,9,/profiles/5074/wally-hammond
5078,Bob Wyatt,9,/profiles/5078/bob-wyatt
5075,Geoffrey Legge,9,/profiles/5075/geoffrey-legge
5073,Ewart Astill,9,/profiles/5073/ewart-astill
5077,Rony Stanyforth,9,/profiles/5077/rony-stanyforth
5076,Ian Peebles,9,/profiles/5076/ian-peebles
4465,Archibald Palm,11,/profiles/4465/archibald-palm
4464,George Finlay-Bissett,11,/profiles/4464/george-finlay-bissett
4468,Jack Siedle,11,/profiles/4468/jack-siedle
4466,John Nicolson,11,/profiles/4466/john-nicolson
4467,Arthur Ochse,11,/profiles/4467/arthur-ochse
5079,Sam Staples,9,/profiles/5079/sam-staples
5080,Eddie Dawson,9,/profiles/5080/eddie-dawson
5081,Harry Elliott,9,/profiles/5081/harry-elliott
5082,Douglas Jardine,9,/profiles/5082/douglas-jardine
5083,Harry Smith,9,/profiles/5083/harry-smith
6087,George Challenor,10,/profiles/6087/george-challenor
6092,Freddie Martin,10,/profiles/6092/freddie-martin
6089,Maurice Fernandes,10,/profiles/6089/maurice-fernandes
6093,Karl Nunes,10,/profiles/6093/karl-nunes
6095,Wilton St Hill,10,/profiles/6095/wilton-st-hill
6094,Clifford Roach,10,/profiles/6094/clifford-roach
6088,Baron Constantine,10,/profiles/6088/baron-constantine
6096,Joe Small,10,/profiles/6096/joe-small
6086,Snuffy Browne,10,/profiles/6086/snuffy-browne
6090,George Francis,10,/profiles/6090/george-francis
6091,Herman Griffith,10,/profiles/6091/herman-griffith
6097,Teddy Hoad,10,/profiles/6097/teddy-hoad
6098,Tommy Scott,10,/profiles/6098/tommy-scott
5084,Maurice Leyland,9,/profiles/5084/maurice-leyland
6099,Barto Bartlett,10,/profiles/6099/barto-bartlett
6100,Vibart Wight,10,/profiles/6100/vibart-wight
5945,Sir Donald Bradman,4,/profiles/5945/sir-donald-bradman
5946,Bert Ironmonger,4,/profiles/5946/bert-ironmonger
5948,Otto Nothling,4,/profiles/5948/otto-nothling
5947,Don Blackie,4,/profiles/5947/don-blackie
3010,Noor Ali Zadran,96,/profiles/3010/noor-ali-zadran
14195,Mohammad Ishaq,96,
13397,Baheer Shah,96,
5949,Ted a Beckett,4,/profiles/5949/ted-a-beckett
5950,Ron Oxenham,4,/profiles/5950/ron-oxenham
5951,Archie Jackson,4,/profiles/5951/archie-jackson
5952,Alan Fairfax,4,/profiles/5952/alan-fairfax
5954,Tim Wall,4,/profiles/5954/tim-wall
5953,Percy Hornibrook,4,/profiles/5953/percy-hornibrook
8562,Theo van Woerkom,27,/profiles/8562/theo-van-woerkom
5086,Tom Killick,9,/profiles/5086/tom-killick
5085,Duleep,9,/profiles/5085/duleep
4470,Bruce Mitchell,11,/profiles/4470/bruce-mitchell
4469,Jim Christy,11,/profiles/4469/jim-christy
4471,Tuppy Owen-Smith,11,/profiles/4471/tuppy-owen-smith
4472,Neville Quinn,11,/profiles/4472/neville-quinn
5087,Jack O Connor,9,/profiles/5087/jack-o-connor
5088,Walter Robins,9,/profiles/5088/walter-robins
4474,Eric Dalton,11,/profiles/4474/eric-dalton
4475,Quintin McMillan,11,/profiles/4475/quintin-mcmillan
4473,Sandy Bell,11,/profiles/4473/sandy-bell
5089,Ted Bowley,9,/profiles/5089/ted-bowley
4476,Edward van der Merwe,11,/profiles/4476/edward-van-der-merwe
5090,Fred Barratt,9,/profiles/5090/fred-barratt
5091,Les Ames,9,/profiles/5091/les-ames
5092,Nobby Clark,9,/profiles/5092/nobby-clark
5641,Stewie Dempster,13,/profiles/5641/stewie-dempster
5643,Henry Foley,13,/profiles/5643/henry-foley
5649,Alby Roberts,13,/profiles/5649/alby-roberts
5648,Curly Page,13,/profiles/5648/curly-page
5640,Roger Blunt,13,/profiles/5640/roger-blunt
5646,Tom Lowry,13,/profiles/5646/tom-lowry
5645,Ken James,13,/profiles/5645/ken-james
5639,Ted Badcock,13,/profiles/5639/ted-badcock
5642,George Dickinson,13,/profiles/5642/george-dickinson
5647,Bill Merritt,13,/profiles/5647/bill-merritt
5644,Matt Henderson,13,/profiles/5644/matt-henderson
5095,Harold Gilligan,9,/profiles/5095/harold-gilligan
5096,Morris Nichols,9,/profiles/5096/morris-nichols
5098,Stan Worthington,9,/profiles/5098/stan-worthington
5097,Maurice Turnbull,9,/profiles/5097/maurice-turnbull
5094,Tich Cornford,9,/profiles/5094/tich-cornford
5093,Maurice Allom,9,/profiles/5093/maurice-allom
5651,Jackie Mills,13,/profiles/5651/jackie-mills
5650,Eddie McLeod,13,/profiles/5650/eddie-mcleod
5652,Lindsay Weir,13,/profiles/5652/lindsay-weir
5653,Cyril Allcott,13,/profiles/5653/cyril-allcott
5654,Herb McGirr,13,/profiles/5654/herb-mcgirr
5655,Mal Matheson,13,/profiles/5655/mal-matheson
6101,Frank de Caires,10,/profiles/6101/frank-de-caires
6105,Derek Sealy,10,/profiles/6105/derek-sealy
6106,Leslie Walcott,10,/profiles/6106/leslie-walcott
6104,Edwin St Hill,10,/profiles/6104/edwin-st-hill
6103,Errol Hunte,10,/profiles/6103/errol-hunte
5099,Freddie Calthorpe,9,/profiles/5099/freddie-calthorpe
5100,Bill Voce,9,/profiles/5100/bill-voce
6109,Mervyn Grell,10,/profiles/6109/mervyn-grell
6108,Nelson Betancourt,10,/profiles/6108/nelson-betancourt
6107,Puss Achong,10,/profiles/6107/puss-achong
6110,Charles Jones,10,/profiles/6110/charles-jones
5101,Leslie Townsend,9,/profiles/5101/leslie-townsend
6114,Charles Passailaigue,10,/profiles/6114/charles-passailaigue
6111,Ivan Barrow,10,/profiles/6111/ivan-barrow
6112,Oscar Da Costa,10,/profiles/6112/oscar-da-costa
6113,George Gladstone,10,/profiles/6113/george-gladstone
5955,Stan McCabe,4,/profiles/5955/stan-mccabe
5102,Sir Gubby Allen,9,/profiles/5102/sir-gubby-allen
5103,Tom Goddard,9,/profiles/5103/tom-goddard
4478,Syd Curnow,11,/profiles/4478/syd-curnow
4480,Ken Viljoen,11,/profiles/4480/ken-viljoen
4477,Xen Balaskas,11,/profiles/4477/xen-balaskas
4479,Bob Newson,11,/profiles/4479/bob-newson
5105,Harry Lee,9,/profiles/5105/harry-lee
5104,Bill Farrimond,9,/profiles/5104/bill-farrimond
4481,John Cochran,11,/profiles/4481/john-cochran
5956,Alec Hurwood,4,/profiles/5956/alec-hurwood
6115,Lionel Birkett,10,/profiles/6115/lionel-birkett
6116,Jackie Grant,10,/profiles/6116/jackie-grant
5957,Keith Rigg,4,/profiles/5957/keith-rigg
5107,Fred Bakewell,9,/profiles/5107/fred-bakewell
5106,John Arnold,9,/profiles/5106/john-arnold
5657,Jack Kerr,13,/profiles/5657/jack-kerr
5656,Ian Cromb,13,/profiles/5656/ian-cromb
5109,Hedley Verity,9,/profiles/5109/hedley-verity
5658,Giff Vivian,13,/profiles/5658/giff-vivian
5110,Eddie Paynter,9,/profiles/5110/eddie-paynter
5958,Jack Nitschke,4,/profiles/5958/jack-nitschke
5959,Perker Lee,4,/profiles/5959/perker-lee
4482,Lennox Brown,11,/profiles/4482/lennox-brown
5960,Bill Hunt,4,/profiles/5960/bill-hunt
5961,Bill OReilly,4,/profiles/5961/bill-oreilly
5962,Pud Thurlow,4,/profiles/5962/pud-thurlow
5963,Jack Fingleton,4,/profiles/5963/jack-fingleton
5964,Laurie Nash,4,/profiles/5964/laurie-nash
5111,Bill Bowes,9,/profiles/5111/bill-bowes
5507,Janardan Navle,2,/profiles/5507/janardan-navle
5506,Naoomal Jeoomal,2,/profiles/5506/naoomal-jeoomal
5512,Syed Wazir Ali,2,/profiles/5512/syed-wazir-ali
5508,C.K.Nayudu,2,/profiles/5508/cknayudu
5503,Sorabji Colah,2,/profiles/5503/sorabji-colah
5509,Nazir Ali,2,/profiles/5509/nazir-ali
5511,Phiroze Palia,2,/profiles/5511/phiroze-palia
5505,Lall Singh,2,/profiles/5505/lall-singh
5504,Jahangir Khan,2,/profiles/5504/jahangir-khan
5502,Amar Singh,2,/profiles/5502/amar-singh
5510,Mohammad Nissar,2,/profiles/5510/mohammad-nissar
5965,Lisle Nagel,4,/profiles/5965/lisle-nagel
5112,Nawab of Pataudi,9,/profiles/5112/nawab-of-pataudi
5966,Leo O Brien,4,/profiles/5966/leo-o-brien
5968,Len Darling,4,/profiles/5968/len-darling
5967,Ernie Bromley,4,/profiles/5967/ernie-bromley
5969,Hammy Love,4,/profiles/5969/hammy-love
5113,Tommy Mitchell,9,/profiles/5113/tommy-mitchell
5970,Harry Alexander,4,/profiles/5970/harry-alexander
5663,Paul Whitelaw,13,/profiles/5663/paul-whitelaw
5662,Dennis Smith,13,/profiles/5662/dennis-smith
5660,Jack Newman,13,/profiles/5660/jack-newman
5661,Doug Freeman,13,/profiles/5661/doug-freeman
5664,Jack Dunning,13,/profiles/5664/jack-dunning
5114,Cyril Walters,9,/profiles/5114/cyril-walters
6118,Cyril Merry,10,/profiles/6118/cyril-merry
6117,Manny Martindale,10,/profiles/6117/manny-martindale
5115,James Langridge,9,/profiles/5115/james-langridge
6120,Archie Wiles,10,/profiles/6120/archie-wiles
6119,Vincent Valentine,10,/profiles/6119/vincent-valentine
5116,Charlie Barnett,9,/profiles/5116/charlie-barnett
5117,Charles Marriott,9,/profiles/5117/charles-marriott
6121,Ben Sealey,10,/profiles/6121/ben-sealey
5514,Laxmidas Jai,2,/profiles/5514/laxmidas-jai
5517,Ladha Ramji,2,/profiles/5517/ladha-ramji
5515,Rustomji Jamshedji,2,/profiles/5515/rustomji-jamshedji
5118,Arthur Mitchell,9,/profiles/5118/arthur-mitchell
5119,Bryan Valentine,9,/profiles/5119/bryan-valentine
5518,Dilawar Hussain,2,/profiles/5518/dilawar-hussain
5519,Morappakam Gopalan,2,/profiles/5519/morappakam-gopalan
5120,Hopper Levett,9,/profiles/5120/hopper-levett
5522,Yuvraj of Patiala,2,/profiles/5522/yuvraj-of-patiala
5121,Ken Farnes,9,/profiles/5121/ken-farnes
5971,Bill Brown,4,/profiles/5971/bill-brown
5972,Arthur Chipperfield,4,/profiles/5972/arthur-chipperfield
5122,Len Hopwood,9,/profiles/5122/len-hopwood
5123,Walter Keeton,9,/profiles/5123/walter-keeton
5973,Hans Ebeling,4,/profiles/5973/hans-ebeling
6122,George Carew,10,/profiles/6122/george-carew
6124,Rolph Grant,10,/profiles/6124/rolph-grant
6125,Leslie Hylton,10,/profiles/6125/leslie-hylton
6123,Cyril Christiani,10,/profiles/6123/cyril-christiani
5128,Jim Smith,9,/profiles/5128/jim-smith
5126,Jack Iddon,9,/profiles/5126/jack-iddon
5125,Errol Holmes,9,/profiles/5125/errol-holmes
5127,George Paine,9,/profiles/5127/george-paine
5124,Eric Hollies,9,/profiles/5124/eric-hollies
5129,David Townsend,9,/profiles/5129/david-townsend
6127,Ken Wishart,10,/profiles/6127/ken-wishart
6126,James Neblett,10,/profiles/6126/james-neblett
6129,George Mudie,10,/profiles/6129/george-mudie
6128,Dickie Fuller,10,/profiles/6128/dickie-fuller
5130,Mandy Mitchell-Innes,9,/profiles/5130/mandy-mitchell-innes
4488,Herby Wade,11,/profiles/4488/herby-wade
4487,Denis Tomlinson,11,/profiles/4487/denis-tomlinson
4484,Chud Langton,11,/profiles/4484/chud-langton
4483,Bob Crisp,11,/profiles/4483/bob-crisp
5134,Denis Smith,9,/profiles/5134/denis-smith
5131,Wilf Barber,9,/profiles/5131/wilf-barber
5132,Joe Hardstaff,9,/profiles/5132/joe-hardstaff
5133,Jim Sims,9,/profiles/5133/jim-sims
5135,Johnnie Clay,9,/profiles/5135/johnnie-clay
5136,Hopper Read,9,/profiles/5136/hopper-read
4489,Nipper Nicholson,11,/profiles/4489/nipper-nicholson
4490,Jack Robertson,11,/profiles/4490/jack-robertson
5975,Ernie McCormick,4,/profiles/5975/ernie-mccormick
5974,Chuck Fleetwood-Smith,4,/profiles/5974/chuck-fleetwood-smith
4492,Dooley Briscoe,11,/profiles/4492/dooley-briscoe
4491,Ernest Bock,11,/profiles/4491/ernest-bock
4494,Robert Harvey,11,/profiles/4494/robert-harvey
4493,Eric Davies,11,/profiles/4493/eric-davies
5137,Harold Gimblett,9,/profiles/5137/harold-gimblett
5523,Dattaram Hindlekar,2,/profiles/5523/dattaram-hindlekar
5524,Maharajah of Vizianagram,2,/profiles/5524/maharajah-of-vizianagram
5138,Arthur Fagg,9,/profiles/5138/arthur-fagg
5139,Laurie Fishlock,9,/profiles/5139/laurie-fishlock
5140,Alf Gover,9,/profiles/5140/alf-gover
6837,Cotar Ramaswami,2,/profiles/6837/cotar-ramaswami
5525,Khershed Meherhomji,2,/profiles/5525/khershed-meherhomji
5526,Baqa Jilani,2,/profiles/5526/baqa-jilani
5976,Jack Badcock,4,/profiles/5976/jack-badcock
5977,Ray Robinson,4,/profiles/5977/ray-robinson
5978,Morris Sievers,4,/profiles/5978/morris-sievers
5979,Frank Ward,4,/profiles/5979/frank-ward
5980,Ross Gregory,4,/profiles/5980/ross-gregory
5142,Jim Parks,9,/profiles/5142/jim-parks
5667,Walter Hadlee,13,/profiles/5667/walter-hadlee
5666,Martin Donnelly,13,/profiles/5666/martin-donnelly
5668,Sonny Moloney,13,/profiles/5668/sonny-moloney
5669,Eric Tindill,13,/profiles/5669/eric-tindill
5665,Jack Cowie,13,/profiles/5665/jack-cowie
5143,Arthur Wellard,9,/profiles/5143/arthur-wellard
5671,Norman Gallichan,13,/profiles/5671/norman-gallichan
5145,Austin Matthews,9,/profiles/5145/austin-matthews
5148,Reg Sinfield,9,/profiles/5148/reg-sinfield
5149,Doug Wright,9,/profiles/5149/doug-wright
5981,Ben Barnett,4,/profiles/5981/ben-barnett
5152,Paul Gibb,9,/profiles/5152/paul-gibb
5160,Frank Smailes,9,/profiles/5160/frank-smailes
5984,Sid Barnes,4,/profiles/5984/sid-barnes
5983,Mervyn Waite,4,/profiles/5983/mervyn-waite
6794,Charlie Walker,4,/profiles/6794/charlie-walker
6795,Ted White,4,/profiles/6795/ted-white
5150,Fred Price,9,/profiles/5150/fred-price
5151,Arthur Wood,9,/profiles/5151/arthur-wood
4498,Pieter van der Bijl,11,/profiles/4498/pieter-van-der-bijl
4497,Alan Melville,11,/profiles/4497/alan-melville
4496,Norman Gordon,11,/profiles/4496/norman-gordon
4499,Billy Wade,11,/profiles/4499/billy-wade
4495,Gerald Bond,11,/profiles/4495/gerald-bond
5154,Norman Yardley,9,/profiles/5154/norman-yardley
5153,Len Wilkinson,9,/profiles/5153/len-wilkinson
4500,Ronnie Grieveson,11,/profiles/4500/ronnie-grieveson
5155,Reg Perks,9,/profiles/5155/reg-perks
5156,Bill Copson,9,/profiles/5156/bill-copson
6133,Bam Bam Weekes,10,/profiles/6133/bam-bam-weekes
6130,John Cameron,10,/profiles/6130/john-cameron
6131,Bertie Clarke,10,/profiles/6131/bertie-clarke
6135,Foffie Williams,10,/profiles/6135/foffie-williams
5157,Buddy Oldfield,9,/profiles/5157/buddy-oldfield
6137,Vic Stollmeyer,10,/profiles/6137/vic-stollmeyer
6136,Tyrell Johnson,10,/profiles/6136/tyrell-johnson
5672,Mac Anderson,13,/profiles/5672/mac-anderson
5676,Gordon Rowe,13,/profiles/5676/gordon-rowe
5674,Len Butterfield,13,/profiles/5674/len-butterfield
5675,Don McRae,13,/profiles/5675/don-mcrae
5673,Ces Burke,13,/profiles/5673/ces-burke
5659,Don Cleverley,13,/profiles/5659/don-cleverley
5988,Ken Meuleman,4,/profiles/5988/ken-meuleman
5987,Colin McCool,4,/profiles/5987/colin-mccool
5991,Ernie Toshack,4,/profiles/5991/ernie-toshack
5161,Dick Pollard,9,/profiles/5161/dick-pollard
5163,Peter Smith,9,/profiles/5163/peter-smith
5993,George Tribe,4,/profiles/5993/george-tribe
5994,Fred Freer,4,/profiles/5994/fred-freer
5995,Bruce Dooland,4,/profiles/5995/bruce-dooland
13223,Towhid Hridoy,6,
5996,Merv Harvey,4,/profiles/5996/merv-harvey
5997,Ron Hamence,4,/profiles/5997/ron-hamence
5679,Roy Scott,13,/profiles/5679/roy-scott
5681,Colin Snedden,13,/profiles/5681/colin-snedden
5165,Tom Dollery,9,/profiles/5165/tom-dollery
5164,Sam Cook,9,/profiles/5164/sam-cook
5166,Jack Martin,9,/profiles/5166/jack-martin
4501,Ossie Dawson,11,/profiles/4501/ossie-dawson
4502,Tony Harris,11,/profiles/4502/tony-harris
4507,Lindsay Tuckett,11,/profiles/4507/lindsay-tuckett
4503,Johnny Lindsay,11,/profiles/4503/johnny-lindsay
5167,George Pope,9,/profiles/5167/george-pope
5168,Ken Cranston,9,/profiles/5168/ken-cranston
5169,Cliff Gladwin,9,/profiles/5169/cliff-gladwin
4508,Dennis Dyer,11,/profiles/4508/dennis-dyer
4509,Jack Plimsoll,11,/profiles/4509/jack-plimsoll
5171,Jack Young,9,/profiles/5171/jack-young
5170,Harold Butler,9,/profiles/5170/harold-butler
5172,Dick Howorth,9,/profiles/5172/dick-howorth
5538,Khandu Rangnekar,2,/profiles/5538/khandu-rangnekar
5536,Jenni Irani,2,/profiles/5536/jenni-irani
5541,Kanwar Rai Singh,2,/profiles/5541/kanwar-rai-singh
5543,Commandur Rangachari,2,/profiles/5543/commandur-rangachari
6001,Sam Loxton,4,/profiles/6001/sam-loxton
6000,Len Johnson,4,/profiles/6000/len-johnson
6140,Berkeley Gaskin,10,/profiles/6140/berkeley-gaskin
5176,Winston Place,9,/profiles/5176/winston-place
5174,Dennis Brookes,9,/profiles/5174/dennis-brookes
5177,Gerald Smithson,9,/profiles/5177/gerald-smithson
5178,Maurice Tremlett,9,/profiles/5178/maurice-tremlett
6145,Andy Ganteaume,10,/profiles/6145/andy-ganteaume
5179,Billy Griffith,9,/profiles/5179/billy-griffith
6147,Lance Pierre,10,/profiles/6147/lance-pierre
6149,Hines Johnson,10,/profiles/6149/hines-johnson
5181,Alec Coxon,9,/profiles/5181/alec-coxon
5183,George Emmett,9,/profiles/5183/george-emmett
5182,Jack Crapp,9,/profiles/5182/jack-crapp
6003,Ron Saggers,4,/profiles/6003/ron-saggers
5184,John Dewes,9,/profiles/5184/john-dewes
5544,KC Ibrahim,2,/profiles/5544/kc-ibrahim
5545,Keki Tarapore,2,/profiles/5545/keki-tarapore
6153,Jimmy Cameron,10,/profiles/6153/jimmy-cameron
5547,Mantu Banerjee,2,/profiles/5547/mantu-banerjee
5550,Madhusudan Rege,2,/profiles/5550/madhusudan-rege
5551,Shute Banerjee,2,/profiles/5551/shute-banerjee
4513,Owen Wynne,11,/profiles/4513/owen-wynne
4511,Denis Begbie,11,/profiles/4511/denis-begbie
5187,George Mann,9,/profiles/5187/george-mann
4514,Martin Hanley,11,/profiles/4514/martin-hanley
4515,Fish Markham,11,/profiles/4515/fish-markham
5190,Alan Wharton,9,/profiles/5190/alan-wharton
5688,Fen Cresswell,13,/profiles/5688/fen-cresswell
4520,Ronald Draper,11,/profiles/4520/ronald-draper
5194,Hubert Doggart,9,/profiles/5194/hubert-doggart
5193,Bob Berry,9,/profiles/5193/bob-berry
6006,Jack Iverson,4,/profiles/6006/jack-iverson
5201,John Warr,9,/profiles/5201/john-warr
5923,Sid Emery,4,/profiles/5923/sid-emery
5924,Claude Jennings,4,/profiles/5924/claude-jennings
5922,Barlow Carkeek,4,/profiles/5922/barlow-carkeek
5025,Harry Dean,9,/profiles/5025/harry-dean
5925,Dave Smith,4,/profiles/5925/dave-smith
13216,Tanush Kotian,2,
12793,Oliver Robinson,9,
6537,Jade Dernbach,9,
592,Praveen Kumar,2,/profiles/592/praveen-kumar
7672,Scott Elstone,9,
9787,Bryan Charles,10,
5921,John McLaren,4,/profiles/5921/john-mclaren
7736,Andre Russell,10,/profiles/7736/andre-russell
7924,Mohammad Salman,3,/profiles/7924/mohammad-salman
6272,Hammad Azam,3,
